gid,role,role_score,cluster_id,priority_score,evidence,rank,role_secondary,flags,depth,is_seed,in_deg,out_deg,in_kzt,out_kzt,in_tx,out_tx,pass_through,truncated,p_forward,seed_payers,seed_upstream,seed_kzt_in,seed_share,key_links,pagerank,betweenness,fast_in_share,lag_median_days,sync_payers_max,n_return_cycles,repeated_routes,split_days,anomaly,c_role,c_seed,c_volume,c_network,c_patterns
100000008603629100,coordinator,0.936,1,1.0,"Хаб: 19 плательщиков → 61 получатель; вход 1.8 млн ₸, выход 5 млн ₸; связан с 19 ключевыми узлами; возвратных циклов: 96",1,distributor,быстрый_транзит;синхронный_сбор;возвратные_циклы;повторяющиеся_маршруты;аномалия_колена;дробление,2,False,19,61,1817300.0,4986156.0,45,74,2.743717,False,1.0,0,4,33165.435136,0.006652,19,0.001192,0.005761,1.0,0.0,4,96,35,3,True,0.936,0.3921,0.8687,0.9809,1.0
100000003115284100,consolidator,0.813,1,0.9972,Сбор от 8 плательщиков (seed: 2): 2.2 млн ₸; дальше ушло 24% (2 получ.); к узлу ведут цепочки переводов от 9 seed,2,,синхронный_сбор;всплеск_активности;возвратные_циклы;повторяющиеся_маршруты;аномалия_колена,1,False,8,2,2160500.0,517000.0,15,4,0.239296,False,1.0,2,9,849633.552163,0.393258,7,0.001529,0.000128,0.224022,1.0,7,2,2,0,True,0.7317,0.8613,0.7108,0.9586,1.0
100000000331309100,coordinator,0.833,4,0.9879,"Хаб: 5 плательщиков → 99 получателей; вход 985 тыс ₸, выход 23 млн ₸; связан с 11 ключевыми узлами; возвратных циклов: 1",3,distributor,быстрый_транзит;синхронный_сбор;возвратные_циклы;повторяющиеся_маршруты;аномалия_колена;дробление,2,False,5,99,984635.0,23001375.0,8,126,23.360306,False,1.0,0,4,27494.970577,0.001195,11,0.000876,0.004557,1.0,0.0,3,1,4,11,True,0.833,0.3744,1.0,0.9684,1.0
100000000437046100,coordinator,0.831,10,0.9798,"Хаб: 9 плательщиков → 42 получателя; вход 1.1 млн ₸, выход 7.6 млн ₸; связан с 15 ключевыми узлами; возвратных циклов: 45",4,distributor,быстрый_транзит;синхронный_сбор;возвратные_циклы;повторяющиеся_маршруты;аномалия_колена;дробление,2,False,9,42,1107200.0,7606224.0,20,73,6.869783,False,1.0,0,4,36889.886717,0.00485,15,0.000792,0.002197,0.838503,0.0,3,45,22,6,True,0.831,0.4021,0.9484,0.9595,1.0
100000003684369100,coordinator,0.961,5,0.9493,"Хаб: 24 плательщика (seed: 1) → 62 получателя; вход 3.8 млн ₸, выход 8.6 млн ₸; связан с 16 ключевыми узлами; возвратных циклов: 1",5,distributor,быстрый_транзит;синхронный_сбор;возвратные_циклы;повторяющиеся_маршруты;аномалия_колена;дробление;seed,0,True,24,62,3848436.0,8588655.0,58,67,2.231726,False,1.0,1,6,500392.2516,1.0,16,0.00202,0.002303,0.971762,0.0,6,1,143,3,True,0.961,0.7298,0.9713,0.99,1.0
100000008477350100,coordinator,0.847,1,0.9396,"Хаб: 11 плательщиков → 39 получателей; вход 610 тыс ₸, выход 3.4 млн ₸; связан с 14 ключевыми узлами; возвратных циклов: 46",6,distributor,быстрый_транзит;возвратные_циклы;повторяющиеся_маршруты;аномалия_колена,2,False,11,39,610100.0,3374866.0,14,44,5.53166,False,1.0,0,3,40938.536029,0.01213,14,0.001034,0.002517,0.723652,0.0,2,46,2,2,True,0.847,0.3541,0.795,0.9735,1.0
100000008165763100,coordinator,0.819,1,0.9054,"Хаб: 15 плательщиков (seed: 1) → 17 получателей; вход 1.2 млн ₸, выход 1.3 млн ₸; связан с 13 ключевыми узлами",7,consolidator;transit,синхронный_сбор;повторяющиеся_маршруты;аномалия_колена,1,False,15,17,1165815.0,1267858.0,26,17,1.087529,False,1.0,1,6,188882.234844,0.148977,13,0.00091,0.000345,0.541141,0.0,4,0,4,0,True,0.819,0.6378,0.6102,0.9584,0.75
100000004400305100,coordinator,0.854,1,0.8911,"Хаб: 7 плательщиков → 82 получателя; вход 223 тыс ₸, выход 5.8 млн ₸; связан с 24 ключевыми узлами; возвратных циклов: 34",8,distributor,быстрый_транзит;возвратные_циклы;повторяющиеся_маршруты;аномалия_колена,2,False,7,82,222800.0,5830181.0,9,101,26.167778,False,1.0,0,2,4934.913454,0.000846,24,0.000386,0.002609,1.0,0.0,2,34,1,1,True,0.854,0.1395,0.8982,0.8396,1.0
100000002224132100,consolidator,0.637,21,0.8897,"Сбор от 5 плательщиков: 4 млн ₸; отдал 12.1 млн ₸ 4 получ. — больше, чем получил в выборке",9,,возвратные_циклы;повторяющиеся_маршруты;аномалия_колена;дробление,2,False,5,4,3951020.0,12115000.0,10,25,3.066297,False,1.0,0,2,181058.730122,0.014945,0,0.005996,6e-06,0.360313,0.0,2,7,1,4,True,0.5733,0.4128,1.0,0.893,1.0
100000004299488100,consolidator,0.727,1,0.8817,Сбор от 6 плательщиков (seed: 1): 1.7 млн ₸; дальше ушло 20% (2 получ.); к узлу ведут цепочки переводов от 3 seed,10,,синхронный_сбор;возвратные_циклы;повторяющиеся_маршруты;аномалия_колена;дробление,1,False,6,2,1749000.0,344999.0,22,14,0.197255,False,1.0,1,3,416800.090608,0.238308,6,0.001462,2.1e-05,0.040023,4.0,3,1,3,5,True,0.6543,0.5731,0.6709,0.9119,1.0
100000007055802100,consolidator,0.74,1,0.8741,Сбор от 6 плательщиков (seed: 1): 2 млн ₸; дальше ушло 30% (1 получ.); к узлу ведут цепочки переводов от 3 seed,11,,синхронный_сбор;возвратные_циклы;повторяющиеся_маршруты;аномалия_колена,1,False,6,1,2024999.0,605000.0,34,7,0.298766,False,1.0,1,3,254676.855176,0.125766,6,0.001182,4e-06,0.144198,1.0,4,1,4,0,True,0.666,0.5266,0.6986,0.8717,1.0
100000004015047100,consolidator,0.882,8,0.8705,Сбор от 9 плательщиков (seed: 3): 919 тыс ₸; дальше ушло 8% (1 получ.); к узлу ведут цепочки переводов от 8 seed,12,terminal,возвратные_циклы;аномалия_колена,1,False,9,1,919104.0,69195.0,18,7,0.075285,False,1.0,3,8,585259.71125,0.636772,2,0.002279,2.3e-05,0.037027,0.0,2,1,0,2,True,0.7938,0.8024,0.5495,0.927,0.5
100000008547948100,coordinator,0.744,2,0.8686,"Хаб: 6 плательщиков → 26 получателей; вход 213 тыс ₸, выход 5.2 млн ₸; связан с 9 ключевыми узлами; возвратных циклов: 3",13,distributor,быстрый_транзит;синхронный_сбор;возвратные_циклы;повторяющиеся_маршруты;дробление,2,False,6,26,212665.0,5185600.0,7,31,24.38389,False,1.0,0,3,5829.971974,0.001124,9,0.000428,0.001132,1.0,0.0,4,3,2,3,False,0.744,0.2211,0.8761,0.8556,1.0
100000004156082100,distributor,0.786,3,0.8521,"Веер: 26 получателей при 5 плательщиках; разослал 2.3 млн ₸, в среднем 80 тыс ₸ за перевод",14,,быстрый_транзит;всплеск_активности;возвратные_циклы;повторяющиеся_маршруты;аномалия_колена,1,False,5,26,377366.11,2319556.0,7,29,6.146699,False,1.0,1,4,64298.816485,0.02772,2,0.000867,0.00204,1.0,0.0,2,6,10,2,True,0.5895,0.4546,0.7242,0.9646,1.0
100000006866783100,coordinator,0.903,1,0.82,"Хаб: 13 плательщиков → 67 получателей; вход 839 тыс ₸, выход 3.9 млн ₸; связан с 18 ключевыми узлами; возвратных циклов: 85",15,distributor,быстрый_транзит;синхронный_сбор;возвратные_циклы;повторяющиеся_маршруты;дробление;seed,0,True,13,67,838812.0,3948037.0,31,90,4.706701,False,1.0,0,3,38421.925245,1.0,18,0.00087,0.006045,1.0,0.0,5,85,52,6,False,0.903,0.3481,0.8246,0.9689,1.0
100000006889963100,consolidator,0.721,10,0.8184,Сбор от 4 плательщиков (seed: 2): 1.4 млн ₸; дальше ушло 31% (1 получ.); к узлу ведут цепочки переводов от 9 seed,16,,синхронный_сбор;всплеск_активности;повторяющиеся_маршруты,1,False,4,1,1431000.0,443475.8,6,3,0.309906,False,1.0,2,9,533172.205405,0.372587,4,0.000427,2.5e-05,0.309906,1.0,4,0,1,1,False,0.6489,0.8174,0.6331,0.7972,0.5
100000003016635100,distributor,0.937,3,0.8136,"Веер: 73 получателя при 8 плательщиках; разослал 9.4 млн ₸, в среднем 62 тыс ₸ за перевод; вход занижен (seed)",17,,быстрый_транзит;синхронный_сбор;возвратные_циклы;повторяющиеся_маршруты;аномалия_колена;дробление;seed,0,True,8,73,586981.0,9414081.0,36,151,16.038136,False,1.0,0,3,106066.212562,1.0,2,0.00119,0.007215,1.0,0.0,3,12,67,15,True,0.7028,0.4439,0.9886,0.9811,1.0
100000008346837100,coordinator,0.741,13,0.8104,"Хаб: 9 плательщиков → 25 получателей; вход 254 тыс ₸, выход 1.3 млн ₸; связан с 6 ключевыми узлами; возвратных циклов: 20",18,distributor,быстрый_транзит;синхронный_сбор;возвратные_циклы,2,False,9,25,254359.0,1258643.0,12,26,4.948294,False,1.0,0,6,13600.731826,0.010806,6,0.000547,0.008981,0.800247,1.0,4,20,0,0,False,0.741,0.3896,0.6088,0.9213,0.75
100000002578405100,distributor,0.997,19,0.8031,"Веер: 116 получателей при 2 плательщиках; разослал 3.1 млн ₸, в среднем 26 тыс ₸ за перевод",19,,быстрый_транзит;возвратные_циклы;повторяющиеся_маршруты;аномалия_колена,2,False,2,116,1200351.0,3108352.0,7,120,2.589536,False,1.0,0,1,2065.523782,0.000665,1,0.00057,0.000171,1.0,0.0,1,2,1,1,True,0.7478,0.0,0.7795,0.9097,1.0
100000002398779100,consolidator,0.809,1,0.8018,Сбор от 13 плательщиков: 1.1 млн ₸; дальше ушло 6% (1 получ.); к узлу ведут цепочки переводов от 5 seed,20,terminal,синхронный_сбор;всплеск_активности;повторяющиеся_маршруты;аномалия_колена,2,False,13,1,1095690.0,66000.0,28,3,0.060236,False,1.0,0,5,30411.366425,0.027755,7,0.001601,1.3e-05,0.049284,2.0,7,0,3,0,True,0.7281,0.4288,0.5827,0.8823,0.75
100000008748914100,distributor,0.703,5,0.7992,"Веер: 13 получателей при 2 плательщиках; разослал 4.5 млн ₸, в среднем 213 тыс ₸ за перевод",21,,быстрый_транзит;возвратные_циклы;повторяющиеся_маршруты;аномалия_колена;дробление,1,False,2,13,180000.0,4471847.0,9,21,24.843594,False,1.0,1,1,96840.7298,0.021656,6,0.000791,0.000641,1.0,1.0,1,1,4,3,True,0.5272,0.2143,0.8481,0.9515,1.0
100000008489922100,distributor,0.85,2,0.7838,"Веер: 36 получателей при 3 плательщиках; разослал 3.8 млн ₸, в среднем 92 тыс ₸ за перевод",22,,быстрый_транзит;возвратные_циклы;аномалия_колена,3,False,3,36,262010.0,3789900.0,5,41,14.464715,False,1.0,0,3,2510.31405,0.000662,9,0.000586,0.000872,0.889279,1.0,2,1,0,1,True,0.6375,0.2211,0.8169,0.9286,0.75
100000001857829100,coordinator,0.648,9,0.7687,"Хаб: 6 плательщиков → 16 получателей; вход 889 тыс ₸, выход 2.4 млн ₸; связан с 5 ключевыми узлами; возвратных циклов: 5",23,distributor,быстрый_транзит;синхронный_сбор;возвратные_циклы,2,False,6,16,888535.0,2390993.0,9,16,2.690938,False,1.0,0,3,3995.891443,0.001671,5,0.00062,0.00196,0.989871,0.0,3,5,0,0,False,0.648,0.2211,0.7299,0.9397,0.75
100000005242320100,distributor,0.778,11,0.7646,"Веер: 21 получатель при 2 плательщиках; разослал 8.9 млн ₸, в среднем 308 тыс ₸ за перевод",24,,быстрый_транзит;аномалия_колена;дробление,2,False,2,21,365700.0,8936295.0,2,29,24.436136,False,1.0,0,2,2866.26597,0.000321,1,0.0005,3e-05,1.0,0.0,1,0,0,3,True,0.5835,0.1395,0.9788,0.8234,0.75
100000007594394100,consolidator,0.698,18,0.7646,"Сбор от 6 плательщиков: 395 тыс ₸; отдал 3.4 млн ₸ 1 получ. — больше, чем получил в выборке; к узлу ведут цепочки переводов от 4 seed",25,,быстрый_транзит;возвратные_циклы;дробление,2,False,6,1,395385.0,3376312.0,6,40,8.539302,False,1.0,0,4,7105.537376,0.002105,5,0.000406,3.6e-05,1.0,0.0,2,1,0,12,False,0.6282,0.2789,0.7951,0.7927,0.75
100000003701161100,consolidator,0.651,23,0.7605,Сбор от 4 плательщиков (seed: 1): 1.5 млн ₸; дальше ушло 23% (3 получ.); к узлу ведут цепочки переводов от 3 seed,26,,возвратные_циклы;повторяющиеся_маршруты,1,False,4,3,1527103.0,349000.0,13,7,0.228537,False,1.0,1,3,269263.338314,0.176323,1,0.001649,0.000213,0.022919,10.0,2,4,2,0,False,0.5859,0.5318,0.6453,0.9671,0.5
100000008637537100,consolidator,0.646,10,0.7602,"Сбор от 3 плательщиков (seed: 2): 620 тыс ₸; отдал 2.4 млн ₸ 3 получ. — больше, чем получил в выборке; к узлу ведут цепочки переводов от 4 seed",27,transit,быстрый_транзит;возвратные_циклы;повторяющиеся_маршруты;дробление;seed,0,True,3,3,619890.0,2351495.0,22,30,3.793407,False,1.0,2,4,614599.875265,1.0,1,0.000829,7.8e-05,0.881584,0.0,2,4,2,6,False,0.5814,0.6676,0.7268,0.927,1.0
100000005704413100,distributor,0.833,15,0.76,"Веер: 32 получателя при 3 плательщиках; разослал 1.4 млн ₸, в среднем 39 тыс ₸ за перевод",28,,быстрый_транзит;возвратные_циклы;повторяющиеся_маршруты;аномалия_колена,3,False,3,32,97834.67,1363593.0,4,35,13.937728,False,1.0,0,2,3218.862602,0.002361,4,0.0006,0.002563,1.0,0.0,2,2,8,1,True,0.6247,0.1395,0.6239,0.9384,1.0
100000005933757100,distributor,0.836,16,0.7581,"Веер: 34 получателя при 4 плательщиках; разослал 3 млн ₸, в среднем 65 тыс ₸ за перевод",29,,быстрый_транзит;возвратные_циклы;повторяющиеся_маршруты,2,False,4,34,1246000.0,3002628.0,6,46,2.409814,False,1.0,0,2,3319.924052,0.001106,3,0.000998,0.003893,1.0,1.0,2,2,2,2,False,0.627,0.1395,0.7729,0.9744,0.75
100000005910114100,distributor,0.752,1,0.7545,"Веер: 19 получателей при 3 плательщиках; разослал 1.5 млн ₸, в среднем 26 тыс ₸ за перевод",30,,быстрый_транзит;возвратные_циклы;аномалия_колена;дробление,3,False,3,19,326144.0,1469993.0,3,56,4.50719,False,1.0,0,4,2783.087262,0.001893,17,0.000362,0.005842,0.816081,0.0,1,25,0,13,True,0.564,0.2789,0.6381,0.8243,1.0
100000002957787100,distributor,0.836,1,0.747,"Веер: 34 получателя при 4 плательщиках; разослал 1.3 млн ₸, в среднем 31 тыс ₸ за перевод",31,,быстрый_транзит;всплеск_активности;возвратные_циклы;повторяющиеся_маршруты,2,False,4,34,84956.0,1276153.96,7,41,15.021352,False,1.0,0,4,999.028126,0.000783,6,0.000614,0.004277,1.0,0.0,2,1,13,1,False,0.627,0.2789,0.6114,0.9426,0.75
100000008304139100,distributor,0.781,20,0.7405,"Веер: 24 получателя при 4 плательщиках; разослал 1.7 млн ₸, в среднем 39 тыс ₸ за перевод",32,,быстрый_транзит;возвратные_циклы;аномалия_колена;дробление,1,False,4,24,189329.75,1692997.0,4,43,8.942055,False,1.0,1,2,23934.194804,0.014137,15,0.000314,0.00131,0.904394,1.0,1,14,0,4,True,0.5858,0.2218,0.6648,0.7442,1.0
100000005339662100,consolidator,0.642,3,0.7368,"Сбор от 4 плательщиков (seed: 1): 203 тыс ₸; отдал 295 тыс ₸ 4 получ. — больше, чем получил в выборке; к узлу ведут цепочки переводов от 3 seed",33,transit,быстрый_транзит;возвратные_циклы;повторяющиеся_маршруты;дробление,1,False,4,4,202939.0,295160.0,9,15,1.454427,False,1.0,1,3,56496.937286,0.191411,4,0.001657,0.00014,0.634058,0.0,2,3,1,3,False,0.5778,0.3845,0.3351,0.9622,1.0
100000005782781100,coordinator,0.662,18,0.7324,"Хаб: 6 плательщиков → 10 получателей; вход 172 тыс ₸, выход 1.3 млн ₸; связан с 8 ключевыми узлами; возвратных циклов: 6",34,consolidator,быстрый_транзит;синхронный_сбор;возвратные_циклы,2,False,6,10,171888.0,1263597.0,10,10,7.351281,False,1.0,0,3,3293.844452,0.002607,8,0.000488,0.000568,0.940659,0.0,3,6,0,0,False,0.662,0.2211,0.6096,0.8717,0.75
100000003242289100,distributor,0.782,14,0.732,"Веер: 23 получателя при 3 плательщиках; разослал 2.4 млн ₸, в среднем 91 тыс ₸ за перевод",35,,быстрый_транзит;возвратные_циклы;повторяющиеся_маршруты,2,False,3,23,550791.0,2377741.0,8,26,4.316957,False,1.0,0,3,5846.453593,0.002459,6,0.00044,0.001001,0.714629,2.0,2,12,4,1,False,0.5865,0.2211,0.7289,0.8614,0.75
100000004351795100,distributor,0.701,14,0.7178,"Веер: 14 получателей при 3 плательщиках; разослал 1.7 млн ₸, в среднем 46 тыс ₸ за перевод",36,,быстрый_транзит;возвратные_циклы;дробление,1,False,3,14,118333.0,1715161.0,3,37,14.494359,False,1.0,1,3,66872.005421,0.038989,8,0.000314,0.002429,1.0,2.0,1,22,0,3,False,0.5257,0.4004,0.6672,0.7471,0.75
100000002838861100,consolidator,0.755,6,0.7157,Сбор от 5 плательщиков (seed: 2): 555 тыс ₸; дальше ушло 2% (1 получ.); к узлу ведут цепочки переводов от 4 seed,37,terminal,возвратные_циклы,1,False,5,1,554523.95,10000.0,5,1,0.018033,False,1.0,2,4,403408.422153,0.727486,4,0.00212,1.9e-05,0.0,9.0,2,1,0,0,False,0.6795,0.6279,0.4541,0.909,0.25
100000004135268100,transit,0.844,29,0.7152,"Пропуск 81%: получил 1.2 млн ₸ от 2 плательщиков, отдал 1 млн ₸ 3 получ.; 69% ушло ≤2 дн. после поступления",38,,быстрый_транзит;возвратные_циклы;повторяющиеся_маршруты,1,False,2,3,1239000.0,1000200.0,3,4,0.807264,False,1.0,1,1,1210778.839089,0.977223,0,0.001741,1e-06,0.686037,0.0,1,3,1,0,False,0.4642,0.4526,0.6059,0.8683,0.75
100000003880331100,distributor,0.749,9,0.7114,"Веер: 16 получателей при 1 плательщике; разослал 3.9 млн ₸, в среднем 126 тыс ₸ за перевод",39,,быстрый_транзит;всплеск_активности;возвратные_циклы;аномалия_колена;дробление,3,False,1,16,100000.0,3904908.0,1,31,39.04908,False,1.0,0,1,167.122674,4.3e-05,5,0.000308,0.00066,1.0,0.0,1,3,0,5,True,0.5618,0.0,0.8225,0.7169,1.0
100000001697501100,distributor,0.858,12,0.7094,"Веер: 38 получателей при 3 плательщиках; разослал 1.5 млн ₸, в среднем 27 тыс ₸ за перевод",40,,быстрый_транзит;возвратные_циклы;аномалия_колена,1,False,3,38,123700.0,1482606.0,3,55,11.985497,False,1.0,1,1,25478.599475,0.017185,2,0.000592,0.000205,1.0,0.0,1,3,0,2,True,0.6435,0.0883,0.6397,0.9179,0.75
100000008748408100,distributor,0.787,8,0.7092,"Веер: 21 получатель при 1 плательщике; разослал 1.5 млн ₸, в среднем 68 тыс ₸ за перевод",41,,быстрый_транзит;всплеск_активности;повторяющиеся_маршруты;аномалия_колена,1,False,1,21,360000.0,1499960.0,2,22,4.166556,False,1.0,1,1,360000.0,0.240006,1,0.000334,7e-06,1.0,0.0,1,0,6,0,True,0.5903,0.3382,0.6419,0.6873,0.75
100000004071080100,consolidator,0.789,1,0.7077,Сбор от 9 плательщиков (seed: 1): 239 тыс ₸; дальше ушло 19% (2 получ.),42,,возвратные_циклы;повторяющиеся_маршруты;аномалия_колена,1,False,9,2,238600.0,46500.0,16,5,0.194887,False,1.0,1,2,71355.087018,0.299057,8,0.001369,2.8e-05,0.096396,3.0,2,1,2,0,True,0.7101,0.3249,0.295,0.9197,0.75
100000006274203100,terminal,0.904,18,0.7055,"Получил 3.4 млн ₸ от 2 плательщиков, дальше ушло лишь 2% (исходящие наблюдаемы); к узлу ведут цепочки переводов от 4 seed",43,,возвратные_циклы;аномалия_колена,3,False,2,3,3417512.0,72000.0,41,3,0.021068,False,1.0,0,4,7154.786292,0.002094,2,0.000632,3.7e-05,0.0,6.0,1,1,0,0,True,0.5424,0.2789,0.7974,0.8843,0.5
100000004070318100,distributor,0.742,1,0.7026,"Веер: 19 получателей при 4 плательщиках; разослал 552 тыс ₸, в среднем 15 тыс ₸ за перевод",44,,быстрый_транзит;возвратные_циклы;аномалия_колена;дробление,1,False,4,19,207246.55,551860.0,6,37,2.662819,False,1.0,1,2,65291.960614,0.118313,17,0.000314,0.002073,1.0,0.0,2,63,0,5,True,0.5565,0.3165,0.4532,0.7487,1.0
100000000661912100,consolidator,0.698,1,0.7021,Сбор от 5 плательщиков (seed: 1): 393 тыс ₸; дальше ушло 110% (2 получ.),45,transit,быстрый_транзит;возвратные_циклы;повторяющиеся_маршруты,1,False,5,2,393036.0,430700.0,9,8,1.095828,False,1.0,1,2,38024.065937,0.088284,4,0.001749,0.001334,0.671888,0.0,2,1,1,1,False,0.6282,0.2655,0.4064,0.9831,0.75
100000002718366100,consolidator,0.716,2,0.6985,Сбор от 6 плательщиков: 2.5 млн ₸; дальше не ушло ничего; к узлу ведут цепочки переводов от 5 seed,46,terminal,синхронный_сбор;аномалия_колена,2,False,6,0,2525000.0,0.0,10,0,0.0,False,0.0,0,5,50632.400235,0.020052,5,0.000681,0.0,0.0,,3,0,0,0,True,0.6444,0.4769,0.7402,0.4537,0.5
100000008710791100,distributor,0.782,2,0.6897,"Веер: 23 получателя при 3 плательщиках; разослал 5.5 млн ₸, в среднем 221 тыс ₸ за перевод",47,,быстрый_транзит,2,False,3,23,181510.0,5521511.0,3,25,30.419872,False,1.0,0,5,6961.199086,0.001261,6,0.000334,0.000315,0.933888,0.0,1,0,0,0,False,0.5865,0.3238,0.8879,0.7778,0.25
100000002894076100,consolidator,0.746,6,0.6854,Сбор от 4 плательщиков (seed: 2): 1.1 млн ₸; дальше не ушло ничего; к узлу ведут цепочки переводов от 7 seed,48,terminal,синхронный_сбор,1,False,4,0,1122782.0,0.0,6,0,0.0,False,0.0,2,7,822302.200838,0.732379,4,0.000383,0.0,0.0,,3,0,0,0,False,0.6714,0.8077,0.5873,0.3401,0.25
100000000343175100,coordinator,0.76,7,0.6829,"Хаб: 8 плательщиков (seed: 1) → 31 получатель; вход 179 тыс ₸, выход 4 млн ₸; связан с 7 ключевыми узлами",49,distributor,быстрый_транзит;seed,0,True,8,31,178712.0,4000039.0,14,33,22.382599,False,1.0,1,4,74168.063659,1.0,7,0.000713,0.001095,0.969224,0.0,2,0,0,1,False,0.76,0.468,0.8271,0.9491,0.25
100000008730846100,consolidator,0.699,1,0.6802,"Сбор от 7 плательщиков: 155 тыс ₸; отдал 363 тыс ₸ 3 получ. — больше, чем получил в выборке; к узлу ведут цепочки переводов от 4 seed",50,,быстрый_транзит;синхронный_сбор;всплеск_активности;повторяющиеся_маршруты,2,False,7,3,155042.0,363370.0,11,4,2.343688,False,1.0,0,4,1832.157423,0.005042,4,0.000536,0.000141,1.0,0.0,4,0,3,1,False,0.6291,0.2789,0.3743,0.885,0.75
100000002527114100,distributor,0.995,12,0.6782,"Веер: 111 получателей при 3 плательщиках; разослал 3.3 млн ₸, в среднем 29 тыс ₸ за перевод; вход занижен (seed)",51,,быстрый_транзит;возвратные_циклы;аномалия_колена;seed,0,True,3,111,129000.0,3289249.0,4,113,25.498054,False,1.0,0,0,40546.650933,1.0,1,0.000811,0.000193,1.0,0.0,1,3,0,1,True,0.7462,0.1321,0.7901,0.9433,0.75
100000001732159100,transit,0.743,10,0.6764,"Признаки передачи средств seed: вход неполон; переправил 1.5 млн ₸ 4 получ., 31% — одному",52,,возвратные_циклы;повторяющиеся_маршруты;дробление;seed,0,True,2,4,2378100.0,1505966.0,30,23,0.633264,False,1.0,2,3,2378100.0,1.0,2,0.001095,2e-05,0.012615,10.0,2,4,1,5,False,0.4086,0.7211,0.7289,0.9028,0.75
100000000706545100,terminal,0.897,3,0.6757,"Получил 1.1 млн ₸ от 3 плательщиков (seed: 1), дальше ушло лишь 7% (исходящие наблюдаемы)",53,,возвратные_циклы,1,False,3,1,1070300.0,75800.0,8,3,0.070821,False,1.0,1,2,730574.930742,0.682589,1,0.003227,2e-05,0.0,20.0,1,1,0,1,False,0.5382,0.5444,0.5782,0.9157,0.25
100000001330685100,terminal,0.934,4,0.6754,"Получил 2.4 млн ₸ от 3 плательщиков (seed: 1), дальше ушло лишь 4% (исходящие наблюдаемы); к узлу ведут цепочки переводов от 3 seed",54,,аномалия_колена,1,False,3,1,2435923.0,100500.0,7,1,0.041257,False,1.0,1,3,135739.358021,0.055724,3,0.000438,1.9e-05,0.0,,2,0,0,0,True,0.5604,0.4672,0.7335,0.7658,0.25
100000005660203100,terminal,0.773,3,0.6725,"Получил 573 тыс ₸ от 1 плательщика, дальше ушло лишь 7% (исходящие наблюдаемы); к узлу ведут цепочки переводов от 3 seed",55,,возвратные_циклы;повторяющиеся_маршруты,2,False,1,2,572899.0,41000.0,12,5,0.071566,False,1.0,0,3,522586.01561,0.912178,0,0.000949,1.9e-05,0.0,18.0,1,1,1,1,False,0.4638,0.5944,0.4603,0.8879,0.5
100000007629096100,consolidator,0.638,20,0.6717,Сбор от 4 плательщиков: 1.1 млн ₸; дальше ушло 71% (1 получ.); к узлу ведут цепочки переводов от 3 seed,56,,возвратные_циклы;повторяющиеся_маршруты,2,False,4,1,1075170.0,765205.0,5,5,0.711706,False,1.0,0,3,23851.443539,0.022184,2,0.002472,1.5e-05,0.330338,11.0,2,1,1,1,False,0.5742,0.3031,0.5791,0.8923,0.5
100000004759121100,consolidator,0.727,10,0.6705,Сбор от 6 плательщиков (seed: 1): 710 тыс ₸; дальше ушло 44% (2 получ.); к узлу ведут цепочки переводов от 3 seed,57,,возвратные_циклы,1,False,6,2,710000.0,312000.0,10,6,0.439437,False,1.0,1,3,68622.406804,0.096651,5,0.001415,7.7e-05,0.147887,1.0,1,1,0,0,False,0.6543,0.4028,0.5008,0.9468,0.25
100000006518161100,transit,0.775,3,0.6672,"Пропуск 100%: получил 594 тыс ₸ от 3 плательщиков, отдал 596 тыс ₸ 2 получ.",58,,возвратные_циклы;повторяющиеся_маршруты,1,False,3,2,594200.0,595899.0,13,13,1.002859,False,1.0,1,3,543566.115696,0.912178,2,0.000811,5.8e-05,0.103161,8.0,2,1,2,1,False,0.4263,0.5981,0.4677,0.9188,0.5
100000003404627100,consolidator,0.705,10,0.6641,Сбор от 4 плательщиков (seed: 1): 878 тыс ₸; дальше не ушло ничего; к узлу ведут цепочки переводов от 5 seed,59,terminal,синхронный_сбор,1,False,4,0,877700.0,0.0,5,0,0.0,False,0.0,1,5,614284.213462,0.699879,0,0.001379,0.0,0.0,,3,0,0,0,False,0.6345,0.7124,0.5408,0.4853,0.25
100000005382566100,consolidator,0.846,7,0.6639,Сбор от 7 плательщиков (seed: 6): 393 тыс ₸; дальше ушло 13% (1 получ.); к узлу ведут цепочки переводов от 11 seed,60,,возвратные_циклы;seed,0,True,7,1,393066.0,50000.0,11,1,0.127205,False,1.0,6,11,339962.369934,1.0,0,0.002113,4.6e-05,0.0,8.0,2,1,0,0,False,0.7614,0.8153,0.3892,0.9437,0.25
100000008547844100,distributor,0.752,2,0.6609,"Веер: 19 получателей при 3 плательщиках; разослал 2 млн ₸, в среднем 97 тыс ₸ за перевод",61,,быстрый_транзит;возвратные_циклы,2,False,3,19,177600.0,2042199.0,3,21,11.498868,False,1.0,0,3,1065.817435,0.000522,7,0.000344,0.001788,1.0,1.0,1,2,0,1,False,0.564,0.2211,0.7002,0.8012,0.5
100000008465789100,distributor,0.749,2,0.6598,"Веер: 16 получателей при 1 плательщике; разослал 1.9 млн ₸, в среднем 109 тыс ₸ за перевод",62,,быстрый_транзит;всплеск_активности;возвратные_циклы;аномалия_колена,3,False,1,16,30099.0,1858100.0,1,17,61.732948,False,1.0,0,3,15.708576,8e-06,6,0.00029,0.000845,1.0,0.0,1,1,0,0,True,0.5618,0.2211,0.6823,0.5734,0.75
100000004892144100,terminal,0.9,21,0.6571,"Получил 4.5 млн ₸ от 2 плательщиков, дальше ушло лишь 4% (исходящие наблюдаемы)",63,,возвратные_циклы;аномалия_колена,3,False,2,1,4500000.0,180300.0,7,1,0.040067,False,1.0,0,2,67252.520475,0.014945,1,0.002783,0.0,0.0,10.0,2,3,0,0,True,0.54,0.3193,0.8493,0.498,0.5
100000008517538100,distributor,0.734,2,0.6484,"Веер: 17 получателей при 3 плательщиках; разослал 1.4 млн ₸, в среднем 80 тыс ₸ за перевод",64,,быстрый_транзит;повторяющиеся_маршруты;аномалия_колена,3,False,3,17,155500.0,1439000.0,6,18,9.254019,False,1.0,0,2,211.687844,0.000147,8,0.000307,0.000246,0.993569,2.0,1,0,3,0,True,0.5505,0.1395,0.6341,0.7055,0.75
100000004160650100,distributor,0.66,24,0.6448,"Веер: 10 получателей при 2 плательщиках; разослал 1.5 млн ₸, в среднем 37 тыс ₸ за перевод",65,,быстрый_транзит;возвратные_циклы;повторяющиеся_маршруты;дробление,2,False,2,10,75100.0,1489827.0,4,40,19.837909,False,1.0,0,1,3511.603097,0.002357,1,0.000369,5e-06,1.0,0.0,1,10,4,8,False,0.495,0.0,0.6407,0.7242,1.0
100000003796063100,distributor,0.739,1,0.6412,"Веер: 15 получателей при 1 плательщике; разослал 959 тыс ₸, в среднем 42 тыс ₸ за перевод",66,,быстрый_транзит;возвратные_циклы;аномалия_колена,3,False,1,15,35000.0,959150.0,1,23,27.404286,False,1.0,0,1,2484.092268,0.00259,11,0.000685,0.001179,1.0,0.0,1,4,0,1,True,0.5542,0.0,0.5575,0.9466,0.75
100000000332284100,consolidator,0.755,4,0.6362,"Сбор от 10 плательщиков: 107 тыс ₸; отдал 290 тыс ₸ 3 получ. — больше, чем получил в выборке; к узлу ведут цепочки переводов от 3 seed",67,,синхронный_сбор;аномалия_колена,2,False,10,3,107426.0,289500.0,12,3,2.694878,False,1.0,0,3,6538.783093,0.022586,4,0.000717,0.000109,0.051198,18.0,3,0,0,0,True,0.6795,0.2211,0.3315,0.9248,0.5
100000005514161100,consolidator,0.68,8,0.6231,Сбор от 4 плательщиков (seed: 1): 402 тыс ₸; дальше ушло 12% (1 получ.); к узлу ведут цепочки переводов от 6 seed,68,,,1,False,4,1,401500.0,50000.0,7,1,0.124533,False,1.0,1,6,116168.878167,0.289337,1,0.000806,4e-05,0.0,,2,0,0,0,False,0.612,0.592,0.3932,0.9106,0.0
100000008743913100,distributor,0.688,2,0.6226,"Веер: 13 получателей при 3 плательщиках; разослал 1.9 млн ₸, в среднем 142 тыс ₸ за перевод",69,,быстрый_транзит;всплеск_активности,2,False,3,13,149300.0,1850600.0,3,13,12.395177,False,1.0,0,6,9752.604867,0.00527,3,0.000332,0.000306,0.939719,0.0,2,0,0,0,False,0.516,0.3605,0.6816,0.774,0.25
100000001162560100,distributor,0.707,6,0.6211,"Веер: 12 получателей при 1 плательщике; разослал 2.9 млн ₸, в среднем 207 тыс ₸ за перевод",70,,аномалия_колена,1,False,1,12,331300.0,2904398.0,2,14,8.766671,False,1.0,1,1,331300.0,0.114068,2,0.000321,3e-06,0.519167,2.0,1,0,0,1,True,0.5302,0.3303,0.7667,0.6641,0.25
100000003635170100,transit,0.819,7,0.6179,"Пропуск 94%: получил 268 тыс ₸ от 3 плательщиков, отдал 254 тыс ₸ 4 получ.; 36% ушло ≤2 дн. после поступления",71,,возвратные_циклы;повторяющиеся_маршруты,1,False,3,4,268500.0,253500.0,13,10,0.944134,False,1.0,1,5,51616.042849,0.192239,1,0.001148,0.000188,0.357542,2.0,2,2,1,1,False,0.4504,0.4787,0.3172,0.9573,0.5
100000001282143100,consolidator,0.692,2,0.6178,Сбор от 5 плательщиков: 1.7 млн ₸; дальше не ушло ничего; к узлу ведут цепочки переводов от 5 seed,72,terminal,синхронный_сбор;аномалия_колена,3,False,5,0,1700000.0,0.0,6,0,0.0,False,0.0,0,5,857.826675,0.000505,5,0.000402,0.0,0.0,,4,0,0,0,True,0.6228,0.3238,0.6656,0.3539,0.5
100000005578559100,distributor,0.778,15,0.6171,"Веер: 21 получатель при 2 плательщиках; разослал 893 тыс ₸, в среднем 39 тыс ₸ за перевод",73,,быстрый_транзит;всплеск_активности;возвратные_циклы,2,False,2,21,131000.0,893163.67,2,23,6.818043,False,1.0,0,2,6891.761014,0.007716,3,0.000391,0.000967,1.0,0.0,1,1,0,0,False,0.5835,0.1395,0.5441,0.8365,0.5
100000008560717100,consolidator,0.763,4,0.6126,Сбор от 7 плательщиков (seed: 1): 529 тыс ₸; дальше ушло 5% (1 получ.); к узлу ведут цепочки переводов от 3 seed,74,terminal,аномалия_колена,1,False,7,1,529000.0,25000.0,9,1,0.047259,False,1.0,1,3,46319.338263,0.08756,7,0.000331,1.9e-05,0.0,25.0,2,0,0,0,True,0.6867,0.3657,0.4452,0.6855,0.25
100000001072022100,terminal,0.933,5,0.6086,"Получил 1.7 млн ₸ от 3 плательщиков (seed: 1), исходящих нет (исходящие наблюдаемы); к узлу ведут цепочки переводов от 5 seed",75,,,1,False,3,0,1684000.0,0.0,6,0,0.0,False,0.0,1,5,747675.712219,0.443988,3,0.000502,0.0,0.0,,2,0,0,0,False,0.5598,0.731,0.6638,0.3886,0.0
100000002547110100,consolidator,0.716,2,0.6079,Сбор от 6 плательщиков: 1.5 млн ₸; дальше не ушло ничего; к узлу ведут цепочки переводов от 3 seed,76,terminal,синхронный_сбор;всплеск_активности;аномалия_колена,3,False,6,0,1500000.0,0.0,10,0,0.0,False,0.0,0,3,2351.373809,0.001568,5,0.000552,0.0,0.0,,5,0,0,0,True,0.6444,0.2211,0.6419,0.4248,0.5
100000001899164100,consolidator,0.651,17,0.6078,Сбор от 4 плательщиков (seed: 1): 292 тыс ₸; дальше ушло 26% (3 получ.); к узлу ведут цепочки переводов от 5 seed,77,,возвратные_циклы,1,False,4,3,291675.0,76500.0,5,3,0.262278,False,1.0,1,5,24811.667941,0.085066,1,0.001177,0.000127,0.0,22.0,2,2,0,0,False,0.5859,0.4096,0.3329,0.9517,0.25
100000004159526100,consolidator,0.642,16,0.6077,Сбор от 4 плательщиков (seed: 1): 275 тыс ₸; дальше ушло 25% (4 получ.); к узлу ведут цепочки переводов от 3 seed,78,,возвратные_циклы,1,False,4,4,275037.0,68000.0,4,6,0.247239,False,1.0,1,3,108289.239691,0.393726,3,0.000853,9.8e-05,0.109076,1.0,2,1,0,0,False,0.5778,0.4459,0.3218,0.9339,0.25
100000002605308100,terminal,0.942,16,0.6058,"Получил 2.6 млн ₸ от 3 плательщиков, исходящих нет (исходящие наблюдаемы); к узлу ведут цепочки переводов от 4 seed",79,,аномалия_колена,2,False,3,0,2569521.84,0.0,7,0,0.0,False,0.0,0,4,30010.237432,0.011679,0,0.000885,0.0,0.0,,1,0,0,0,True,0.5652,0.3827,0.7435,0.4706,0.25
100000000594783100,terminal,0.838,21,0.6049,"Получил 2.6 млн ₸ от 1 плательщика, дальше ушло лишь 6% (исходящие наблюдаемы)",80,,возвратные_циклы;аномалия_колена,3,False,1,2,2635000.0,152500.0,10,2,0.057875,False,1.0,0,2,39380.086989,0.014945,1,0.001382,0.0,0.02277,6.0,1,3,0,0,True,0.5028,0.2688,0.7483,0.4855,0.5
100000000552584100,terminal,0.845,21,0.6026,"Получил 2.5 млн ₸ от 1 плательщика, дальше ушло лишь 2% (исходящие наблюдаемы)",81,,возвратные_циклы;аномалия_колена,3,False,1,1,2500000.0,57500.0,3,1,0.023,False,1.0,0,2,37362.511375,0.014945,1,0.001325,0.0,0.0,4.0,1,1,0,0,True,0.507,0.2639,0.7384,0.4842,0.5
100000008512827100,distributor,0.64,2,0.6019,"Веер: 10 получателей при 3 плательщиках; разослал 1.9 млн ₸, в среднем 194 тыс ₸ за перевод",82,,быстрый_транзит;всплеск_активности,2,False,3,10,107949.0,1944500.0,3,10,18.013136,False,1.0,0,5,6949.013235,0.003574,3,0.000335,0.000137,0.907364,1.0,1,0,0,0,False,0.48,0.3238,0.6909,0.768,0.25
100000008686313100,peripheral,0.5,10,0.6016,"Получил 1.9 млн ₸ от 6 плательщиков, отдал 334 тыс ₸ 7 получ., пропуск 17%; пороги ролей не достигнуты",83,,возвратные_циклы;повторяющиеся_маршруты;аномалия_колена,1,False,6,7,1912716.0,333800.0,16,13,0.174516,False,1.0,1,3,233150.304278,0.121895,7,0.000468,0.001985,0.049534,3.0,2,38,6,0,True,0.05,0.5182,0.6878,0.8712,0.75
100000008546855100,consolidator,0.685,18,0.5981,Сбор от 6 плательщиков: 72 тыс ₸; дальше ушло 14% (2 получ.); к узлу ведут цепочки переводов от 3 seed,84,,синхронный_сбор;всплеск_активности;возвратные_циклы;повторяющиеся_маршруты,2,False,6,2,71790.0,10000.0,8,2,0.139295,False,1.0,0,3,1518.843398,0.021157,1,0.001427,5.9e-05,0.139295,1.0,5,2,2,0,False,0.6165,0.2211,0.0683,0.9411,0.75
100000008723830100,transit,0.993,3,0.5938,"Пропуск 99%: получил 460 тыс ₸ от 2 плательщиков, отдал 455 тыс ₸ 1 получ.; 99% ушло ≤2 дн. после поступления",85,,быстрый_транзит,1,False,2,1,459785.0,455000.0,2,1,0.989593,False,1.0,1,2,454092.97584,0.98762,1,0.00034,2e-05,0.987418,1.0,1,0,0,0,False,0.5462,0.4996,0.4188,0.7191,0.25
100000005171642100,transit,0.965,2,0.5929,"Пропуск 98%: получил 697 тыс ₸ от 2 плательщиков, отдал 684 тыс ₸ 1 получ.; 89% ушло ≤2 дн. после поступления",86,,быстрый_транзит;возвратные_циклы,3,False,2,1,696800.0,683600.0,5,4,0.981056,False,1.0,0,1,45199.419377,0.064867,1,0.002767,0.0,0.888921,0.0,1,2,0,0,False,0.5308,0.1424,0.4972,0.867,0.5
100000007442518100,peripheral,0.5,11,0.5926,"Получил 510 тыс ₸ от 5 плательщиков, отдал 4.4 млн ₸ 9 получ., пропуск 867%; пороги ролей не достигнуты",87,,быстрый_транзит;возвратные_циклы;аномалия_колена,1,False,5,9,510000.0,4419999.0,8,12,8.666665,False,1.0,1,4,7293.080515,0.00165,4,0.000649,0.000252,0.656863,2.0,1,1,0,0,True,0.05,0.2789,0.8459,0.9295,0.75
100000008466579100,distributor,0.746,2,0.5924,"Веер: 17 получателей при 2 плательщиках; разослал 1.9 млн ₸, в среднем 97 тыс ₸ за перевод",88,,быстрый_транзит;всплеск_активности,2,False,2,17,36952.0,1933000.0,2,20,52.311106,False,1.0,0,2,6063.565318,0.003137,8,0.000353,0.000506,1.0,1.0,1,0,0,2,False,0.5595,0.1395,0.6898,0.8036,0.25
100000007939160100,terminal,0.8,33,0.5923,"Получил 795 тыс ₸ от 1 плательщика (seed: 1), дальше ушло лишь 2% (исходящие наблюдаемы)",89,,возвратные_циклы,1,False,1,2,795000.0,14300.0,2,2,0.017987,False,1.0,1,1,795000.0,1.0,0,0.000665,0.0,0.0,,1,1,0,0,False,0.48,0.4129,0.5221,0.8212,0.25
100000004221668100,consolidator,0.609,2,0.5914,Сбор от 4 плательщиков: 1.1 млн ₸; дальше ушло 65% (3 получ.),90,,возвратные_циклы,2,False,4,3,1128300.0,731440.0,8,10,0.648267,False,1.0,0,1,73648.668746,0.065274,1,0.00309,5e-06,0.298591,3.0,1,3,0,1,False,0.5481,0.1884,0.5882,0.8908,0.25
100000004150593100,distributor,0.694,3,0.5888,"Веер: 11 получателей при 1 плательщике; разослал 871 тыс ₸, в среднем 54 тыс ₸ за перевод",91,,быстрый_транзит;всплеск_активности;возвратные_циклы,2,False,1,11,57000.0,871165.0,2,16,15.283596,False,1.0,0,3,9088.201564,0.010432,0,0.000307,0.000222,1.0,0.0,1,3,0,1,False,0.5205,0.2211,0.5394,0.7035,0.5
100000001303311100,consolidator,0.692,2,0.5878,Сбор от 5 плательщиков: 1.3 млн ₸; дальше не ушло ничего; к узлу ведут цепочки переводов от 3 seed,92,terminal,синхронный_сбор;аномалия_колена,3,False,5,0,1324000.0,0.0,5,0,0.0,False,0.0,0,3,4293.682537,0.003243,3,0.000502,0.0,0.0,,4,0,0,0,True,0.6228,0.2211,0.6184,0.3881,0.5
100000003718221100,transit,0.874,23,0.5878,"Пропуск 121%: получил 350 тыс ₸ от 2 плательщиков, отдал 424 тыс ₸ 4 получ.; 77% ушло ≤2 дн. после поступления",93,,быстрый_транзит;возвратные_циклы,2,False,2,4,350000.0,423500.0,6,8,1.21,False,1.0,0,2,32307.788716,0.076288,1,0.001043,3.9e-05,0.771429,0.0,1,4,0,0,False,0.4807,0.2501,0.4032,0.9202,0.5
100000003854444100,distributor,0.73,18,0.5868,"Веер: 14 получателей при 1 плательщике; разослал 2.3 млн ₸, в среднем 166 тыс ₸ за перевод",94,,быстрый_транзит,2,False,1,14,210000.0,2322909.0,4,14,11.061471,False,1.0,0,1,17231.748252,0.007418,2,0.000467,0.001075,0.633262,2.0,1,0,0,0,False,0.5475,0.0514,0.7245,0.8677,0.25
100000004486525100,consolidator,0.729,1,0.5867,Сбор от 8 плательщиков: 361 тыс ₸; дальше ушло 75% (2 получ.); к узлу ведут цепочки переводов от 3 seed,95,,синхронный_сбор;всплеск_активности,2,False,8,2,360924.0,271045.0,21,3,0.750975,False,1.0,0,3,13366.156125,0.037033,5,0.000806,5e-06,0.055167,4.0,5,0,0,1,False,0.6561,0.2484,0.3731,0.8561,0.25
100000006972210100,consolidator,0.75,6,0.5864,Сбор от 3 плательщиков (seed: 3): 489 тыс ₸; дальше не ушло ничего; к узлу ведут цепочки переводов от 7 seed,96,terminal,,1,False,3,0,488775.0,0.0,4,0,0.0,False,0.0,3,7,488775.0,1.0,2,0.000346,0.0,0.0,,1,0,0,0,False,0.675,0.7586,0.4303,0.3098,0.0
100000008413748100,distributor,0.754,4,0.5845,"Веер: 18 получателей при 2 плательщиках; разослал 1.4 млн ₸, в среднем 66 тыс ₸ за перевод",97,,быстрый_транзит;всплеск_активности,2,False,2,18,26480.0,1377320.22,2,21,52.013603,False,1.0,0,2,5178.488524,0.00376,6,0.000391,0.000625,1.0,1.0,2,0,0,1,False,0.5655,0.1395,0.6258,0.8332,0.25
100000006734214100,consolidator,0.645,4,0.5843,Сбор от 5 плательщиков: 610 тыс ₸; дальше ушло 6% (3 получ.); к узлу ведут цепочки переводов от 3 seed,98,terminal,аномалия_колена,3,False,5,3,610000.0,36000.0,10,4,0.059016,False,1.0,0,3,1324.160763,0.002171,5,0.000606,5.9e-05,0.0,8.0,2,0,0,1,True,0.5805,0.2211,0.4721,0.8984,0.25
100000004041163100,transit,0.806,7,0.5823,"Признаки передачи средств seed: вход неполон; переправил 866 тыс ₸ 2 получ., 81% — одному",99,,быстрый_транзит;возвратные_циклы;seed,0,True,1,2,50000.0,866000.0,1,6,17.32,False,1.0,1,8,50000.0,1.0,1,0.002085,2.3e-05,0.96,0.0,1,1,0,1,False,0.4433,0.5703,0.5383,0.9262,0.5
100000008324800100,transit,0.856,20,0.5812,"Пропуск 97%: получил 526 тыс ₸ от 3 плательщиков, отдал 511 тыс ₸ 1 получ.; 47% ушло ≤2 дн. после поступления",100,,возвратные_циклы;повторяющиеся_маршруты,2,False,3,1,526500.0,511000.0,17,13,0.97056,False,1.0,0,3,3279.194311,0.006228,2,0.001852,1.9e-05,0.465337,2.0,2,1,1,2,False,0.4708,0.2211,0.4443,0.8877,0.5
100000002849158100,transit,0.785,2,0.5798,"Пропуск 182%: получил 723 тыс ₸ от 3 плательщиков, отдал 1.3 млн ₸ 1 получ.; 100% ушло ≤2 дн. после поступления",101,,быстрый_транзит;синхронный_сбор,3,False,3,1,723000.0,1313000.0,3,3,1.816044,False,1.0,0,3,1093.181569,0.000833,3,0.000336,2.3e-05,1.0,0.0,3,0,0,0,False,0.4318,0.2211,0.6168,0.7278,0.5
100000003265158100,consolidator,0.658,17,0.5783,Сбор от 3 плательщиков (seed: 2): 146 тыс ₸; дальше ушло 106% (2 получ.); к узлу ведут цепочки переводов от 4 seed,102,transit,быстрый_транзит,1,False,3,2,146100.4,154200.0,3,4,1.055439,False,1.0,2,4,102678.978699,0.665882,2,0.000385,0.000177,0.872003,0.0,1,0,0,1,False,0.5922,0.4987,0.2126,0.8176,0.25
100000003071930100,terminal,0.868,6,0.5773,"Получил 478 тыс ₸ от 3 плательщиков (seed: 1), дальше ушло лишь 1% (исходящие наблюдаемы); к узлу ведут цепочки переводов от 5 seed",103,,,1,False,3,1,477610.0,5000.0,4,1,0.010469,False,1.0,1,5,228378.2382,0.478169,3,0.000348,4.3e-05,0.0,8.0,1,0,0,0,False,0.5208,0.6191,0.4259,0.76,0.0
100000007777377100,terminal,0.772,5,0.5763,"Получил 456 тыс ₸ от 1 плательщика, дальше ушло лишь 2% (исходящие наблюдаемы); к узлу ведут цепочки переводов от 4 seed",104,,повторяющиеся_маршруты,2,False,1,2,456290.0,10000.0,7,2,0.021916,False,1.0,0,4,98125.365495,0.21505,0,0.000361,0.000136,0.0,4.0,1,0,1,0,False,0.4632,0.4945,0.4173,0.7969,0.25
100000002173161100,terminal,0.925,3,0.5744,"Получил 1.4 млн ₸ от 3 плательщиков (seed: 1), исходящих нет (исходящие наблюдаемы); к узлу ведут цепочки переводов от 3 seed",105,,,1,False,3,0,1427500.0,0.0,5,0,0.0,False,0.0,1,3,870874.24485,0.61007,3,0.000435,0.0,0.0,,2,0,0,0,False,0.555,0.6426,0.6326,0.3683,0.0
100000004820260100,transit,0.799,3,0.5698,"Пропуск 92%: получил 234 тыс ₸ от 1 плательщика, отдал 215 тыс ₸ 3 получ.; 32% ушло ≤2 дн. после поступления",106,,возвратные_циклы;повторяющиеся_маршруты,2,False,1,3,234200.0,215350.0,12,10,0.919513,False,1.0,0,3,44828.508987,0.191411,1,0.001401,2e-05,0.316823,3.0,1,2,2,2,False,0.4395,0.3626,0.2914,0.9021,0.5
100000005820746100,terminal,0.844,21,0.5677,"Получил 2 млн ₸ от 1 плательщика, дальше ушло лишь 3% (исходящие наблюдаемы)",107,,возвратные_циклы;аномалия_колена,3,False,1,1,1989000.0,60000.0,2,1,0.030166,False,1.0,0,1,60426.906159,0.030381,0,0.000989,0.0,0.0,4.0,1,1,0,0,True,0.5064,0.1698,0.6952,0.4758,0.5
100000001616816100,consolidator,0.645,8,0.567,Сбор от 5 плательщиков: 176 тыс ₸; дальше ушло 103% (3 получ.); к узлу ведут цепочки переводов от 7 seed,108,transit,быстрый_транзит;возвратные_циклы;seed,0,True,5,3,176195.0,181326.0,12,10,1.029121,False,1.0,0,7,57745.809437,1.0,1,0.002435,0.000105,0.6883,2.0,1,2,0,2,False,0.5805,0.557,0.2431,0.9635,0.5
100000002175422100,peripheral,0.5,25,0.561,"Получил 68 тыс ₸ от 3 плательщиков, отдал 1.6 млн ₸ 6 получ., пропуск 2367%; пороги ролей не достигнуты",109,,быстрый_транзит;возвратные_циклы;повторяющиеся_маршруты;дробление,2,False,3,6,68500.0,1621188.0,5,14,23.666978,False,1.0,0,2,7453.25666,0.004597,1,0.000846,0.000159,0.708029,2.0,2,3,1,3,False,0.05,0.1395,0.6566,0.9431,1.0
100000008111003100,consolidator,0.698,1,0.5607,Сбор от 6 плательщиков: 223 тыс ₸; дальше ушло 16% (1 получ.); к узлу ведут цепочки переводов от 3 seed,110,,возвратные_циклы,2,False,6,1,222716.0,35000.0,9,1,0.157151,False,1.0,0,3,15807.059813,0.070974,4,0.00047,0.000882,0.0,8.0,2,4,0,0,False,0.6282,0.2643,0.282,0.8683,0.25
100000004603109100,peripheral,0.5,21,0.5591,"Получил 2.7 млн ₸ от 3 плательщиков, отдал 400 тыс ₸ 2 получ., пропуск 15%; пороги ролей не достигнуты",111,,возвратные_циклы;повторяющиеся_маршруты;аномалия_колена,3,False,3,2,2730000.0,400000.0,8,2,0.14652,False,1.0,0,2,40799.862421,0.014945,1,0.003178,1e-06,0.0,10.0,2,5,1,0,True,0.05,0.2722,0.755,0.8743,0.75
100000005778283100,consolidator,0.708,18,0.5589,Сбор от 3 плательщиков (seed: 2): 616 тыс ₸; дальше не ушло ничего; к узлу ведут цепочки переводов от 4 seed,112,terminal,,1,False,3,0,615760.0,0.0,3,0,0.0,False,0.0,2,4,346463.814588,0.56266,2,0.000438,0.0,0.0,,1,0,0,0,False,0.6372,0.6135,0.4739,0.3688,0.0
100000008659445100,transit,0.707,31,0.558,"Признаки передачи средств seed: вход неполон; переправил 875 тыс ₸ 4 получ., 31% — одному",113,,быстрый_транзит;возвратные_циклы;повторяющиеся_маршруты;дробление;seed,0,True,3,4,138490.0,875150.0,7,18,6.319229,False,1.0,0,0,79623.899851,1.0,0,0.002424,1e-06,0.746624,1.0,2,10,1,5,False,0.3889,0.1958,0.5402,0.8739,1.0
100000004962193100,consolidator,0.754,1,0.5579,Сбор от 8 плательщиков: 900 тыс ₸; дальше не ушло ничего; к узлу ведут цепочки переводов от 3 seed,114,terminal,синхронный_сбор,2,False,8,0,900468.0,0.0,11,0,0.0,False,0.0,0,3,10578.062493,0.011747,5,0.000657,0.0,0.0,,5,0,0,0,False,0.6786,0.2264,0.5456,0.4511,0.25
100000002958343100,peripheral,0.5,6,0.5576,"Получил 2.9 млн ₸ от 1 плательщика, отдал 1.4 млн ₸ 2 получ., пропуск 48%; пороги ролей не достигнуты",115,,возвратные_циклы;повторяющиеся_маршруты;аномалия_колена,2,False,1,2,2900000.0,1390000.0,4,17,0.47931,False,1.0,0,1,236546.122143,0.081568,0,0.00063,0.0,0.027586,10.0,1,1,1,2,True,0.05,0.2985,0.7664,0.8161,0.75
100000001937767100,peripheral,0.5,16,0.5575,"Получил 53 тыс ₸ от 1 плательщика, отдал 1.9 млн ₸ 4 получ., пропуск 3647%; пороги ролей не достигнуты",116,,быстрый_транзит;возвратные_циклы,1,False,1,4,53000.0,1933000.0,1,6,36.471698,False,1.0,1,5,53000.0,0.027419,1,0.000892,5.7e-05,1.0,0.0,1,1,0,1,False,0.05,0.4812,0.6898,0.9235,0.5
100000006707582100,distributor,0.715,15,0.5542,"Веер: 14 получателей при 2 плательщиках; разослал 961 тыс ₸, в среднем 64 тыс ₸ за перевод",117,,всплеск_активности;возвратные_циклы,1,False,2,14,39520.0,961138.0,2,15,24.320294,False,1.0,1,1,22408.470377,0.023315,4,0.000538,0.000363,0.44332,0.0,1,1,0,0,False,0.5362,0.0761,0.5579,0.8988,0.25
100000002723538100,distributor,0.674,1,0.5528,"Веер: 12 получателей при 3 плательщиках; разослал 560 тыс ₸, в среднем 40 тыс ₸ за перевод",118,,быстрый_транзит;возвратные_циклы,2,False,3,12,105647.0,560499.0,3,14,5.305394,False,1.0,0,2,6091.344402,0.010868,7,0.00032,0.000291,1.0,0.0,1,6,0,0,False,0.5055,0.1395,0.4561,0.754,0.5
100000003741418100,consolidator,0.739,1,0.5517,Сбор от 9 плательщиков: 152 тыс ₸; дальше ушло 26% (3 получ.); к узлу ведут цепочки переводов от 3 seed,119,,возвратные_циклы,2,False,9,3,151900.0,39920.0,13,3,0.262804,False,1.0,0,3,995.861542,0.006556,6,0.000633,5.3e-05,0.0,,2,1,0,0,False,0.6651,0.2211,0.2097,0.8984,0.25
100000003004487100,consolidator,0.663,25,0.5493,"Сбор от 4 плательщиков (seed: 1): 184 тыс ₸; отдал 265 тыс ₸ 2 получ. — больше, чем получил в выборке",120,,возвратные_циклы,1,False,4,2,183702.8,265015.0,9,3,1.442629,False,1.0,1,2,48512.523809,0.183056,3,0.000351,0.000193,0.050451,13.0,2,1,0,0,False,0.5967,0.2885,0.3148,0.7918,0.25
100000007593823100,distributor,0.688,1,0.5486,"Веер: 13 получателей при 3 плательщиках; разослал 163 тыс ₸, в среднем 8 тыс ₸ за перевод",121,,быстрый_транзит;возвратные_циклы;дробление,3,False,3,13,25000.0,162900.0,3,21,6.516,False,1.0,0,4,183.797955,0.001128,11,0.000291,0.000681,0.6,0.0,1,1,0,3,False,0.516,0.2789,0.2229,0.5847,0.75
100000008571433100,transit,0.826,29,0.5472,"Признаки передачи средств seed: вход неполон; переправил 1.4 млн ₸ 2 получ., 74% — одному",122,,быстрый_транзит;возвратные_циклы;seed,0,True,2,2,350000.0,1434000.0,2,3,4.097143,False,1.0,0,0,342027.920647,1.0,0,0.001626,1e-06,1.0,1.0,1,2,0,0,False,0.4543,0.3333,0.6334,0.865,0.5
100000008144528100,consolidator,0.692,3,0.5469,Сбор от 5 плательщиков: 1.1 млн ₸; дальше не ушло ничего; к узлу ведут цепочки переводов от 4 seed,123,terminal,всплеск_активности,2,False,5,0,1068202.6,0.0,13,0,0.0,False,0.0,0,4,36018.299565,0.033719,1,0.001056,0.0,0.0,,2,0,0,0,False,0.6228,0.3999,0.5779,0.4771,0.0
100000000274067100,peripheral,0.5,6,0.5451,"Получил 518 тыс ₸ от 2 плательщиков, отдал 3 млн ₸ 3 получ., пропуск 573%; пороги ролей не достигнуты",124,,возвратные_циклы;повторяющиеся_маршруты;аномалия_колена,1,False,2,3,517704.0,2969000.0,9,9,5.734937,False,1.0,1,1,242174.288498,0.081568,1,0.000414,1e-06,0.420518,0.0,1,1,1,1,True,0.05,0.3008,0.7708,0.7378,0.75
100000002371751100,transit,0.882,40,0.5448,"Пропуск 125%: получил 200 тыс ₸ от 1 плательщика, отдал 250 тыс ₸ 1 получ.; 85% ушло ≤2 дн. после поступления",125,,быстрый_транзит;повторяющиеся_маршруты,1,False,1,1,200000.0,250000.0,5,1,1.25,False,1.0,1,1,200000.0,0.8,0,0.000529,0.0,0.85,2.0,1,0,1,0,False,0.4851,0.2827,0.3038,0.7625,0.5
100000008742053100,distributor,0.707,2,0.5407,"Веер: 12 получателей при 1 плательщике; разослал 2.8 млн ₸, в среднем 232 тыс ₸ за перевод",126,,всплеск_активности;аномалия_колена,3,False,1,12,10000.0,2789000.0,1,12,278.9,False,1.0,0,2,11.242618,4e-06,3,0.000286,0.000121,0.0,3.0,1,0,0,0,True,0.5302,0.1395,0.759,0.4838,0.25
100000003299365100,transit,1.0,5,0.5383,"Пропуск 100%: получил 200 тыс ₸ от 1 плательщика, отдал 200 тыс ₸ 1 получ.; 100% ушло ≤2 дн. после поступления",127,,быстрый_транзит;возвратные_циклы,1,False,1,1,200000.0,200000.0,1,1,1.0,False,1.0,1,4,200000.0,1.0,1,0.000326,0.0,1.0,0.0,1,1,0,0,False,0.55,0.5616,0.2616,0.2814,0.5
100000006977207100,distributor,0.739,9,0.5365,"Веер: 15 получателей при 1 плательщике; разослал 4.2 млн ₸, в среднем 277 тыс ₸ за перевод",128,,,2,False,1,15,414000.0,4157018.0,1,15,10.041106,False,1.0,0,1,8965.436907,0.002157,1,0.000348,3.3e-05,0.0,,1,0,0,0,False,0.5542,0.0,0.8343,0.7478,0.0
100000005610717100,consolidator,0.638,10,0.5364,Сбор от 4 плательщиков: 484 тыс ₸; дальше ушло 55% (1 получ.); к узлу ведут цепочки переводов от 3 seed,129,,повторяющиеся_маршруты,3,False,4,1,484500.0,265200.0,6,7,0.547368,False,1.0,0,3,2753.135035,0.005682,4,0.000345,1.9e-05,0.076367,4.0,1,0,1,1,False,0.5742,0.2211,0.4286,0.7037,0.25
100000002603769100,terminal,0.916,1,0.5357,"Получил 1.2 млн ₸ от 3 плательщиков (seed: 1), исходящих нет (исходящие наблюдаемы); к узлу ведут цепочки переводов от 3 seed",130,,,1,False,3,0,1185368.0,0.0,3,0,0.0,False,0.0,1,3,169725.655289,0.143184,2,0.000542,0.0,0.0,,1,0,0,0,False,0.5496,0.4883,0.5975,0.4177,0.0
100000000673868100,peripheral,0.5,11,0.5348,"Получил 2 млн ₸ от 1 плательщика, отдал 383 тыс ₸ 5 получ., пропуск 19%; пороги ролей не достигнуты",131,,возвратные_циклы;повторяющиеся_маршруты;аномалия_колена;дробление,3,False,1,5,2030650.0,383000.0,5,19,0.18861,False,1.0,0,1,3350.610249,0.00165,0,0.001173,4.1e-05,0.049245,6.0,1,2,3,5,True,0.05,0.0,0.6991,0.9273,1.0
100000003834495100,terminal,0.875,10,0.5324,"Получил 602 тыс ₸ от 3 плательщиков, дальше ушло лишь 3% (исходящие наблюдаемы)",132,,повторяющиеся_маршруты,3,False,3,1,602441.0,20000.0,5,1,0.033198,False,1.0,0,2,4208.525736,0.006986,2,0.000621,3e-06,0.0,24.0,2,0,1,0,False,0.525,0.1395,0.4698,0.8339,0.25
100000003528285100,consolidator,0.6,1,0.5315,"Сбор от 4 плательщиков: 119 тыс ₸; отдал 548 тыс ₸ 4 получ. — больше, чем получил в выборке",133,,быстрый_транзит,3,False,4,4,118870.0,548000.0,5,6,4.610078,False,1.0,0,2,1083.564636,0.001977,3,0.000404,0.000115,0.681417,0.0,1,0,0,0,False,0.54,0.1395,0.4519,0.8225,0.25
100000004186824100,terminal,0.83,3,0.5315,"Получил 452 тыс ₸ от 2 плательщиков (seed: 1), дальше ушло лишь 2% (исходящие наблюдаемы)",134,,,1,False,2,1,451700.0,7000.0,7,1,0.015497,False,1.0,1,2,450279.404174,0.996855,1,0.000382,2e-06,0.0,15.0,1,0,0,0,False,0.498,0.4988,0.4154,0.7264,0.0
100000006788200100,consolidator,0.651,8,0.5311,Сбор от 4 плательщиков (seed: 1): 272 тыс ₸; дальше ушло 24% (3 получ.); к узлу ведут цепочки переводов от 3 seed,135,,,1,False,4,3,272155.8,64500.0,4,4,0.236997,False,1.0,1,3,94672.957728,0.347863,2,0.000337,9.7e-05,0.0,8.0,1,0,0,0,False,0.5859,0.4332,0.3198,0.7631,0.0
100000005830339100,consolidator,0.671,1,0.5291,Сбор от 5 плательщиков: 476 тыс ₸; дальше ушло 71% (1 получ.),136,,аномалия_колена,3,False,5,1,476341.0,339251.0,12,1,0.712202,False,1.0,0,2,2360.177702,0.004955,5,0.000364,4e-06,0.0,16.0,1,0,0,0,True,0.6039,0.1395,0.4254,0.7169,0.25
100000001463701100,terminal,0.849,7,0.5282,"Получил 621 тыс ₸ от 2 плательщиков (seed: 1), исходящих нет (исходящие наблюдаемы); к узлу ведут цепочки переводов от 5 seed",137,,,1,False,2,0,621000.0,0.0,2,0,0.0,False,0.0,1,5,248027.64182,0.3994,1,0.000572,0.0,0.0,,2,0,0,0,False,0.5094,0.6269,0.4755,0.4346,0.0
100000006069103100,transit,0.718,3,0.5249,"Пропуск 118%: получил 229 тыс ₸ от 3 плательщиков, отдал 270 тыс ₸ 3 получ.",138,,возвратные_циклы,1,False,3,3,228818.0,270000.0,3,4,1.179977,False,1.0,1,2,127769.861022,0.473222,1,0.001152,5.8e-05,0.109257,1.0,1,1,0,0,False,0.3949,0.3799,0.3183,0.9339,0.25
100000008710843100,distributor,0.703,2,0.5232,"Веер: 13 получателей при 2 плательщиках; разослал 2 млн ₸, в среднем 142 тыс ₸ за перевод",139,,,2,False,2,13,33944.0,1985500.0,3,14,58.493401,False,1.0,0,3,462.190946,0.000233,5,0.000293,0.001236,0.441904,4.0,1,0,0,1,False,0.5272,0.2211,0.6949,0.6194,0.0
100000001411870100,terminal,0.868,8,0.5212,"Получил 900 тыс ₸ от 2 плательщиков (seed: 1), исходящих нет (исходящие наблюдаемы)",140,,,1,False,2,0,900000.0,0.0,4,0,0.0,False,0.0,1,2,783555.555556,0.870617,0,0.000478,0.0,0.0,,1,0,0,0,False,0.5208,0.551,0.5455,0.3808,0.0
100000000580561100,transit,0.787,33,0.5208,"Признаки передачи средств seed: вход неполон; переправил 1.5 млн ₸ 3 получ., 53% — одному",141,,быстрый_транзит;возвратные_циклы;повторяющиеся_маршруты;seed,0,True,2,3,27980.0,1488077.0,3,13,53.183595,False,1.0,0,0,18188.876905,1.0,0,0.000835,1e-06,0.846319,0.0,1,2,2,0,False,0.4329,0.0565,0.6404,0.8454,0.75
100000004679953100,terminal,0.834,1,0.5204,"Получил 344 тыс ₸ от 3 плательщиков (seed: 1), дальше ушло лишь 10% (исходящие наблюдаемы)",142,,возвратные_циклы,1,False,3,3,343538.0,34100.0,3,3,0.099261,False,1.0,1,2,41210.602395,0.119959,5,0.000334,0.000354,0.0,4.0,2,5,0,0,False,0.5004,0.2731,0.3638,0.7798,0.25
100000001609499100,terminal,0.824,1,0.5197,"Получил 263 тыс ₸ от 3 плательщиков (seed: 1), дальше ушло лишь 8% (исходящие наблюдаемы)",143,,возвратные_циклы,1,False,3,2,263113.0,21000.0,3,2,0.079814,False,1.0,1,2,94403.284252,0.358794,4,0.000321,0.000184,0.0,5.0,1,11,0,0,False,0.4944,0.3513,0.3134,0.7509,0.25
100000008258083100,peripheral,0.5,11,0.5196,"Получил 3.1 млн ₸ от 2 плательщиков, отдал 2 млн ₸ 2 получ., пропуск 65%; пороги ролей не достигнуты",144,,возвратные_циклы;аномалия_колена,2,False,2,2,3149500.0,2045650.0,13,6,0.649516,False,1.0,0,3,5196.733547,0.00165,0,0.00105,7.8e-05,0.037308,1.0,1,2,0,0,True,0.05,0.2211,0.7819,0.9382,0.5
100000001527186100,terminal,0.796,5,0.5193,"Получил 678 тыс ₸ от 1 плательщика (seed: 1), исходящих нет (исходящие наблюдаемы); к узлу ведут цепочки переводов от 4 seed",145,,,1,False,1,0,678000.0,0.0,2,0,0.0,False,0.0,1,4,678000.0,1.0,1,0.000421,0.0,0.0,,1,0,0,0,False,0.4776,0.6769,0.4921,0.3601,0.0
100000006755850100,terminal,0.775,10,0.5188,"Получил 443 тыс ₸ от 1 плательщика, исходящих нет (исходящие наблюдаемы); к узлу ведут цепочки переводов от 9 seed",146,,,2,False,1,0,443475.8,0.0,3,0,0.0,False,0.0,0,9,165233.382481,0.372587,1,0.000649,0.0,0.0,,1,0,0,0,False,0.465,0.7068,0.4119,0.4493,0.0
100000004707703100,transit,0.885,3,0.5182,"Пропуск 97%: получил 239 тыс ₸ от 2 плательщиков, отдал 232 тыс ₸ 5 получ.; 59% ушло ≤2 дн. после поступления",147,,,1,False,2,5,239300.0,231650.0,3,6,0.968032,False,1.0,1,2,239277.98501,0.999908,1,0.000636,0.000107,0.58504,0.0,1,0,0,0,False,0.4868,0.4391,0.2955,0.9146,0.0
100000002939838100,terminal,0.879,5,0.5161,"Получил 571 тыс ₸ от 3 плательщиков (seed: 1), исходящих нет (исходящие наблюдаемы); к узлу ведут цепочки переводов от 6 seed",148,,,1,False,3,0,571233.0,0.0,3,0,0.0,False,0.0,1,6,167403.011007,0.293056,1,0.0004,0.0,0.0,,1,0,0,0,False,0.5274,0.6264,0.4597,0.353,0.0
100000002957306100,terminal,0.827,7,0.5157,"Получил 398 тыс ₸ от 2 плательщиков (seed: 2), исходящих нет (исходящие наблюдаемы); к узлу ведут цепочки переводов от 8 seed",149,,,1,False,2,0,398490.0,0.0,2,0,0.0,False,0.0,2,8,398490.0,1.0,2,0.000355,0.0,0.0,,1,0,0,0,False,0.4962,0.7662,0.3918,0.3174,0.0
100000003923946100,peripheral,0.534,8,0.5148,"Получил 282 тыс ₸ от 1 плательщика, отдал 675 тыс ₸ 4 получ., пропуск 239%; пороги ролей не достигнуты",150,,быстрый_транзит;возвратные_циклы;повторяющиеся_маршруты,1,False,1,4,282000.0,675000.0,3,4,2.393617,False,1.0,1,2,282000.0,0.417778,1,0.000389,2e-06,0.716312,0.0,1,1,2,0,False,0.0534,0.4546,0.4912,0.7309,0.75
100000004847758100,distributor,0.699,1,0.5148,"Веер: 15 получателей при 4 плательщиках; разослал 489 тыс ₸, в среднем 21 тыс ₸ за перевод",151,,возвратные_циклы,1,False,4,15,115171.0,488800.0,4,23,4.244124,False,1.0,1,2,19047.021421,0.038967,10,0.000305,0.001359,0.37809,4.0,1,8,0,0,False,0.5242,0.2003,0.4303,0.7095,0.25
100000002963189100,peripheral,0.5,16,0.514,"Получил 490 тыс ₸ от 1 плательщика, отдал 5.2 млн ₸ 7 получ., пропуск 1065%; пороги ролей не достигнуты",152,,всплеск_активности;возвратные_циклы;аномалия_колена;дробление,3,False,1,7,490000.0,5219000.0,3,15,10.65102,False,1.0,0,1,541.779663,0.000104,1,0.000424,8.5e-05,0.0,6.0,1,1,0,3,True,0.05,0.0,0.8773,0.8247,0.75
100000002480800100,terminal,0.845,1,0.5135,"Получил 569 тыс ₸ от 2 плательщиков (seed: 1), исходящих нет (исходящие наблюдаемы); к узлу ведут цепочки переводов от 4 seed",153,,,1,False,2,0,569251.0,0.0,2,0,0.0,False,0.0,1,4,231680.923216,0.406993,2,0.000641,0.0,0.0,,2,0,0,0,False,0.507,0.5755,0.4591,0.4484,0.0
100000004692798100,terminal,0.789,17,0.5114,"Получил 240 тыс ₸ от 2 плательщиков (seed: 1), дальше ушло лишь 6% (исходящие наблюдаемы)",154,,возвратные_циклы,1,False,2,1,240305.0,15000.0,4,2,0.062421,False,1.0,1,1,202974.825348,0.844655,1,0.001911,0.0,0.0,8.0,1,1,0,1,False,0.4734,0.2841,0.2963,0.8594,0.25
100000005074393100,peripheral,0.5,13,0.5102,"Получил 563 тыс ₸ от 4 плательщиков, отдал 686 тыс ₸ 6 получ., пропуск 122%; пороги ролей не достигнуты",155,,возвратные_циклы,1,False,4,6,563026.0,685500.0,5,10,1.217528,False,1.0,1,6,201070.801718,0.29332,2,0.00106,0.000217,0.0,8.0,1,3,0,0,False,0.05,0.6437,0.4941,0.9564,0.25
100000002193259100,transit,0.89,17,0.5091,"Пропуск 121%: получил 48 тыс ₸ от 2 плательщиков, отдал 58 тыс ₸ 3 получ.; 83% ушло ≤2 дн. после поступления",156,,быстрый_транзит;возвратные_циклы,2,False,2,3,48000.0,58000.0,2,3,1.208333,False,1.0,0,4,1365.338383,0.02354,1,0.000891,6.4e-05,0.833333,0.0,1,2,0,0,False,0.4895,0.2789,0.028,0.9288,0.5
100000004997515100,consolidator,0.6,2,0.5086,Сбор от 4 плательщиков: 395 тыс ₸; дальше ушло 14% (4 получ.); к узлу ведут цепочки переводов от 5 seed,157,,,3,False,4,4,395000.0,54500.0,4,4,0.137975,False,1.0,0,5,1498.930428,0.003795,2,0.000357,9e-05,0.0,17.0,1,0,0,0,False,0.54,0.3238,0.3901,0.7827,0.0
100000005287097100,peripheral,0.518,3,0.5081,"Получил 127 тыс ₸ от 2 плательщиков, отдал 697 тыс ₸ 9 получ., пропуск 548%; пороги ролей не достигнуты",158,,быстрый_транзит;возвратные_циклы;дробление,1,False,2,9,127173.0,697300.0,5,42,5.483082,False,1.0,1,3,111178.999136,0.159442,5,0.000303,0.000783,0.784545,0.0,1,8,0,12,False,0.0518,0.4484,0.4974,0.6973,0.75
100000007998965100,consolidator,0.671,15,0.5077,Сбор от 5 плательщиков: 278 тыс ₸; дальше ушло 9% (1 получ.); к узлу ведут цепочки переводов от 4 seed,159,terminal,,2,False,5,1,278000.0,26000.0,7,3,0.093525,False,1.0,0,4,3461.350811,0.012451,4,0.000472,2e-05,0.0,15.0,2,0,0,0,False,0.6039,0.2789,0.3238,0.798,0.0
100000002870463100,terminal,0.819,8,0.506,"Получил 207 тыс ₸ от 3 плательщиков, дальше ушло лишь 5% (исходящие наблюдаемы)",160,,возвратные_циклы,2,False,3,1,207000.0,10000.0,4,1,0.048309,False,1.0,0,2,25342.966638,0.12243,2,0.00193,1.9e-05,0.0,14.0,1,1,0,0,False,0.4914,0.2272,0.2681,0.9066,0.25
100000006579678100,peripheral,0.5,3,0.5053,"Получил 193 тыс ₸ от 2 плательщиков, отдал 1.7 млн ₸ 6 получ., пропуск 865%; пороги ролей не достигнуты",161,,всплеск_активности;возвратные_циклы;дробление,1,False,2,6,192930.0,1668800.0,2,15,8.649769,False,1.0,1,2,47169.860416,0.028266,2,0.000626,0.000449,0.222516,4.0,1,2,0,3,False,0.05,0.2859,0.6621,0.9324,0.5
100000006225798100,terminal,0.884,14,0.5039,"Получил 722 тыс ₸ от 3 плательщиков, дальше ушло лишь 4% (исходящие наблюдаемы); к узлу ведут цепочки переводов от 3 seed",162,,,3,False,3,2,722000.0,26300.0,4,2,0.036427,False,1.0,0,3,1353.78273,0.001875,3,0.00036,3.8e-05,0.0,,1,0,0,0,False,0.5304,0.2211,0.5039,0.7609,0.0
100000008094734100,consolidator,0.746,1,0.5038,Сбор от 4 плательщиков (seed: 2): 236 тыс ₸; дальше не ушло ничего; к узлу ведут цепочки переводов от 4 seed,163,terminal,,1,False,4,0,236249.0,0.0,4,0,0.0,False,0.0,2,4,198793.708298,0.841458,4,0.000344,0.0,0.0,,1,0,0,0,False,0.6714,0.5611,0.2931,0.306,0.0
100000001965374100,peripheral,0.5,21,0.5033,"Получил 1.8 млн ₸ от 2 плательщиков, отдал 3.1 млн ₸ 3 получ., пропуск 175%; пороги ролей не достигнуты",164,,возвратные_циклы;повторяющиеся_маршруты,2,False,2,3,1759720.0,3082100.0,8,5,1.751472,False,1.0,0,1,93635.881082,0.030381,0,0.001282,2e-06,0.075035,7.0,2,1,1,2,False,0.05,0.2111,0.7779,0.8668,0.5
100000008418835100,transit,0.623,7,0.5018,"Признаки передачи средств seed: вход неполон; переправил 186 тыс ₸ 4 получ., 41% — одному",165,,повторяющиеся_маршруты;seed,0,True,1,4,1372000.0,186179.0,67,6,0.135699,False,1.0,1,1,1372000.0,1.0,2,0.000529,0.000317,0.0,14.0,1,0,3,1,False,0.3426,0.4644,0.6251,0.879,0.25
100000007229557100,terminal,0.901,2,0.5012,"Получил 878 тыс ₸ от 3 плательщиков, исходящих нет (исходящие наблюдаемы); к узлу ведут цепочки переводов от 4 seed",166,,синхронный_сбор,3,False,3,0,878000.0,0.0,3,0,0.0,False,0.0,0,4,2933.708094,0.003341,3,0.000394,0.0,0.0,,3,0,0,0,False,0.5406,0.2789,0.5409,0.3492,0.25
100000002628576100,transit,0.795,4,0.5009,"Пропуск 74%: получил 728 тыс ₸ от 2 плательщиков, отдал 539 тыс ₸ 2 получ.; 61% ушло ≤2 дн. после поступления",167,,быстрый_транзит,3,False,2,2,727882.0,539000.0,3,2,0.740505,False,1.0,0,3,837.529375,0.001151,2,0.000311,3.8e-05,0.612329,0.0,1,0,0,0,False,0.4373,0.2211,0.5055,0.6788,0.25
100000008601794100,transit,0.845,39,0.5,"Признаки передачи средств seed: вход неполон; переправил 871 тыс ₸ 1 получ., 100% — одному",168,,возвратные_циклы;seed,0,True,2,1,494400.0,871400.0,8,13,1.76254,False,1.0,0,0,494400.0,1.0,0,0.002368,0.0,0.070793,0.0,1,2,0,1,False,0.4648,0.3681,0.5394,0.8654,0.25
100000003035737100,terminal,0.861,9,0.4994,"Получил 809 тыс ₸ от 2 плательщиков, дальше ушло лишь 1% (исходящие наблюдаемы); к узлу ведут цепочки переводов от 3 seed",169,,,3,False,2,1,809170.0,6544.53,3,1,0.008088,False,1.0,0,3,1136.454315,0.001404,2,0.000379,1.9e-05,0.0,9.0,1,0,0,0,False,0.5166,0.2211,0.5254,0.7349,0.0
100000008460102100,distributor,0.841,32,0.4984,"Веер: 31 получатель при 1 плательщике; разослал 477 тыс ₸, в среднем 14 тыс ₸ за перевод",170,,аномалия_колена,3,False,1,31,17500.0,476570.0,1,34,27.232571,False,1.0,0,1,23.058812,4.8e-05,1,0.0003,0.000978,1.0,0.0,1,0,0,1,True,0.6307,0.0,0.4255,0.679,0.25
100000001567366100,terminal,0.806,3,0.4966,"Получил 824 тыс ₸ от 1 плательщика (seed: 1), исходящих нет (исходящие наблюдаемы)",171,,,1,False,1,0,824070.0,0.0,4,0,0.0,False,0.0,1,2,824070.0,1.0,1,0.000374,0.0,0.0,,1,0,0,0,False,0.4836,0.5558,0.5289,0.3345,0.0
100000004140487100,distributor,0.68,1,0.4962,"Веер: 10 получателей при 1 плательщике; разослал 263 тыс ₸, в среднем 14 тыс ₸ за перевод",172,,быстрый_транзит;всплеск_активности;возвратные_циклы;дробление,3,False,1,10,24510.0,262600.0,1,19,10.713994,False,1.0,0,1,60.265848,0.000229,8,0.000289,0.000325,1.0,0.0,1,5,0,4,False,0.51,0.0,0.313,0.5585,0.75
100000004717647100,peripheral,0.5,34,0.4959,"Получил 300 тыс ₸ от 1 плательщика, отдал 2.2 млн ₸ 5 получ., пропуск 747%; пороги ролей не достигнуты",173,,возвратные_циклы;повторяющиеся_маршруты;аномалия_колена,3,False,1,5,300000.0,2240000.0,2,10,7.466667,False,1.0,0,1,329.208426,0.000147,0,0.001023,7.8e-05,0.156667,1.0,1,1,1,2,True,0.05,0.0,0.7176,0.9375,0.75
100000005456919100,terminal,0.834,31,0.4958,"Получил 480 тыс ₸ от 2 плательщиков (seed: 1), дальше ушло лишь 1% (исходящие наблюдаемы)",174,,возвратные_циклы,1,False,2,1,479950.0,5000.0,10,1,0.010418,False,1.0,1,1,326558.198585,0.6804,0,0.00137,0.0,0.0,15.0,2,3,0,0,False,0.5004,0.329,0.4269,0.4849,0.25
100000003946524100,transit,0.722,5,0.4956,"Пропуск 108%: получил 134 тыс ₸ от 2 плательщиков, отдал 145 тыс ₸ 2 получ.",175,,возвратные_циклы,1,False,2,2,133757.0,144750.0,2,2,1.082186,False,1.0,1,4,114985.799018,0.794375,1,0.000326,0.000119,0.0,6.0,1,1,0,0,False,0.3971,0.5094,0.2006,0.7518,0.25
100000002781227100,transit,0.721,2,0.4954,"Пропуск 111%: получил 191 тыс ₸ от 2 плательщиков, отдал 212 тыс ₸ 3 получ.",176,,возвратные_циклы,1,False,2,3,191167.62,212420.0,8,10,1.111171,False,1.0,1,1,185265.919201,0.872168,2,0.002327,0.000133,0.037494,10.0,1,1,0,2,False,0.3966,0.2755,0.273,0.9673,0.25
100000002369874100,consolidator,0.663,2,0.4949,Сбор от 4 плательщиков: 600 тыс ₸; дальше не ушло ничего; к узлу ведут цепочки переводов от 4 seed,177,terminal,синхронный_сбор,3,False,4,0,600000.0,0.0,4,0,0.0,False,0.0,0,4,1019.441859,0.001699,4,0.000337,0.0,0.0,,4,0,0,0,False,0.5967,0.2789,0.469,0.2978,0.25
100000002793881100,terminal,0.895,2,0.4924,"Получил 786 тыс ₸ от 3 плательщиков, исходящих нет (исходящие наблюдаемы); к узлу ведут цепочки переводов от 4 seed",178,,синхронный_сбор,3,False,3,0,785600.0,0.0,3,0,0.0,False,0.0,0,4,2194.268512,0.002793,2,0.000375,0.0,0.0,,3,0,0,0,False,0.537,0.2789,0.5199,0.3359,0.25
100000008314203100,transit,0.721,10,0.4911,"Признаки передачи средств seed: вход неполон; переправил 327 тыс ₸ 2 получ., 71% — одному",179,,возвратные_циклы;повторяющиеся_маршруты;дробление;seed,0,True,2,2,382076.0,327000.0,10,13,0.855851,False,1.0,2,3,382076.0,1.0,1,0.000503,0.0,0.235555,4.0,1,4,1,3,False,0.3966,0.5648,0.3838,0.389,0.75
100000008461532100,peripheral,0.5,27,0.4906,"Получил 565 тыс ₸ от 2 плательщиков, отдал 2.5 млн ₸ 8 получ., пропуск 448%; пороги ролей не достигнуты",180,,быстрый_транзит;возвратные_циклы,2,False,2,8,565300.0,2530090.0,2,9,4.475659,False,1.0,0,2,816.507077,0.000323,0,0.000745,0.000271,1.0,0.0,1,1,0,1,False,0.05,0.1395,0.7406,0.9417,0.5
100000002565277100,terminal,0.779,5,0.4889,"Получил 483 тыс ₸ от 1 плательщика (seed: 1), исходящих нет (исходящие наблюдаемы); к узлу ведут цепочки переводов от 4 seed",181,,,1,False,1,0,483319.0,0.0,1,0,0.0,False,0.0,1,4,483319.0,1.0,1,0.000382,0.0,0.0,,1,0,0,0,False,0.4674,0.6449,0.4282,0.3396,0.0
100000008512552100,peripheral,0.5,14,0.4888,"Получил 394 тыс ₸ от 4 плательщиков, отдал 1.3 млн ₸ 6 получ., пропуск 330%; пороги ролей не достигнуты",182,,быстрый_транзит;возвратные_циклы;повторяющиеся_маршруты,2,False,4,6,394360.0,1302275.0,9,11,3.302249,False,1.0,0,2,9937.731196,0.007631,3,0.000426,0.000431,1.0,0.0,2,4,3,1,False,0.05,0.1395,0.6153,0.8485,0.75
100000001530983100,peripheral,0.5,5,0.4884,"Получил 564 тыс ₸ от 4 плательщиков, отдал 1.8 млн ₸ 11 получ., пропуск 324%; пороги ролей не достигнуты",183,,,1,False,4,11,564158.0,1829538.0,4,17,3.242953,False,1.0,2,5,393442.952809,0.21505,4,0.000356,0.000332,0.377554,5.0,1,0,0,0,False,0.05,0.6704,0.6794,0.8027,0.0
100000002836736100,terminal,0.84,8,0.4875,"Получил 509 тыс ₸ от 2 плательщиков (seed: 1), исходящих нет (исходящие наблюдаемы); к узлу ведут цепочки переводов от 3 seed",184,,,1,False,2,0,509000.0,0.0,2,0,0.0,False,0.0,1,3,325017.777778,0.638542,1,0.000452,0.0,0.0,,2,0,0,0,False,0.504,0.5496,0.438,0.373,0.0
100000005523088100,terminal,0.797,7,0.4864,"Получил 700 тыс ₸ от 1 плательщика (seed: 1), исходящих нет (исходящие наблюдаемы); к узлу ведут цепочки переводов от 7 seed",185,,seed,0,True,1,0,700000.0,0.0,2,0,0.0,False,0.0,1,7,700000.0,1.0,0,0.001721,0.0,0.0,,1,0,0,0,False,0.4782,0.7925,0.4981,0.4893,0.0
100000000201868100,transit,1.0,3,0.4856,"Пропуск 100%: получил 190 тыс ₸ от 1 плательщика, отдал 190 тыс ₸ 1 получ.; 100% ушло ≤2 дн. после поступления",186,,быстрый_транзит;возвратные_циклы,2,False,1,1,190000.0,190000.0,1,1,1.0,False,1.0,0,1,89912.124409,0.473222,0,0.000975,0.0,1.0,1.0,1,1,0,0,False,0.55,0.2073,0.252,0.4749,0.5
100000003747133100,consolidator,0.657,1,0.4853,Сбор от 5 плательщиков: 237 тыс ₸; дальше ушло 105% (2 получ.); к узлу ведут цепочки переводов от 3 seed,187,transit,,2,False,5,2,237068.0,250000.0,8,2,1.05455,False,1.0,0,3,8602.017816,0.034408,4,0.000378,9.6e-05,0.16939,4.0,2,0,0,0,False,0.5913,0.2211,0.3038,0.8032,0.0
100000002956769100,terminal,0.899,2,0.4834,"Получил 840 тыс ₸ от 3 плательщиков, исходящих нет (исходящие наблюдаемы); к узлу ведут цепочки переводов от 3 seed",188,,синхронный_сбор,3,False,3,0,840000.0,0.0,3,0,0.0,False,0.0,0,3,1225.650006,0.001459,3,0.000385,0.0,0.0,,3,0,0,0,False,0.5394,0.2211,0.5325,0.3414,0.25
100000003835149100,peripheral,0.5,21,0.481,"Получил 248 тыс ₸ от 1 плательщика, отдал 4.6 млн ₸ 2 получ., пропуск 1851%; пороги ролей не достигнуты",189,,аномалия_колена,1,False,1,2,248500.0,4600440.0,1,13,18.512837,False,1.0,1,1,248500.0,0.054017,1,0.000489,2e-06,0.0,3.0,1,0,0,0,True,0.05,0.3032,0.8535,0.7694,0.25
100000004906181100,peripheral,0.5,4,0.4804,"Получил 100 тыс ₸ от 1 плательщика, отдал 2.5 млн ₸ 7 получ., пропуск 2473%; пороги ролей не достигнуты",190,,быстрый_транзит;аномалия_колена;дробление,3,False,1,7,100000.0,2473417.91,1,33,24.734179,False,1.0,0,3,119.536204,4.8e-05,1,0.000289,0.000135,1.0,0.0,1,0,0,6,True,0.05,0.2211,0.7363,0.5318,0.75
100000007908818100,peripheral,0.5,9,0.4802,"Получил 727 тыс ₸ от 4 плательщиков, отдал 302 тыс ₸ 6 получ., пропуск 42%; пороги ролей не достигнуты",191,,,1,False,4,6,727475.0,302000.0,4,13,0.415135,False,1.0,2,8,418681.828983,0.575527,4,0.000475,0.000178,0.020619,2.0,2,0,0,0,False,0.05,0.7708,0.5054,0.8559,0.0
100000001875239100,terminal,0.89,2,0.4792,"Получил 712 тыс ₸ от 3 плательщиков, исходящих нет (исходящие наблюдаемы); к узлу ведут цепочки переводов от 4 seed",192,,синхронный_сбор,3,False,3,0,712000.0,0.0,3,0,0.0,False,0.0,0,4,805.790384,0.001132,3,0.000334,0.0,0.0,,3,0,0,0,False,0.534,0.2789,0.5013,0.2936,0.25
100000003213473100,distributor,0.694,1,0.4786,"Веер: 11 получателей при 1 плательщике; разослал 240 тыс ₸, в среднем 20 тыс ₸ за перевод",193,,быстрый_транзит;возвратные_циклы,3,False,1,11,57500.0,240000.0,2,12,4.173913,False,1.0,0,2,48.670448,0.000203,5,0.000289,0.00011,0.782609,2.0,1,1,0,0,False,0.5205,0.1395,0.2961,0.5269,0.5
100000007544358100,transit,0.738,3,0.4761,"Пропуск 109%: получил 322 тыс ₸ от 2 плательщиков, отдал 350 тыс ₸ 1 получ.",194,,,1,False,2,1,322500.0,350000.0,2,3,1.085271,False,1.0,1,2,300361.617356,0.858176,1,0.000341,2e-05,0.069767,3.0,1,0,0,0,False,0.4059,0.4606,0.3673,0.7193,0.0
100000001141268100,terminal,0.832,2,0.4735,"Получил 480 тыс ₸ от 2 плательщиков, дальше ушло лишь 2% (исходящие наблюдаемы); к узлу ведут цепочки переводов от 3 seed",195,,,3,False,2,1,480000.0,10000.0,2,1,0.020833,False,1.0,0,3,2570.003882,0.005354,1,0.000365,2.2e-05,0.020833,1.0,2,0,0,0,False,0.4992,0.2211,0.4269,0.7582,0.0
100000002188829100,terminal,0.769,5,0.4718,"Получил 400 тыс ₸ от 1 плательщика (seed: 1), исходящих нет (исходящие наблюдаемы); к узлу ведут цепочки переводов от 4 seed",196,,,1,False,1,0,400000.0,0.0,1,0,0.0,False,0.0,1,4,400000.0,1.0,1,0.000366,0.0,0.0,,1,0,0,0,False,0.4614,0.6271,0.3925,0.3287,0.0
100000003360542100,peripheral,0.6,1,0.4708,"Получил 317 тыс ₸ от 2 плательщиков, отдал 52 тыс ₸ 2 получ., пропуск 16%; пороги ролей не достигнуты",197,,возвратные_циклы,2,False,2,2,317000.0,51800.0,3,5,0.163407,False,1.0,0,9,124662.733643,0.393258,1,0.001456,1e-06,0.044164,2.0,1,2,0,0,False,0.06,0.6802,0.3486,0.8637,0.25
100000000291906100,transit,0.795,36,0.4706,"Пропуск 117%: получил 388 тыс ₸ от 2 плательщиков, отдал 456 тыс ₸ 2 получ.; 41% ушло ≤2 дн. после поступления",198,,возвратные_циклы,2,False,2,2,388000.0,455854.0,3,6,1.174881,False,1.0,0,1,9823.83831,0.02155,0,0.000763,7.8e-05,0.413284,0.0,1,1,0,0,False,0.4373,0.0,0.4171,0.9235,0.25
100000002618492100,terminal,0.812,7,0.4696,"Получил 296 тыс ₸ от 2 плательщиков (seed: 1), исходящих нет (исходящие наблюдаемы); к узлу ведут цепочки переводов от 6 seed",199,,,1,False,2,0,296500.0,0.0,2,0,0.0,False,0.0,1,6,180762.770528,0.609655,2,0.000369,0.0,0.0,,1,0,0,0,False,0.4872,0.6337,0.336,0.3316,0.0
100000003509750100,transit,0.91,8,0.4676,"Пропуск 95%: получил 82 тыс ₸ от 3 плательщиков, отдал 78 тыс ₸ 3 получ.; 71% ушло ≤2 дн. после поступления",200,,быстрый_транзит;возвратные_циклы,2,False,3,3,82290.0,78400.0,4,5,0.952728,False,1.0,0,1,19750.12667,0.240006,1,0.001687,2e-06,0.709685,1.0,1,2,0,0,False,0.5005,0.0642,0.094,0.8754,0.5
100000005183943100,terminal,0.796,33,0.4674,"Получил 681 тыс ₸ от 1 плательщика (seed: 1), исходящих нет (исходящие наблюдаемы)",201,,,1,False,1,0,680900.0,0.0,9,0,0.0,False,0.0,1,1,680900.0,1.0,0,0.000611,0.0,0.0,,1,0,0,0,False,0.4776,0.3983,0.4929,0.4433,0.0
100000002443664100,terminal,0.878,2,0.4668,"Получил 557 тыс ₸ от 3 плательщиков, исходящих нет (исходящие наблюдаемы); к узлу ведут цепочки переводов от 4 seed",202,,синхронный_сбор,2,False,3,0,556880.0,0.0,3,0,0.0,False,0.0,0,4,8869.872076,0.015928,3,0.000339,0.0,0.0,,3,0,0,0,False,0.5268,0.2789,0.4549,0.3009,0.25
100000002738256100,transit,0.945,29,0.4668,"Пропуск 117%: получил 150 тыс ₸ от 1 плательщика, отдал 175 тыс ₸ 1 получ.; 100% ушло ≤2 дн. после поступления",203,,быстрый_транзит;возвратные_циклы,2,False,1,1,150200.0,175000.0,1,1,1.165113,False,1.0,0,1,146778.839089,0.838736,0,0.000507,0.0,1.0,1.0,1,1,0,0,False,0.5198,0.2535,0.2364,0.3906,0.5
100000007511163100,transit,0.851,3,0.4667,"Пропуск 129%: получил 64 тыс ₸ от 2 плательщиков, отдал 82 тыс ₸ 3 получ.; 77% ушло ≤2 дн. после поступления",204,,быстрый_транзит;возвратные_циклы,1,False,2,3,63666.0,82052.0,2,3,1.288788,False,1.0,1,2,16267.730258,0.198261,2,0.00034,0.000136,0.769642,0.0,1,1,0,0,False,0.468,0.1854,0.0935,0.7745,0.5
100000001253557100,consolidator,0.734,2,0.4663,Сбор от 5 плательщиков (seed: 1): 210 тыс ₸; дальше не ушло ничего; к узлу ведут цепочки переводов от 5 seed,205,terminal,,1,False,5,0,210200.0,0.0,5,0,0.0,False,0.0,1,5,33464.771134,0.159204,4,0.000351,0.0,0.0,,1,0,0,0,False,0.6606,0.4378,0.271,0.3143,0.0
100000003249054100,consolidator,0.721,1,0.4656,Сбор от 7 плательщиков: 100 тыс ₸; дальше ушло 15% (1 получ.); к узлу ведут цепочки переводов от 3 seed,206,,,2,False,7,1,99700.0,15000.0,11,1,0.150451,False,1.0,0,3,1988.410925,0.019944,4,0.000431,4e-05,0.0,8.0,2,0,0,0,False,0.6489,0.2211,0.1303,0.8105,0.0
100000004948177100,terminal,0.866,3,0.4656,"Получил 437 тыс ₸ от 3 плательщиков (seed: 1), исходящих нет (исходящие наблюдаемы)",207,,,1,False,3,0,437163.0,0.0,8,0,0.0,False,0.0,1,2,343503.492245,0.785756,1,0.000422,0.0,0.0,,1,0,0,0,False,0.5196,0.4732,0.4092,0.3605,0.0
100000000933075100,transit,0.885,17,0.4653,"Пропуск 138%: получил 40 тыс ₸ от 1 плательщика, отдал 55 тыс ₸ 2 получ.; 100% ушло ≤2 дн. после поступления",208,,быстрый_транзит;возвратные_циклы,3,False,1,2,40000.0,55000.0,1,2,1.375,False,1.0,0,2,941.612678,0.01712,0,0.000809,2.1e-05,1.0,0.0,1,1,0,0,False,0.4868,0.1395,0.018,0.8912,0.5
100000003390036100,peripheral,0.627,1,0.4652,"Получил 231 тыс ₸ от 2 плательщиков, отдал 62 тыс ₸ 2 получ., пропуск 27%; пороги ролей не достигнуты",209,,возвратные_циклы,2,False,2,2,231300.0,62000.0,4,2,0.26805,False,1.0,0,9,90960.537198,0.393258,1,0.001324,7.8e-05,0.043234,0.0,1,1,0,0,False,0.0627,0.6505,0.2891,0.9464,0.25
100000008746449100,distributor,0.68,2,0.4647,"Веер: 10 получателей при 1 плательщике; разослал 1 млн ₸, в среднем 101 тыс ₸ за перевод",210,,всплеск_активности,3,False,1,10,10000.0,1009000.0,1,10,100.9,False,1.0,0,3,5.21897,5e-06,1,0.000287,0.000166,0.0,3.0,1,0,0,0,False,0.51,0.2211,0.5671,0.5009,0.0
100000002645609100,consolidator,0.705,1,0.4646,Сбор от 4 плательщиков (seed: 1): 547 тыс ₸; дальше не ушло ничего,211,terminal,,1,False,4,0,546820.68,0.0,5,0,0.0,False,0.0,1,2,47480.268168,0.08683,4,0.000355,0.0,0.0,,1,0,0,0,False,0.6345,0.2865,0.4515,0.3178,0.0
100000005432267100,terminal,0.821,5,0.4621,"Получил 350 тыс ₸ от 2 плательщиков (seed: 1), исходящих нет (исходящие наблюдаемы); к узлу ведут цепочки переводов от 4 seed",212,,,1,False,2,0,350001.0,0.0,2,0,0.0,False,0.0,1,4,250004.279854,0.714296,2,0.000342,0.0,0.0,,2,0,0,0,False,0.4926,0.5827,0.3673,0.3052,0.0
100000004105288100,terminal,0.796,5,0.4614,"Получил 215 тыс ₸ от 2 плательщиков (seed: 1), исходящих нет (исходящие наблюдаемы); к узлу ведут цепочки переводов от 8 seed",213,,,1,False,2,0,215000.0,0.0,2,0,0.0,False,0.0,1,8,107131.618079,0.498287,1,0.000463,0.0,0.0,,1,0,0,0,False,0.4776,0.6422,0.2753,0.375,0.0
100000004403675100,peripheral,0.5,16,0.4613,"Получил 183 тыс ₸ от 4 плательщиков, отдал 265 тыс ₸ 5 получ., пропуск 145%; пороги ролей не достигнуты",214,,всплеск_активности;возвратные_циклы;повторяющиеся_маршруты,1,False,4,5,182980.0,264699.0,8,6,1.446601,False,1.0,2,3,93552.746003,0.353431,4,0.00074,0.002788,0.408203,3.0,1,1,2,1,False,0.05,0.4321,0.3145,0.9573,0.5
100000003131693100,terminal,0.763,5,0.4602,"Получил 353 тыс ₸ от 1 плательщика (seed: 1), исходящих нет (исходящие наблюдаемы); к узлу ведут цепочки переводов от 4 seed",215,,,1,False,1,0,353277.0,0.0,1,0,0.0,False,0.0,1,4,353277.0,1.0,1,0.000356,0.0,0.0,,1,0,0,0,False,0.4578,0.6153,0.369,0.3187,0.0
100000003159641100,consolidator,0.638,14,0.4588,"Сбор от 4 плательщиков: 64 тыс ₸; отдал 198 тыс ₸ 1 получ. — больше, чем получил в выборке; к узлу ведут цепочки переводов от 4 seed",216,,,2,False,4,1,64000.0,197800.0,7,1,3.090625,False,1.0,0,4,720.240431,0.003641,3,0.000305,5.9e-05,0.234375,5.0,1,0,0,0,False,0.5742,0.2789,0.2596,0.6726,0.0
100000008473207100,terminal,0.735,9,0.4569,"Получил 202 тыс ₸ от 1 плательщика, исходящих нет (исходящие наблюдаемы); к узлу ведут цепочки переводов от 8 seed",217,,,2,False,1,0,202000.0,0.0,4,0,0.0,False,0.0,0,8,116256.544149,0.575527,0,0.000556,0.0,0.0,,1,0,0,0,False,0.441,0.6499,0.2635,0.4284,0.0
100000004330371100,peripheral,0.616,3,0.4556,"Получил 264 тыс ₸ от 2 плательщиков, отдал 91 тыс ₸ 2 получ., пропуск 34%; пороги ролей не достигнуты",218,,возвратные_циклы;повторяющиеся_маршруты,1,False,2,2,264171.0,90681.0,12,6,0.343266,False,1.0,1,2,132683.234051,0.502263,1,0.001254,0.000335,0.032555,7.0,2,2,1,1,False,0.0616,0.3835,0.3142,0.968,0.5
100000003158727100,terminal,0.857,6,0.4548,"Получил 368 тыс ₸ от 3 плательщиков (seed: 1), исходящих нет (исходящие наблюдаемы); к узлу ведут цепочки переводов от 4 seed",219,,,1,False,3,0,367940.0,0.0,3,0,0.0,False,0.0,1,4,176617.651909,0.480018,3,0.000314,0.0,0.0,,2,0,0,0,False,0.5142,0.5499,0.3767,0.2531,0.0
100000003111305100,consolidator,0.663,2,0.4524,Сбор от 4 плательщиков: 509 тыс ₸; дальше не ушло ничего; к узлу ведут цепочки переводов от 4 seed,220,terminal,,3,False,4,0,509338.0,0.0,4,0,0.0,False,0.0,0,4,3102.720741,0.006092,3,0.000404,0.0,0.0,,2,0,0,0,False,0.5967,0.2789,0.4381,0.3543,0.0
100000001872484100,peripheral,0.512,39,0.4521,"Получил 871 тыс ₸ от 1 плательщика, отдал 515 тыс ₸ 3 получ., пропуск 59%; пороги ролей не достигнуты",221,,возвратные_циклы,1,False,1,3,871400.0,514580.0,13,9,0.590521,False,1.0,1,1,871400.0,1.0,0,0.002274,1e-06,0.0,16.0,1,2,0,0,False,0.0512,0.4216,0.5394,0.8683,0.25
100000003157679100,consolidator,0.663,2,0.4515,Сбор от 4 плательщиков: 541 тыс ₸; дальше не ушло ничего; к узлу ведут цепочки переводов от 4 seed,222,terminal,,3,False,4,0,541000.0,0.0,4,0,0.0,False,0.0,0,4,1036.507518,0.001916,3,0.000373,0.0,0.0,,2,0,0,0,False,0.5967,0.2789,0.4495,0.3339,0.0
100000008561016100,transit,0.99,2,0.4514,"Пропуск 103%: получил 180 тыс ₸ от 1 плательщика, отдал 185 тыс ₸ 1 получ.; 100% ушло ≤2 дн. после поступления",223,,быстрый_транзит;повторяющиеся_маршруты,3,False,1,1,180000.0,185000.0,2,4,1.027778,False,1.0,0,1,226.933503,0.001227,1,0.000295,2.2e-05,1.0,0.0,1,0,1,2,False,0.5445,0.0,0.2469,0.5796,0.5
100000002872399100,terminal,0.82,6,0.45,"Получил 1.1 млн ₸ от 1 плательщика, исходящих нет (исходящие наблюдаемы)",224,,,3,False,1,0,1090000.0,0.0,9,0,0.0,False,0.0,0,1,88908.714874,0.081568,0,0.000706,0.0,0.0,,1,0,0,0,False,0.492,0.2062,0.5817,0.4557,0.0
100000001611488100,terminal,0.861,4,0.4498,"Получил 779 тыс ₸ от 2 плательщиков, исходящих нет (исходящие наблюдаемы); к узлу ведут цепочки переводов от 3 seed",225,,,3,False,2,0,779300.0,0.0,3,0,0.0,False,0.0,0,3,6771.318138,0.008689,2,0.000878,0.0,0.0,,1,0,0,0,False,0.5166,0.2211,0.5183,0.47,0.0
100000001126374100,consolidator,0.663,1,0.4497,Сбор от 4 плательщиков (seed: 1): 182 тыс ₸; дальше ушло 16% (2 получ.),226,,,1,False,4,2,182500.0,29200.0,7,4,0.16,False,1.0,1,2,20351.913667,0.111517,3,0.000314,3.9e-05,0.0,11.0,1,0,0,0,False,0.5967,0.2065,0.2444,0.694,0.0
100000005612411100,peripheral,0.539,5,0.4494,"Получил 116 тыс ₸ от 3 плательщиков, отдал 507 тыс ₸ 8 получ., пропуск 439%; пороги ролей не достигнуты",227,,быстрый_транзит;всплеск_активности;повторяющиеся_маршруты,1,False,3,8,115500.0,506997.0,4,8,4.389584,False,1.0,1,3,68843.646285,0.135787,2,0.000327,0.000155,1.0,0.0,2,0,1,0,False,0.0539,0.4031,0.4372,0.7587,0.5
100000008736940100,peripheral,0.569,31,0.4493,"Получил 451 тыс ₸ от 3 плательщиков, отдал 182 тыс ₸ 3 получ., пропуск 40%; пороги ролей не достигнуты",228,,возвратные_циклы;повторяющиеся_маршруты,1,False,3,3,451090.0,182100.0,13,6,0.403689,False,1.0,1,1,349755.638911,0.775357,0,0.002414,1e-06,0.375757,0.0,2,10,1,2,False,0.0569,0.3355,0.4152,0.8717,0.5
100000002217161100,peripheral,0.5,14,0.449,"Получил 405 тыс ₸ от 2 плательщиков, отдал 995 тыс ₸ 7 получ., пропуск 246%; пороги ролей не достигнуты",229,,возвратные_циклы;дробление,2,False,2,7,404750.0,995132.0,15,19,2.458634,False,1.0,0,2,3190.615121,0.003206,1,0.000892,0.000155,0.476838,3.0,1,1,0,3,False,0.05,0.1395,0.5645,0.9462,0.5
100000002472632100,terminal,0.831,30,0.4474,"Получил 502 тыс ₸ от 2 плательщиков, дальше ушло лишь 4% (исходящие наблюдаемы)",230,,,3,False,2,1,502400.0,20000.0,3,1,0.039809,False,1.0,0,1,6020.988914,0.011984,0,0.000986,2e-05,0.0,,1,0,0,0,False,0.4986,0.0,0.4355,0.8981,0.0
100000002267998100,peripheral,0.5,23,0.4467,"Получил 420 тыс ₸ от 2 плательщиков, отдал 1.1 млн ₸ 3 получ., пропуск 265%; пороги ролей не достигнуты",231,,возвратные_циклы,2,False,2,3,420000.0,1115000.0,4,12,2.654762,False,1.0,0,2,54048.569,0.048474,1,0.001585,5.9e-05,0.47619,0.0,1,4,0,2,False,0.05,0.2987,0.586,0.9422,0.25
100000003014659100,terminal,0.752,7,0.4467,"Получил 280 тыс ₸ от 1 плательщика (seed: 1), исходящих нет (исходящие наблюдаемы); к узлу ведут цепочки переводов от 5 seed",232,,,1,False,1,0,280000.0,0.0,1,0,0.0,False,0.0,1,5,280000.0,1.0,1,0.000328,0.0,0.0,,1,0,0,0,False,0.4512,0.6383,0.3252,0.2851,0.0
100000008545727100,peripheral,0.5,15,0.4463,"Получил 30 тыс ₸ от 1 плательщика, отдал 1.9 млн ₸ 6 получ., пропуск 6222%; пороги ролей не достигнуты",233,,быстрый_транзит;возвратные_циклы,2,False,1,6,30000.0,1866500.0,1,7,62.216667,False,1.0,0,2,1504.12852,0.000806,0,0.000339,0.000134,1.0,0.0,1,1,0,0,False,0.05,0.1395,0.6832,0.7727,0.5
100000004226848100,terminal,0.755,5,0.4461,"Получил 302 тыс ₸ от 1 плательщика (seed: 1), исходящих нет (исходящие наблюдаемы); к узлу ведут цепочки переводов от 4 seed",234,,,1,False,1,0,301866.0,0.0,1,0,0.0,False,0.0,1,4,301866.0,1.0,1,0.000346,0.0,0.0,,1,0,0,0,False,0.453,0.6005,0.3393,0.3096,0.0
100000007617808100,terminal,0.775,5,0.4453,"Получил 450 тыс ₸ от 1 плательщика, исходящих нет (исходящие наблюдаемы); к узлу ведут цепочки переводов от 4 seed",235,,,2,False,1,0,450000.0,0.0,1,0,0.0,False,0.0,0,4,96772.698224,0.21505,0,0.00036,0.0,0.0,,1,0,0,0,False,0.465,0.4931,0.4147,0.3236,0.0
100000003977183100,transit,0.71,8,0.4449,"Признаки передачи средств seed: вход неполон; переправил 766 тыс ₸ 4 получ., 37% — одному",236,,быстрый_транзит;возвратные_циклы;seed,0,True,2,4,123800.0,766000.0,2,6,6.187399,False,1.0,1,1,76057.777778,1.0,1,0.000331,2e-06,0.662359,0.0,1,1,0,0,False,0.3905,0.1915,0.5151,0.6733,0.5
100000002670860100,terminal,0.833,11,0.4439,"Получил 450 тыс ₸ от 2 плательщиков (seed: 1), исходящих нет (исходящие наблюдаемы); к узлу ведут цепочки переводов от 3 seed",237,,,1,False,2,0,450000.0,0.0,2,0,0.0,False,0.0,1,3,200080.186083,0.444623,2,0.000309,0.0,0.0,,1,0,0,0,False,0.4998,0.5038,0.4147,0.2322,0.0
100000004722765100,peripheral,0.5,1,0.4433,"Получил 230 тыс ₸ от 1 плательщика, отдал 2.3 млн ₸ 3 получ., пропуск 993%; пороги ролей не достигнуты",238,,быстрый_транзит;аномалия_колена,3,False,1,3,230000.0,2284500.0,1,9,9.932609,False,1.0,0,1,7913.856391,0.003464,1,0.000582,5.8e-05,0.76087,0.0,1,0,0,2,True,0.05,0.0,0.7213,0.8912,0.5
100000003134934100,consolidator,0.663,14,0.4422,Сбор от 4 плательщиков: 379 тыс ₸; дальше не ушло ничего; к узлу ведут цепочки переводов от 3 seed,239,terminal,,2,False,4,0,379354.0,0.0,4,0,0.0,False,0.0,0,3,20014.123553,0.052758,3,0.000424,0.0,0.0,,2,0,0,0,False,0.5967,0.2865,0.3825,0.3619,0.0
100000004019124100,consolidator,0.708,3,0.4416,Сбор от 3 плательщиков (seed: 2): 193 тыс ₸; дальше не ушло ничего; к узлу ведут цепочки переводов от 5 seed,240,terminal,seed,0,True,3,0,193000.0,0.0,3,0,0.0,False,0.0,2,5,157359.670782,1.0,0,0.001203,0.0,0.0,,1,0,0,0,False,0.6372,0.5839,0.2549,0.482,0.0
100000004390333100,peripheral,0.518,1,0.4413,"Получил 65 тыс ₸ от 2 плательщиков, отдал 506 тыс ₸ 9 получ., пропуск 785%; пороги ролей не достигнуты",241,,быстрый_транзит;возвратные_циклы;дробление,1,False,2,9,64558.0,506500.0,2,14,7.845658,False,1.0,1,2,45766.919046,0.090359,8,0.000295,0.000158,1.0,1.0,1,4,0,3,False,0.0518,0.283,0.437,0.6283,0.75
100000008556318100,terminal,0.787,5,0.4408,"Получил 180 тыс ₸ от 2 плательщиков (seed: 1), исходящих нет (исходящие наблюдаемы); к узлу ведут цепочки переводов от 5 seed",242,,,1,False,2,0,180132.0,0.0,2,0,0.0,False,0.0,1,5,116840.335329,0.648637,1,0.000561,0.0,0.0,,1,0,0,0,False,0.4722,0.5558,0.2419,0.4313,0.0
100000008731444100,peripheral,0.511,14,0.4405,"Получил 439 тыс ₸ от 3 плательщиков, отдал 880 тыс ₸ 9 получ., пропуск 200%; пороги ролей не достигнуты",243,,быстрый_транзит;повторяющиеся_маршруты,2,False,3,9,439000.0,879767.8,5,9,2.004027,False,1.0,0,3,12935.255252,0.014703,5,0.000353,0.000124,0.851863,1.0,1,0,1,0,False,0.0511,0.2453,0.5412,0.7867,0.5
100000001166289100,terminal,0.85,12,0.44,"Получил 721 тыс ₸ от 2 плательщиков, дальше ушло лишь 3% (исходящие наблюдаемы)",244,,возвратные_циклы,2,False,2,1,721039.0,25000.0,10,1,0.034672,False,1.0,0,1,4751.973696,0.00659,1,0.002002,0.0,0.0,20.0,1,1,0,0,False,0.51,0.0,0.5037,0.4933,0.25
100000001929088100,terminal,0.827,6,0.4383,"Получил 396 тыс ₸ от 2 плательщиков (seed: 2), исходящих нет (исходящие наблюдаемы)",245,,,1,False,2,0,396010.0,0.0,2,0,0.0,False,0.0,2,2,396010.0,1.0,2,0.000318,0.0,0.0,,1,0,0,0,False,0.4962,0.4866,0.3906,0.2633,0.0
100000001584286100,terminal,0.858,11,0.4381,"Получил 739 тыс ₸ от 2 плательщиков, исходящих нет (исходящие наблюдаемы); к узлу ведут цепочки переводов от 5 seed",246,,,2,False,2,0,738699.0,0.0,3,0,0.0,False,0.0,0,5,369.859614,0.000501,1,0.000328,0.0,0.0,,1,0,0,0,False,0.5148,0.3238,0.5082,0.2856,0.0
100000005473151100,peripheral,0.5,15,0.4381,"Получил 1.2 млн ₸ от 3 плательщиков, отдал 225 тыс ₸ 4 получ., пропуск 18%; пороги ролей не достигнуты",247,,возвратные_циклы,1,False,3,4,1220000.0,225000.0,4,6,0.184426,False,1.0,1,2,61167.893165,0.050138,2,0.000468,0.000242,0.168033,0.0,2,1,0,1,False,0.05,0.3104,0.6029,0.8568,0.25
100000008443341100,transit,0.768,17,0.4379,"Пропуск 145%: получил 34 тыс ₸ от 2 плательщиков, отдал 50 тыс ₸ 3 получ.; 61% ушло ≤2 дн. после поступления",248,,быстрый_транзит;возвратные_циклы,1,False,2,3,34500.0,50000.0,2,4,1.449275,False,1.0,1,1,30625.0,0.6125,2,0.000669,0.00036,0.608696,2.0,1,11,0,0,False,0.4224,0.1056,0.0,0.9377,0.5
100000003254723100,terminal,0.75,5,0.4374,"Получил 270 тыс ₸ от 1 плательщика, исходящих нет (исходящие наблюдаемы); к узлу ведут цепочки переводов от 4 seed",249,,,2,False,1,0,269850.0,0.0,6,0,0.0,False,0.0,0,4,133802.183201,0.495839,0,0.00053,0.0,0.0,,1,0,0,0,False,0.45,0.5237,0.3182,0.3981,0.0
100000008192264100,transit,0.948,4,0.4364,"Пропуск 115%: получил 163 тыс ₸ от 1 плательщика, отдал 188 тыс ₸ 1 получ.; 100% ушло ≤2 дн. после поступления",250,,быстрый_транзит,3,False,1,1,162810.0,187910.0,1,2,1.154167,False,1.0,0,3,194.616894,0.001036,1,0.000291,1.9e-05,1.0,0.0,1,0,0,0,False,0.5214,0.2211,0.2499,0.4944,0.25
100000002733905100,peripheral,0.529,12,0.4355,"Получил 100 тыс ₸ от 3 плательщиков, отдал 718 тыс ₸ 2 получ., пропуск 718%; пороги ролей не достигнуты",251,,быстрый_транзит;возвратные_циклы;повторяющиеся_маршруты,2,False,3,2,100000.0,717839.0,5,3,7.17839,False,1.0,0,1,979.001315,0.001364,1,0.002917,2e-06,0.6,0.0,2,2,1,0,False,0.0529,0.0,0.5028,0.8837,0.75
100000005519998100,transit,0.817,22,0.4354,"Пропуск 103%: получил 182 тыс ₸ от 3 плательщиков, отдал 188 тыс ₸ 3 получ.; 31% ушло ≤2 дн. после поступления",252,,возвратные_циклы,2,False,3,3,182000.0,188000.0,5,8,1.032967,False,1.0,0,1,11839.445943,0.062976,0,0.000652,6e-05,0.313187,7.0,1,7,0,1,False,0.4494,0.0159,0.25,0.9061,0.25
100000005614315100,terminal,0.776,3,0.4338,"Получил 455 тыс ₸ от 1 плательщика, исходящих нет (исходящие наблюдаемы)",253,,,2,False,1,0,455000.0,0.0,1,0,0.0,False,0.0,0,1,449367.212952,0.98762,0,0.000575,0.0,0.0,,1,0,0,0,False,0.4656,0.3591,0.4168,0.4348,0.0
100000004664905100,terminal,0.818,3,0.4335,"Получил 329 тыс ₸ от 2 плательщиков (seed: 1), исходящих нет (исходящие наблюдаемы)",254,,,1,False,2,0,329020.0,0.0,4,0,0.0,False,0.0,1,2,237705.782375,0.722466,1,0.000412,0.0,0.0,,1,0,0,0,False,0.4908,0.4385,0.3556,0.3583,0.0
100000005882013100,terminal,0.758,13,0.433,"Получил 135 тыс ₸ от 2 плательщиков, дальше ушло лишь 7% (исходящие наблюдаемы); к узлу ведут цепочки переводов от 5 seed",255,,возвратные_циклы,2,False,2,1,135000.0,10000.0,3,1,0.074074,False,1.0,0,5,35687.256322,0.26435,0,0.000526,0.0,0.074074,1.0,1,2,0,0,False,0.4548,0.4439,0.1875,0.3946,0.25
100000000089154100,distributor,0.739,1,0.4328,"Веер: 15 получателей при 1 плательщике; разослал 426 тыс ₸, в среднем 20 тыс ₸ за перевод",256,,возвратные_циклы,1,False,1,15,10000.0,425500.0,1,21,42.55,False,1.0,1,1,10000.0,0.023502,11,0.000287,0.000109,1.0,0.0,1,9,0,1,False,0.5542,0.0,0.4041,0.4976,0.25
100000006424479100,peripheral,0.56,13,0.4326,"Получил 500 тыс ₸ от 1 плательщика, отдал 220 тыс ₸ 2 получ., пропуск 44%; пороги ролей не достигнуты",257,,,2,False,1,2,500000.0,220000.0,2,3,0.44,False,1.0,0,5,146659.957489,0.29332,0,0.000944,7.3e-05,0.0,14.0,1,0,0,1,False,0.056,0.5773,0.4346,0.9331,0.0
100000002741024100,peripheral,0.5,20,0.4312,"Получил 818 тыс ₸ от 5 плательщиков, отдал 435 тыс ₸ 6 получ., пропуск 53%; пороги ролей не достигнуты",258,,возвратные_циклы,2,False,5,6,817980.85,434989.0,9,7,0.531784,False,1.0,0,3,17504.372746,0.021399,3,0.002855,0.000119,0.003245,6.0,1,3,0,0,False,0.05,0.2739,0.5275,0.9675,0.25
100000001714173100,terminal,0.793,2,0.4294,"Получил 639 тыс ₸ от 1 плательщика, исходящих нет (исходящие наблюдаемы); к узлу ведут цепочки переводов от 3 seed",259,,,3,False,1,0,638905.0,0.0,6,0,0.0,False,0.0,0,3,15479.418996,0.024228,0,0.000571,0.0,0.0,,1,0,0,0,False,0.4758,0.2623,0.4809,0.4339,0.0
100000002596035100,terminal,0.742,7,0.4294,"Получил 232 тыс ₸ от 1 плательщика (seed: 1), исходящих нет (исходящие наблюдаемы); к узлу ведут цепочки переводов от 5 seed",260,,,1,False,1,0,231570.0,0.0,1,0,0.0,False,0.0,1,5,231570.0,1.0,1,0.000321,0.0,0.0,,1,0,0,0,False,0.4452,0.6204,0.2893,0.2727,0.0
100000004666651100,terminal,0.773,5,0.4281,"Получил 429 тыс ₸ от 1 плательщика, исходящих нет (исходящие наблюдаемы); к узлу ведут цепочки переводов от 4 seed",261,,,2,False,1,0,429250.0,0.0,1,0,0.0,False,0.0,0,4,34183.031519,0.079634,0,0.000458,0.0,0.0,,1,0,0,0,False,0.4638,0.3949,0.4058,0.3737,0.0
100000003899899100,terminal,0.788,3,0.4278,"Получил 218 тыс ₸ от 2 плательщиков, дальше ушло лишь 5% (исходящие наблюдаемы)",262,,,3,False,2,1,218500.0,10000.0,5,1,0.045767,False,1.0,0,2,2279.444241,0.010432,1,0.000654,1.9e-05,0.0,3.0,1,0,0,0,False,0.4728,0.1395,0.2783,0.8645,0.0
100000002731501100,peripheral,0.516,24,0.4275,"Получил 570 тыс ₸ от 3 плательщиков, отдал 834 тыс ₸ 7 получ., пропуск 146%; пороги ролей не достигнуты",263,,синхронный_сбор;возвратные_циклы;повторяющиеся_маршруты,1,False,3,7,570370.0,833960.0,7,20,1.462139,False,1.0,1,1,12668.2719,0.015191,2,0.000486,4e-06,0.35065,2.0,3,8,2,1,False,0.0516,0.0223,0.5311,0.7745,0.75
100000004816564100,terminal,0.749,3,0.4274,"Получил 285 тыс ₸ от 1 плательщика, дальше ушло лишь 2% (исходящие наблюдаемы); к узлу ведут цепочки переводов от 3 seed",264,,,2,False,1,1,285480.0,5000.0,1,1,0.017514,False,1.0,0,3,7913.594727,0.02772,1,0.000376,1.9e-05,0.017514,1.0,1,0,0,0,False,0.4494,0.2211,0.3288,0.7331,0.0
100000002991079100,terminal,0.763,3,0.4265,"Получил 149 тыс ₸ от 2 плательщиков (seed: 1), дальше ушло лишь 7% (исходящие наблюдаемы)",265,,,1,False,2,1,148900.0,11000.0,3,1,0.073875,False,1.0,1,2,54877.309819,0.368551,1,0.000395,2e-05,0.073875,0.0,1,0,0,0,False,0.4578,0.3001,0.206,0.7698,0.0
100000008758168100,peripheral,0.5,2,0.4265,"Получил 75 тыс ₸ от 2 плательщиков, отдал 1.5 млн ₸ 5 получ., пропуск 2034%; пороги ролей не достигнуты",266,,быстрый_транзит,2,False,2,5,75410.0,1533600.0,2,5,20.336825,False,1.0,0,5,8329.969131,0.005432,2,0.000318,5.6e-05,0.867392,0.0,1,0,0,0,False,0.05,0.3238,0.6461,0.7169,0.25
100000005077484100,terminal,0.702,26,0.4262,"Получил 150 тыс ₸ от 1 плательщика, дальше ушло лишь 9% (исходящие наблюдаемы)",267,,возвратные_циклы,2,False,1,2,150000.0,13550.0,1,2,0.090333,False,1.0,0,1,50998.725032,0.339992,0,0.00054,0.0,0.047,0.0,1,1,0,0,False,0.4212,0.1537,0.2074,0.7849,0.25
100000003831324100,terminal,0.813,6,0.4257,"Получил 300 тыс ₸ от 2 плательщиков (seed: 1), исходящих нет (исходящие наблюдаемы); к узлу ведут цепочки переводов от 3 seed",268,,,1,False,2,0,300000.0,0.0,2,0,0.0,False,0.0,1,3,200014.710761,0.666716,2,0.000315,0.0,0.0,,1,0,0,0,False,0.4878,0.5038,0.3382,0.2576,0.0
100000004144536100,consolidator,0.705,24,0.4254,Сбор от 4 плательщиков (seed: 1): 168 тыс ₸; дальше не ушло ничего,269,terminal,,1,False,4,0,168000.0,0.0,6,0,0.0,False,0.0,1,1,113322.139716,0.674537,1,0.000969,0.0,0.0,,2,0,0,0,False,0.6345,0.2291,0.2287,0.4744,0.0
100000001924185100,terminal,0.779,7,0.4246,"Получил 151 тыс ₸ от 2 плательщиков (seed: 2), исходящих нет (исходящие наблюдаемы); к узлу ведут цепочки переводов от 8 seed",270,,,1,False,2,0,151000.0,0.0,2,0,0.0,False,0.0,2,8,151000.0,1.0,2,0.00031,0.0,0.0,,1,0,0,0,False,0.4674,0.6746,0.2086,0.2371,0.0
100000003366471100,terminal,0.806,1,0.4243,"Получил 330 тыс ₸ от 2 плательщиков, дальше ушло лишь 6% (исходящие наблюдаемы)",271,,,3,False,2,1,329789.0,20000.0,5,1,0.060645,False,1.0,0,2,2940.177043,0.008915,2,0.00036,1.9e-05,0.0,25.0,2,0,0,0,False,0.4836,0.1395,0.356,0.7202,0.0
100000002945626100,terminal,0.88,2,0.4238,"Получил 584 тыс ₸ от 3 плательщиков, исходящих нет (исходящие наблюдаемы); к узлу ведут цепочки переводов от 4 seed",272,,,3,False,3,0,584000.0,0.0,3,0,0.0,False,0.0,0,4,971.324973,0.001663,3,0.000338,0.0,0.0,,2,0,0,0,False,0.528,0.2789,0.4639,0.2987,0.0
100000008086440100,transit,0.72,1,0.4231,"Пропуск 81%: получил 200 тыс ₸ от 1 плательщика, отдал 161 тыс ₸ 5 получ.",273,,возвратные_циклы,3,False,1,5,199733.0,161300.0,1,6,0.807578,False,1.0,0,2,2422.844823,0.01213,3,0.000338,0.000105,0.190254,2.0,1,9,0,0,False,0.396,0.1395,0.2614,0.7649,0.25
100000000810551100,terminal,0.686,5,0.423,"Получил 100 тыс ₸ от 1 плательщика (seed: 1), дальше ушло лишь 7% (исходящие наблюдаемы); к узлу ведут цепочки переводов от 4 seed",274,,,1,False,1,1,100000.0,7100.0,1,1,0.071,False,1.0,1,4,100000.0,1.0,1,0.000306,7.8e-05,0.0,,1,0,0,0,False,0.4116,0.4962,0.1308,0.6813,0.0
100000004007116100,transit,0.679,24,0.4222,"Признаки передачи средств seed: вход неполон; переправил 148 тыс ₸ 4 получ., 76% — одному",275,,возвратные_циклы;повторяющиеся_маршруты;seed,0,True,3,4,764704.0,148000.0,24,6,0.193539,False,1.0,0,0,8032.405512,1.0,2,0.000628,0.0,0.0,14.0,1,10,2,0,False,0.3735,0.0,0.5148,0.8156,0.5
100000003016438100,transit,0.854,2,0.4206,"Пропуск 150%: получил 200 тыс ₸ от 1 плательщика, отдал 300 тыс ₸ 1 получ.; 100% ушло ≤2 дн. после поступления",276,,быстрый_транзит,3,False,1,1,200000.0,300000.0,1,3,1.5,False,1.0,0,1,627.373546,0.002091,1,0.000317,2.1e-05,1.0,0.0,1,0,0,0,False,0.4697,0.0,0.3382,0.6875,0.25
100000007507343100,terminal,0.766,29,0.4203,"Получил 370 тыс ₸ от 1 плательщика (seed: 1), исходящих нет (исходящие наблюдаемы)",277,,,1,False,1,0,370000.0,0.0,1,0,0.0,False,0.0,1,1,370000.0,1.0,0,0.000642,0.0,0.0,,1,0,0,0,False,0.4596,0.3408,0.3778,0.4486,0.0
100000008566737100,terminal,0.8,14,0.4202,"Получил 230 тыс ₸ от 2 плательщиков (seed: 1), исходящих нет (исходящие наблюдаемы); к узлу ведут цепочки переводов от 4 seed",278,,,1,False,2,0,230000.0,0.0,2,0,0.0,False,0.0,1,4,105852.582195,0.460229,1,0.000349,0.0,0.0,,2,0,0,0,False,0.48,0.5016,0.288,0.3127,0.0
100000004479404100,peripheral,0.5,34,0.42,"Получил 1.5 млн ₸ от 2 плательщиков, отдал 300 тыс ₸ 1 получ., пропуск 20%; пороги ролей не достигнуты",279,,возвратные_циклы,2,False,2,1,1492000.0,300000.0,8,2,0.201072,False,1.0,0,2,1637.26324,0.001097,1,0.000867,9.6e-05,0.0,24.0,1,1,0,0,False,0.05,0.1395,0.6409,0.9337,0.25
100000003886323100,terminal,0.738,3,0.4193,"Получил 78 тыс ₸ от 2 плательщиков (seed: 1), дальше ушло лишь 10% (исходящие наблюдаемы)",280,,возвратные_циклы,1,False,2,1,78168.0,7650.0,6,1,0.097866,False,1.0,1,2,8638.407556,0.110511,1,0.001805,1.9e-05,0.0,10.0,1,1,0,0,False,0.4428,0.1395,0.0843,0.8866,0.25
100000004325327100,transit,0.913,1,0.4192,"Пропуск 99%: получил 71 тыс ₸ от 2 плательщиков, отдал 70 тыс ₸ 1 получ.; 67% ушло ≤2 дн. после поступления",281,,быстрый_транзит,1,False,2,1,70817.0,70000.0,3,1,0.988463,False,1.0,1,2,47491.760202,0.670627,2,0.000296,3.8e-05,0.670348,2.0,1,0,0,0,False,0.5022,0.2865,0.0657,0.5959,0.25
100000008603331100,peripheral,0.526,13,0.419,"Получил 40 тыс ₸ от 2 плательщиков, отдал 742 тыс ₸ 6 получ., пропуск 1878%; пороги ролей не достигнуты",282,,быстрый_транзит;возвратные_циклы;повторяющиеся_маршруты,2,False,2,6,39500.0,741774.0,3,6,18.779089,False,1.0,0,1,2531.137646,0.003412,1,0.000344,0.000196,1.0,0.0,1,1,1,0,False,0.0526,0.0,0.509,0.7847,0.75
100000004394765100,peripheral,0.544,3,0.417,"Получил 604 тыс ₸ от 3 плательщиков, отдал 82 тыс ₸ 2 получ., пропуск 14%; пороги ролей не достигнуты",283,,,1,False,3,2,603844.0,82500.0,10,2,0.136625,False,1.0,1,3,454034.757937,0.751907,3,0.00038,6.5e-05,0.0,3.0,2,0,0,0,False,0.0544,0.5811,0.4702,0.7972,0.0
100000002720627100,terminal,0.735,7,0.4151,"Получил 199 тыс ₸ от 1 плательщика (seed: 1), исходящих нет (исходящие наблюдаемы); к узлу ведут цепочки переводов от 5 seed",284,,,1,False,1,0,199300.0,0.0,1,0,0.0,False,0.0,1,5,199300.0,1.0,1,0.000316,0.0,0.0,,1,0,0,0,False,0.441,0.6062,0.261,0.2587,0.0
100000002241986100,peripheral,0.5,4,0.415,"Получил 280 тыс ₸ от 1 плательщика, отдал 3.1 млн ₸ 6 получ., пропуск 1099%; пороги ролей не достигнуты",285,,аномалия_колена,3,False,1,6,280000.0,3077000.0,1,12,10.989286,False,1.0,0,3,334.701372,0.000109,1,0.000295,0.000115,0.0,,1,0,0,0,True,0.05,0.2211,0.7775,0.6152,0.25
100000002459832100,terminal,0.867,9,0.415,"Получил 881 тыс ₸ от 2 плательщиков, исходящих нет (исходящие наблюдаемы)",286,,,3,False,2,0,880606.0,0.0,2,0,0.0,False,0.0,0,2,1753.56045,0.001991,2,0.000393,0.0,0.0,,1,0,0,0,False,0.5202,0.1395,0.5414,0.3483,0.0
100000001875167100,terminal,0.815,4,0.4141,"Получил 1 млн ₸ от 1 плательщика, исходящих нет (исходящие наблюдаемы); к узлу ведут цепочки переводов от 3 seed",287,,,3,False,1,0,1000000.0,0.0,2,0,0.0,False,0.0,0,3,1195.362042,0.001195,1,0.000318,0.0,0.0,,1,0,0,0,False,0.489,0.2211,0.5654,0.2647,0.0
100000004336312100,transit,0.671,22,0.4118,"Пропуск 80%: получил 90 тыс ₸ от 3 плательщиков, отдал 73 тыс ₸ 2 получ.",288,,синхронный_сбор;возвратные_циклы,2,False,3,2,90415.0,72650.0,7,3,0.803517,False,1.0,0,1,9268.700463,0.102513,0,0.000696,3.4e-05,0.0,8.0,3,7,0,0,False,0.3691,0.0,0.1118,0.8919,0.5
100000008650785100,transit,0.629,3,0.411,"Признаки передачи средств seed: вход неполон; переправил 120 тыс ₸ 2 получ., 58% — одному",289,,быстрый_транзит;seed,0,True,2,2,92000.0,120120.0,2,2,1.305652,False,1.0,1,4,83192.711871,1.0,0,0.000613,2.2e-05,0.61413,1.0,1,0,0,0,False,0.346,0.4789,0.1654,0.8746,0.25
100000001384826100,terminal,0.759,4,0.4107,"Получил 364 тыс ₸ от 1 плательщика, дальше ушло лишь 3% (исходящие наблюдаемы); к узлу ведут цепочки переводов от 3 seed",290,,,3,False,1,1,364260.0,10000.0,1,1,0.027453,False,1.0,0,3,435.422577,0.001195,1,0.000297,1.9e-05,0.0,12.0,1,0,0,0,False,0.4554,0.2211,0.3748,0.5674,0.0
100000007898453100,peripheral,0.599,5,0.41,"Получил 25 тыс ₸ от 1 плательщика, отдал 320 тыс ₸ 2 получ., пропуск 1293%; пороги ролей не достигнуты",291,,быстрый_транзит;возвратные_циклы,2,False,1,2,24750.0,320000.0,1,2,12.929293,False,1.0,0,4,19660.784288,0.06144,0,0.000333,2.4e-05,1.0,1.0,1,1,0,0,False,0.0599,0.3427,0.3504,0.7249,0.5
100000003798151100,terminal,0.763,3,0.4099,"Получил 350 тыс ₸ от 1 плательщика, исходящих нет (исходящие наблюдаемы)",292,,,2,False,1,0,350000.0,0.0,3,0,0.0,False,0.0,0,1,300361.617356,0.858176,0,0.000575,0.0,0.0,,1,0,0,0,False,0.4578,0.3211,0.3673,0.4351,0.0
100000008438656100,terminal,0.746,5,0.409,"Получил 80 тыс ₸ от 2 плательщиков (seed: 1), дальше ушло лишь 6% (исходящие наблюдаемы); к узлу ведут цепочки переводов от 5 seed",293,,,1,False,2,1,80000.0,5000.0,2,1,0.0625,False,1.0,1,5,55029.884051,0.687874,2,0.000297,2.4e-05,0.0,14.0,1,0,0,0,False,0.4476,0.4848,0.0887,0.6034,0.0
100000002760175100,terminal,0.731,7,0.4088,"Получил 187 тыс ₸ от 1 плательщика (seed: 1), исходящих нет (исходящие наблюдаемы); к узлу ведут цепочки переводов от 5 seed",294,,,1,False,1,0,187410.0,0.0,1,0,0.0,False,0.0,1,5,187410.0,1.0,1,0.000314,0.0,0.0,,1,0,0,0,False,0.4386,0.6004,0.2494,0.252,0.0
100000008752616100,peripheral,0.5,2,0.4078,"Получил 65 тыс ₸ от 2 плательщиков, отдал 1.3 млн ₸ 7 получ., пропуск 1961%; пороги ролей не достигнуты",295,,быстрый_транзит;всплеск_активности,2,False,2,7,64510.0,1265000.0,2,7,19.609363,False,1.0,0,4,6938.66111,0.005485,3,0.000313,0.000139,0.844985,0.0,1,0,0,0,False,0.05,0.2789,0.6098,0.7218,0.25
100000002433697100,transit,0.901,4,0.4074,"Пропуск 85%: получил 130 тыс ₸ от 1 плательщика, отдал 110 тыс ₸ 1 получ.; 85% ушло ≤2 дн. после поступления",296,,быстрый_транзит,3,False,1,1,130000.0,110000.0,1,1,0.846154,False,1.0,0,3,155.397065,0.001195,1,0.00029,1.9e-05,0.846154,0.0,1,0,0,0,False,0.4956,0.2211,0.1803,0.4782,0.25
100000008730371100,terminal,0.841,10,0.4071,"Получил 520 тыс ₸ от 2 плательщиков, исходящих нет (исходящие наблюдаемы)",297,,,3,False,2,0,520000.0,0.0,3,0,0.0,False,0.0,0,2,2564.696081,0.004932,1,0.000858,0.0,0.0,,1,0,0,0,False,0.5046,0.1395,0.442,0.4682,0.0
100000007181706100,terminal,0.786,5,0.407,"Получил 176 тыс ₸ от 2 плательщиков (seed: 1), исходящих нет (исходящие наблюдаемы); к узлу ведут цепочки переводов от 4 seed",298,,,1,False,2,0,176272.0,0.0,2,0,0.0,False,0.0,1,4,163782.580532,0.929147,2,0.000319,0.0,0.0,,2,0,0,0,False,0.4716,0.5428,0.2378,0.268,0.0
100000001887715100,peripheral,0.5,2,0.4069,"Получил 1.3 млн ₸ от 3 плательщиков, отдал 750 тыс ₸ 1 получ., пропуск 56%; пороги ролей не достигнуты",299,,синхронный_сбор,3,False,3,1,1331500.0,750000.0,4,1,0.563275,False,1.0,0,2,112.488241,8.4e-05,1,0.000731,2.3e-05,0.563275,0.0,3,0,0,0,False,0.05,0.1395,0.6194,0.8899,0.25
100000003809101100,peripheral,0.656,7,0.4068,"Получил 166 тыс ₸ от 2 плательщиков, отдал 55 тыс ₸ 2 получ., пропуск 33%; пороги ролей не достигнуты",300,,возвратные_циклы,1,False,2,2,166050.0,55200.0,3,4,0.33243,False,1.0,1,5,147738.403426,0.889722,1,0.000362,0.000133,0.061427,1.0,1,1,0,1,False,0.0656,0.578,0.2265,0.7974,0.25
100000004677680100,peripheral,0.655,7,0.406,"Получил 63 тыс ₸ от 2 плательщиков, отдал 168 тыс ₸ 1 получ., пропуск 267%; пороги ролей не достигнуты",301,,возвратные_циклы,1,False,2,1,63000.0,168000.0,2,3,2.666667,False,1.0,1,5,50400.0,0.3,1,0.001093,4.1e-05,0.285714,5.0,1,1,0,1,False,0.0655,0.4765,0.2287,0.9255,0.25
100000002936322100,terminal,0.861,9,0.4052,"Получил 787 тыс ₸ от 2 плательщиков, исходящих нет (исходящие наблюдаемы)",302,,,3,False,2,0,787133.0,0.0,2,0,0.0,False,0.0,0,2,2538.888117,0.003225,2,0.000366,0.0,0.0,,1,0,0,0,False,0.5166,0.1395,0.5202,0.3296,0.0
100000007281639100,terminal,0.797,3,0.4045,"Получил 217 тыс ₸ от 2 плательщиков (seed: 1), исходящих нет (исходящие наблюдаемы); к узлу ведут цепочки переводов от 3 seed",303,,,1,False,2,0,216770.0,0.0,4,0,0.0,False,0.0,1,3,148934.046182,0.68706,2,0.000324,0.0,0.0,,1,0,0,0,False,0.4782,0.4759,0.2768,0.2785,0.0
100000000838385100,peripheral,0.572,22,0.4044,"Получил 437 тыс ₸ от 1 плательщика, отдал 178 тыс ₸ 2 получ., пропуск 41%; пороги ролей не достигнуты",304,,возвратные_циклы;повторяющиеся_маршруты,3,False,1,2,436900.0,177500.0,8,6,0.406271,False,1.0,0,1,34736.024828,0.079506,0,0.001921,2.2e-05,0.095445,21.0,1,1,1,1,False,0.0572,0.1175,0.4091,0.9213,0.5
100000002704875100,terminal,0.837,1,0.4043,"Получил 245 тыс ₸ от 3 плательщиков (seed: 1), исходящих нет (исходящие наблюдаемы); к узлу ведут цепочки переводов от 5 seed",305,,,1,False,3,0,244891.0,0.0,4,0,0.0,False,0.0,1,5,31420.991314,0.128306,3,0.000315,0.0,0.0,,1,0,0,0,False,0.5022,0.4319,0.2999,0.2573,0.0
100000008747113100,terminal,0.792,4,0.4041,"Получил 198 тыс ₸ от 2 плательщиков (seed: 1), исходящих нет (исходящие наблюдаемы); к узлу ведут цепочки переводов от 5 seed",306,,,1,False,2,0,197801.0,0.0,2,0,0.0,False,0.0,1,5,92716.76404,0.468738,2,0.000308,0.0,0.0,,2,0,0,0,False,0.4752,0.534,0.2596,0.2275,0.0
100000003221384100,terminal,0.782,3,0.4037,"Получил 511 тыс ₸ от 1 плательщика, исходящих нет (исходящие наблюдаемы); к узлу ведут цепочки переводов от 3 seed",307,,,2,False,1,0,511200.0,0.0,1,0,0.0,False,0.0,0,3,14170.623597,0.02772,1,0.000448,0.0,0.0,,1,0,0,0,False,0.4692,0.254,0.4388,0.3719,0.0
100000003054328100,transit,0.883,11,0.4036,"Пропуск 138%: получил 140 тыс ₸ от 1 плательщика, отдал 194 тыс ₸ 2 получ.; 100% ушло ≤2 дн. после поступления",308,,быстрый_транзит,2,False,1,2,140000.0,193720.0,1,2,1.383714,False,1.0,0,1,2039.005918,0.010526,0,0.000336,1e-06,1.0,0.0,1,0,0,0,False,0.4856,0.0,0.2556,0.6715,0.25
100000001904863100,terminal,0.781,16,0.4035,"Получил 500 тыс ₸ от 1 плательщика, исходящих нет (исходящие наблюдаемы); к узлу ведут цепочки переводов от 3 seed",309,,,2,False,1,0,500000.0,0.0,1,0,0.0,False,0.0,0,3,13709.260217,0.027419,0,0.000482,0.0,0.0,,1,0,0,0,False,0.4686,0.2508,0.4346,0.3819,0.0
100000001660397100,transit,0.915,1,0.4029,"Пропуск 101%: получил 49 тыс ₸ от 2 плательщиков, отдал 49 тыс ₸ 3 получ.; 67% ушло ≤2 дн. после поступления",310,,быстрый_транзит;возвратные_циклы,1,False,2,3,48600.0,49000.0,2,4,1.00823,False,1.0,1,1,19494.889059,0.397855,4,0.000295,0.000503,0.67284,1.0,1,29,0,0,False,0.5033,0.063,0.0,0.6392,0.5
100000004094958100,transit,0.991,37,0.4021,"Пропуск 103%: получил 39 тыс ₸ от 1 плательщика, отдал 40 тыс ₸ 1 получ.; 100% ушло ≤2 дн. после поступления",311,,быстрый_транзит,1,False,1,1,39000.0,40000.0,1,1,1.025641,False,1.0,1,1,39000.0,0.975,0,0.000391,0.0,1.0,0.0,1,0,0,0,False,0.545,0.1284,0.0,0.714,0.25
100000004689658100,terminal,0.773,9,0.4016,"Получил 456 тыс ₸ от 1 плательщика, дальше ушло лишь 2% (исходящие наблюдаемы)",312,,,3,False,1,1,456100.0,7092.0,1,1,0.015549,False,1.0,0,1,762.246517,0.001671,1,0.000386,1.9e-05,0.0,,1,0,0,0,False,0.4638,0.0,0.4172,0.7387,0.0
100000001884825100,terminal,0.872,2,0.4013,"Получил 495 тыс ₸ от 3 плательщиков, исходящих нет (исходящие наблюдаемы); к узлу ведут цепочки переводов от 3 seed",313,,,3,False,3,0,495000.0,0.0,3,0,0.0,False,0.0,0,3,394.396092,0.000797,3,0.00034,0.0,0.0,,2,0,0,0,False,0.5232,0.2211,0.4327,0.3027,0.0
100000002356167100,terminal,0.735,4,0.4009,"Получил 300 тыс ₸ от 1 плательщика, дальше ушло лишь 10% (исходящие наблюдаемы); к узлу ведут цепочки переводов от 3 seed",314,,,3,False,1,2,300000.0,29500.0,1,3,0.098333,False,1.0,0,3,358.608612,0.001195,1,0.000295,3.8e-05,0.018333,9.0,1,0,0,0,False,0.441,0.2211,0.3382,0.5907,0.0
100000000291908100,terminal,0.745,36,0.4006,"Получил 296 тыс ₸ от 1 плательщика, дальше ушло лишь 5% (исходящие наблюдаемы)",315,,,3,False,1,1,295500.0,13300.0,5,1,0.045008,False,1.0,0,1,6368.14467,0.02155,0,0.000707,2e-05,0.0,4.0,1,0,0,0,False,0.447,0.0,0.3353,0.8757,0.0
100000001102676100,transit,1.0,5,0.4006,"Пропуск 100%: получил 50 тыс ₸ от 1 плательщика, отдал 50 тыс ₸ 1 получ.; 100% ушло ≤2 дн. после поступления",316,,быстрый_транзит,2,False,1,1,50000.0,50000.0,1,1,1.0,False,1.0,0,2,6789.354403,0.135787,1,0.000313,2.4e-05,1.0,0.0,1,0,0,0,False,0.55,0.1395,0.0,0.6808,0.25
100000004399686100,terminal,0.804,21,0.3996,"Получил 806 тыс ₸ от 1 плательщика, исходящих нет (исходящие наблюдаемы)",317,,,3,False,1,0,806000.0,0.0,2,0,0.0,False,0.0,0,1,24486.720143,0.030381,0,0.000571,0.0,0.0,,1,0,0,0,False,0.4824,0.0845,0.5247,0.4342,0.0
100000003042994100,terminal,0.753,3,0.3995,"Получил 286 тыс ₸ от 1 плательщика (seed: 1), исходящих нет (исходящие наблюдаемы)",318,,,1,False,1,0,286086.0,0.0,3,0,0.0,False,0.0,1,2,286086.0,1.0,1,0.000316,0.0,0.0,,1,0,0,0,False,0.4518,0.456,0.3292,0.26,0.0
100000004368189100,terminal,0.753,11,0.3984,"Получил 385 тыс ₸ от 1 плательщика, дальше ушло лишь 7% (исходящие наблюдаемы)",319,,,3,False,1,2,384600.0,28200.0,1,2,0.073323,False,1.0,0,2,123.35827,0.000321,1,0.000304,3e-06,0.056422,1.0,1,0,0,0,False,0.4518,0.1395,0.3851,0.6019,0.0
100000004559194100,terminal,0.752,3,0.3981,"Получил 282 тыс ₸ от 1 плательщика (seed: 1), исходящих нет (исходящие наблюдаемы)",320,,,1,False,1,0,282145.0,0.0,6,0,0.0,False,0.0,1,2,282145.0,1.0,1,0.000316,0.0,0.0,,1,0,0,0,False,0.4512,0.4547,0.3266,0.2589,0.0
100000003366154100,peripheral,0.608,5,0.3973,"Получил 125 тыс ₸ от 1 плательщика, отдал 289 тыс ₸ 3 получ., пропуск 231%; пороги ролей не достигнуты",321,,быстрый_транзит,1,False,1,3,125000.0,289170.0,1,3,2.31336,False,1.0,1,4,125000.0,0.432272,1,0.000311,6.1e-05,1.0,0.0,1,0,0,0,False,0.0608,0.5173,0.3312,0.6957,0.25
100000003104347100,terminal,0.756,23,0.3972,"Получил 418 тыс ₸ от 1 плательщика, дальше ушло лишь 8% (исходящие наблюдаемы)",322,,,2,False,1,1,418000.0,32000.0,1,1,0.076555,False,1.0,0,1,12938.697906,0.030954,0,0.000364,1.9e-05,0.0,21.0,1,0,0,0,False,0.4536,0.0243,0.4008,0.7242,0.0
100000008213966100,peripheral,0.572,22,0.3965,"Получил 187 тыс ₸ от 3 плательщиков, отдал 437 тыс ₸ 1 получ., пропуск 234%; пороги ролей не достигнуты",323,,возвратные_циклы,2,False,3,1,187004.0,436900.0,7,8,2.336314,False,1.0,0,2,34736.024828,0.079506,0,0.001934,4.3e-05,0.550812,1.0,1,1,0,1,False,0.0572,0.257,0.4091,0.9415,0.25
100000000267734100,peripheral,0.562,6,0.3962,"Получил 180 тыс ₸ от 2 плательщиков, отдал 282 тыс ₸ 7 получ., пропуск 157%; пороги ролей не достигнуты",324,,возвратные_циклы;повторяющиеся_маршруты,1,False,2,7,180000.0,282000.0,4,8,1.566667,False,1.0,1,1,152432.432432,0.540541,1,0.000537,4e-06,0.222222,18.0,1,1,4,0,False,0.0562,0.2571,0.3265,0.8018,0.5
100000003964910100,terminal,0.873,14,0.3962,"Получил 1 млн ₸ от 2 плательщиков, исходящих нет (исходящие наблюдаемы)",325,,,3,False,2,0,1000000.0,0.0,2,0,0.0,False,0.0,0,1,5298.379736,0.005298,1,0.000509,0.0,0.0,,2,0,0,0,False,0.5238,0.0,0.5654,0.3912,0.0
100000005844459100,terminal,0.803,1,0.3955,"Получил 243 тыс ₸ от 2 плательщиков (seed: 1), исходящих нет (исходящие наблюдаемы)",326,,,1,False,2,0,243400.0,0.0,2,0,0.0,False,0.0,1,2,151132.981062,0.620924,2,0.000338,0.0,0.0,,1,0,0,0,False,0.4818,0.3957,0.2987,0.2992,0.0
100000000031787100,transit,0.778,6,0.3954,"Пропуск 100%: получил 90 тыс ₸ от 1 плательщика, отдал 90 тыс ₸ 2 получ.",327,,возвратные_циклы,2,False,1,2,90000.0,90000.0,2,4,1.0,False,1.0,0,1,48648.648649,0.540541,0,0.000432,0.0,0.111111,3.0,1,1,0,0,False,0.4279,0.1493,0.1109,0.7351,0.25
100000007170072100,transit,0.997,9,0.3952,"Пропуск 100%: получил 100 тыс ₸ от 1 плательщика, отдал 100 тыс ₸ 2 получ.; 100% ушло ≤2 дн. после поступления",328,,быстрый_транзит;всплеск_активности,3,False,1,2,100000.0,99500.0,1,9,0.995,False,1.0,0,1,167.122674,0.001671,1,0.000308,3.8e-05,0.995,2.0,1,0,0,2,False,0.5484,0.0,0.1308,0.6657,0.25
100000008517061100,terminal,0.558,16,0.3951,"4-е колено, исходящие не выгружены; модель: P(сток)=0.66; получил 1.8 млн ₸ от 1 плательщика",329,,аномалия_колена;обрыв_4_колена,4,False,1,0,1844000.0,0.0,4,0,0.0,True,0.339898,0,1,191.42397,0.000104,0,0.000413,0.0,0.0,,1,0,0,0,True,0.3348,0.0,0.6809,0.3588,0.25
100000008708207100,terminal,0.835,2,0.3941,"Получил 465 тыс ₸ от 2 плательщиков, исходящих нет (исходящие наблюдаемы); к узлу ведут цепочки переводов от 3 seed",330,,,3,False,2,0,465000.0,0.0,2,0,0.0,False,0.0,0,3,1103.753594,0.002374,1,0.00036,0.0,0.0,,2,0,0,0,False,0.501,0.2211,0.4209,0.3232,0.0
100000000667713100,peripheral,0.589,3,0.3932,"Получил 119 тыс ₸ от 2 плательщиков, отдал 79 тыс ₸ 6 получ., пропуск 66%; пороги ролей не достигнуты",331,,возвратные_циклы;повторяющиеся_маршруты,1,False,2,6,119495.0,79236.0,10,7,0.663091,False,1.0,1,3,107665.44612,0.901004,2,0.00032,0.00014,0.148542,4.0,1,2,1,0,False,0.0589,0.4453,0.1644,0.7451,0.5
100000008628231100,peripheral,0.54,5,0.3929,"Получил 50 тыс ₸ от 1 плательщика, отдал 628 тыс ₸ 2 получ., пропуск 1256%; пороги ролей не достигнуты",332,,всплеск_активности;дробление,1,False,1,2,50000.0,627870.0,1,19,12.5574,False,1.0,1,4,50000.0,0.079634,1,0.000296,4.8e-05,0.44,3.0,1,0,0,3,False,0.054,0.4308,0.4776,0.6052,0.25
100000002975437100,terminal,0.78,25,0.3928,"Получил 530 тыс ₸ от 1 плательщика, дальше ушло лишь 2% (исходящие наблюдаемы)",333,,возвратные_циклы,3,False,1,1,530000.0,8500.0,2,1,0.016038,False,1.0,0,1,2436.624272,0.004597,0,0.000521,0.0,0.0,,1,1,0,0,False,0.468,0.0,0.4456,0.3937,0.25
100000004544958100,peripheral,0.655,7,0.3919,"Получил 168 тыс ₸ от 1 плательщика, отдал 23 тыс ₸ 2 получ., пропуск 14%; пороги ролей не достигнуты",334,,возвратные_циклы,2,False,1,2,168000.0,23200.0,3,2,0.138095,False,1.0,0,4,50400.0,0.3,0,0.001215,2.1e-05,0.030952,4.0,1,1,0,0,False,0.0655,0.4316,0.2287,0.9075,0.25
100000003171006100,terminal,0.837,2,0.3914,"Получил 485 тыс ₸ от 2 плательщиков, исходящих нет (исходящие наблюдаемы); к узлу ведут цепочки переводов от 3 seed",335,,,3,False,2,0,485000.0,0.0,2,0,0.0,False,0.0,0,3,428.956191,0.000884,2,0.000335,0.0,0.0,,2,0,0,0,False,0.5022,0.2211,0.4288,0.2949,0.0
100000006704530100,transit,0.732,27,0.3912,"Пропуск 95%: получил 450 тыс ₸ от 1 плательщика, отдал 428 тыс ₸ 3 получ.",336,,,3,False,1,3,450500.0,428000.0,1,5,0.950055,False,1.0,0,1,145.384725,0.000323,0,0.000399,5.9e-05,0.0,3.0,1,0,0,0,False,0.4026,0.0,0.4149,0.8065,0.0
100000003163886100,terminal,0.781,5,0.3906,"Получил 500 тыс ₸ от 1 плательщика, исходящих нет (исходящие наблюдаемы)",337,,,3,False,1,0,500000.0,0.0,1,0,0.0,False,0.0,0,2,6853.281853,0.013707,0,0.000734,0.0,0.0,,1,0,0,0,False,0.4686,0.1395,0.4346,0.4591,0.0
100000004746397100,terminal,0.733,4,0.3905,"Получил 220 тыс ₸ от 1 плательщика, дальше ушло лишь 3% (исходящие наблюдаемы); к узлу ведут цепочки переводов от 3 seed",338,,,3,False,1,1,219520.0,7500.0,1,1,0.034165,False,1.0,0,3,262.405875,0.001195,2,0.000293,0.000668,0.0,,1,0,0,0,False,0.4398,0.2211,0.2792,0.6143,0.0
100000002621949100,terminal,0.725,5,0.3904,"Получил 165 тыс ₸ от 1 плательщика (seed: 1), исходящих нет (исходящие наблюдаемы); к узлу ведут цепочки переводов от 4 seed",339,,,1,False,1,0,164612.0,0.0,1,0,0.0,False,0.0,1,4,164612.0,1.0,1,0.000319,0.0,0.0,,1,0,0,0,False,0.435,0.5433,0.2249,0.266,0.0
100000003220685100,terminal,0.527,4,0.3904,"4-е колено, исходящие не выгружены; модель: P(сток)=0.64; получил 1.3 млн ₸ от 1 плательщика; к узлу ведут цепочки переводов от 3 seed",340,,обрыв_4_колена,4,False,1,0,1306000.0,0.0,2,0,0.0,True,0.364401,0,3,390.351451,0.000299,0,0.000538,0.0,0.0,,1,0,0,0,False,0.3162,0.2211,0.6158,0.4124,0.0
100000004217419100,terminal,0.753,1,0.3899,"Получил 118 тыс ₸ от 2 плательщиков, дальше ушло лишь 7% (исходящие наблюдаемы)",341,,,3,False,2,1,118200.0,7700.0,3,1,0.065144,False,1.0,0,2,995.502273,0.008422,1,0.000584,1.9e-05,0.0,3.0,1,0,0,0,False,0.4518,0.1395,0.1624,0.8514,0.0
100000004587414100,terminal,0.842,4,0.3899,"Получил 534 тыс ₸ от 2 плательщиков, исходящих нет (исходящие наблюдаемы); к узлу ведут цепочки переводов от 3 seed",342,,,3,False,2,0,533603.0,0.0,2,0,0.0,False,0.0,0,3,1417.751068,0.002657,2,0.000315,0.0,0.0,,1,0,0,0,False,0.5052,0.2211,0.4469,0.2567,0.0
100000002593344100,terminal,0.831,2,0.3897,"Получил 431 тыс ₸ от 2 плательщиков, исходящих нет (исходящие наблюдаемы); к узлу ведут цепочки переводов от 3 seed",343,,,3,False,2,0,431000.0,0.0,2,0,0.0,False,0.0,0,3,1591.249582,0.003692,1,0.000359,0.0,0.0,,2,0,0,0,False,0.4986,0.2211,0.4066,0.3223,0.0
100000004209339100,peripheral,0.625,7,0.3894,"Получил 138 тыс ₸ от 1 плательщика, отдал 238 тыс ₸ 2 получ., пропуск 172%; пороги ролей не достигнуты",344,,возвратные_циклы,2,False,1,2,138500.0,238500.0,6,11,1.722022,False,1.0,0,4,26625.035138,0.111635,0,0.00082,2.1e-05,0.0,4.0,1,1,0,1,False,0.0625,0.3714,0.2949,0.8915,0.25
100000006844768100,peripheral,0.61,10,0.3894,"Получил 282 тыс ₸ от 1 плательщика, отдал 188 тыс ₸ 2 получ., пропуск 67%; пороги ролей не достигнуты",345,,возвратные_циклы,2,False,1,2,282000.0,188000.0,5,5,0.666667,False,1.0,0,3,27255.660167,0.096651,1,0.001371,3.9e-05,0.0,6.0,1,1,0,0,False,0.061,0.3157,0.3265,0.9268,0.25
100000002605548100,terminal,0.766,7,0.3886,"Получил 117 тыс ₸ от 2 плательщиков (seed: 1), исходящих нет (исходящие наблюдаемы); к узлу ведут цепочки переводов от 6 seed",346,,,1,False,2,0,116695.0,0.0,2,0,0.0,False,0.0,1,6,94930.558455,0.813493,1,0.000314,0.0,0.0,,1,0,0,0,False,0.4596,0.5729,0.16,0.254,0.0
100000002988894100,peripheral,0.603,5,0.3883,"Получил 306 тыс ₸ от 1 плательщика, отдал 78 тыс ₸ 3 получ., пропуск 25%; пороги ролей не достигнуты",347,,,1,False,1,3,306121.0,77500.0,1,3,0.253168,False,1.0,1,4,306121.0,1.0,1,0.000347,7.1e-05,0.094734,0.0,1,0,0,0,False,0.0603,0.6018,0.342,0.7696,0.0
100000004017410100,peripheral,0.5,22,0.3879,"Получил 194 тыс ₸ от 2 плательщиков, отдал 1.3 млн ₸ 5 получ., пропуск 687%; пороги ролей не достигнуты",348,,возвратные_циклы,3,False,2,5,193650.0,1330915.0,6,11,6.872786,False,1.0,0,1,14276.886668,0.010727,0,0.001132,4.1e-05,0.220243,5.0,2,6,0,0,False,0.05,0.0336,0.6194,0.9262,0.25
100000000041368100,terminal,0.724,5,0.3878,"Получил 160 тыс ₸ от 1 плательщика (seed: 1), исходящих нет (исходящие наблюдаемы); к узлу ведут цепочки переводов от 4 seed",349,,,1,False,1,0,160000.0,0.0,1,0,0.0,False,0.0,1,4,160000.0,1.0,1,0.000318,0.0,0.0,,1,0,0,0,False,0.4344,0.5406,0.2195,0.2636,0.0
100000007334196100,terminal,0.72,7,0.3874,"Получил 150 тыс ₸ от 1 плательщика (seed: 1), исходящих нет (исходящие наблюдаемы); к узлу ведут цепочки переводов от 5 seed",350,,,1,False,1,0,150002.0,0.0,1,0,0.0,False,0.0,1,5,150002.0,1.0,1,0.000308,0.0,0.0,,1,0,0,0,False,0.432,0.5794,0.2074,0.2306,0.0
100000000769919100,terminal,0.746,40,0.3861,"Получил 250 тыс ₸ от 1 плательщика, исходящих нет (исходящие наблюдаемы)",351,,,2,False,1,0,250000.0,0.0,1,0,0.0,False,0.0,0,1,200000.0,0.8,0,0.000735,0.0,0.0,,1,0,0,0,False,0.4476,0.2827,0.3038,0.4593,0.0
100000002293421100,transit,0.762,1,0.3861,"Пропуск 115%: получил 41 тыс ₸ от 2 плательщиков, отдал 47 тыс ₸ 2 получ.",352,,возвратные_циклы,2,False,2,2,41000.0,47000.0,6,5,1.146341,False,1.0,0,1,34928.727402,0.743164,0,0.000975,2e-05,0.243902,1.0,1,2,0,0,False,0.4191,0.118,0.0,0.8912,0.25
100000002753146100,terminal,0.804,11,0.3847,"Получил 804 тыс ₸ от 1 плательщика, исходящих нет (исходящие наблюдаемы)",353,,,3,False,1,0,803540.0,0.0,3,0,0.0,False,0.0,0,2,257.730901,0.000321,1,0.000324,0.0,0.0,,1,0,0,0,False,0.4824,0.1395,0.5241,0.2791,0.0
100000002722108100,terminal,0.804,11,0.3844,"Получил 800 тыс ₸ от 1 плательщика, исходящих нет (исходящие наблюдаемы)",354,,,3,False,1,0,800000.0,0.0,2,0,0.0,False,0.0,0,2,256.595466,0.000321,1,0.000324,0.0,0.0,,1,0,0,0,False,0.4824,0.1395,0.5233,0.2787,0.0
100000008692291100,transit,0.774,2,0.3842,"Пропуск 98%: получил 160 тыс ₸ от 3 плательщиков, отдал 156 тыс ₸ 3 получ.",355,,,3,False,3,3,160000.0,156000.0,3,3,0.975,False,1.0,0,3,320.068564,0.002,3,0.000308,6.4e-05,0.13125,3.0,2,0,0,0,False,0.4257,0.2211,0.2195,0.6871,0.0
100000002748761100,terminal,0.804,11,0.3841,"Получил 797 тыс ₸ от 1 плательщика, исходящих нет (исходящие наблюдаемы)",356,,,3,False,1,0,796800.0,0.0,3,0,0.0,False,0.0,0,2,255.569084,0.000321,1,0.000324,0.0,0.0,,1,0,0,0,False,0.4824,0.1395,0.5225,0.2782,0.0
100000002152857100,peripheral,0.5,8,0.3837,"Получил 105 тыс ₸ от 1 плательщика, отдал 1.2 млн ₸ 5 получ., пропуск 1171%; пороги ролей не достигнуты",357,,быстрый_транзит,1,False,1,5,105000.0,1230000.0,1,6,11.714286,False,1.0,1,1,105000.0,0.085366,2,0.0003,0.000313,1.0,2.0,1,0,0,0,False,0.05,0.2219,0.6045,0.6713,0.25
100000008193577100,peripheral,0.564,31,0.3837,"Получил 154 тыс ₸ от 2 плательщиков, отдал 480 тыс ₸ 5 получ., пропуск 311%; пороги ролей не достигнуты",358,,возвратные_циклы,1,False,2,5,154300.0,480180.0,6,16,3.11199,False,1.0,1,1,139181.503688,0.289853,0,0.001239,1e-06,0.25593,3.0,1,9,0,2,False,0.0564,0.2485,0.427,0.8599,0.25
100000008497298100,terminal,0.79,6,0.3831,"Получил 600 тыс ₸ от 1 плательщика, исходящих нет (исходящие наблюдаемы)",359,,,2,False,1,0,600000.0,0.0,1,0,0.0,False,0.0,0,1,68441.033219,0.114068,1,0.000342,0.0,0.0,,1,0,0,0,False,0.474,0.1815,0.469,0.3049,0.0
100000001960517100,terminal,0.735,8,0.3824,"Получил 200 тыс ₸ от 1 плательщика (seed: 1), исходящих нет (исходящие наблюдаемы)",360,,,1,False,1,0,200000.0,0.0,1,0,0.0,False,0.0,1,2,200000.0,1.0,0,0.000359,0.0,0.0,,1,0,0,0,False,0.441,0.4222,0.2616,0.3225,0.0
100000008137435100,peripheral,0.5,23,0.3821,"Получил 94 тыс ₸ от 2 плательщиков, отдал 1.4 млн ₸ 6 получ., пропуск 1512%; пороги ролей не достигнуты",361,,быстрый_транзит,1,False,2,6,93906.0,1419700.0,2,7,15.11831,False,1.0,1,1,43945.142147,0.030954,3,0.000314,0.000298,1.0,0.0,2,0,0,0,False,0.05,0.1397,0.6316,0.736,0.25
100000004790991100,terminal,0.744,3,0.3819,"Получил 239 тыс ₸ от 1 плательщика (seed: 1), исходящих нет (исходящие наблюдаемы)",362,,,1,False,1,0,239413.0,0.0,4,0,0.0,False,0.0,1,2,239413.0,1.0,1,0.000311,0.0,0.0,,1,0,0,0,False,0.4464,0.4392,0.2956,0.2411,0.0
100000001689968100,terminal,0.854,4,0.3807,"Получил 344 тыс ₸ от 3 плательщиков, исходящих нет (исходящие наблюдаемы); к узлу ведут цепочки переводов от 3 seed",363,,,3,False,3,0,344333.75,0.0,3,0,0.0,False,0.0,0,3,635.303792,0.001845,3,0.000339,0.0,0.0,,1,0,0,0,False,0.5124,0.2211,0.3642,0.3016,0.0
100000003057225100,terminal,0.743,3,0.3805,"Получил 236 тыс ₸ от 1 плательщика (seed: 1), исходящих нет (исходящие наблюдаемы)",364,,,1,False,1,0,236000.0,0.0,1,0,0.0,False,0.0,1,2,236000.0,1.0,1,0.000311,0.0,0.0,,1,0,0,0,False,0.4458,0.4378,0.2929,0.2395,0.0
100000002941114100,peripheral,0.678,7,0.3797,"Получил 129 тыс ₸ от 2 плательщиков, отдал 15 тыс ₸ 1 получ., пропуск 12%; пороги ролей не достигнуты",365,,возвратные_циклы,1,False,2,1,128510.0,15000.0,15,1,0.116722,False,1.0,1,5,28303.673685,0.220245,1,0.001815,2.1e-05,0.0,19.0,2,1,0,0,False,0.0678,0.422,0.1782,0.9155,0.25
100000004905207100,terminal,0.767,16,0.3792,"Получил 380 тыс ₸ от 1 плательщика, исходящих нет (исходящие наблюдаемы); к узлу ведут цепочки переводов от 3 seed",366,,,2,False,1,0,380000.0,0.0,1,0,0.0,False,0.0,0,3,10419.037765,0.027419,0,0.000435,0.0,0.0,,1,0,0,0,False,0.4602,0.2249,0.3828,0.3679,0.0
100000000489417100,transit,0.787,1,0.379,"Пропуск 109%: получил 74 тыс ₸ от 3 плательщиков, отдал 80 тыс ₸ 1 получ.",367,,,2,False,3,1,73504.0,80000.0,3,1,1.088376,False,1.0,0,2,23494.199638,0.293677,1,0.000552,1.4e-05,0.272094,0.0,2,0,0,0,False,0.4329,0.2201,0.0887,0.8201,0.0
100000006564102100,terminal,0.742,1,0.3783,"Получил 233 тыс ₸ от 1 плательщика, исходящих нет (исходящие наблюдаемы); к узлу ведут цепочки переводов от 3 seed",368,,,2,False,1,0,233235.0,0.0,1,0,0.0,False,0.0,0,3,34746.752431,0.148977,1,0.000428,0.0,0.0,,1,0,0,0,False,0.4452,0.3386,0.2907,0.3639,0.0
100000008751380100,terminal,0.82,2,0.3776,"Получил 346 тыс ₸ от 2 плательщиков, исходящих нет (исходящие наблюдаемы); к узлу ведут цепочки переводов от 4 seed",369,,,3,False,2,0,345780.0,0.0,2,0,0.0,False,0.0,0,4,568.494676,0.001644,1,0.000313,0.0,0.0,,1,0,0,0,False,0.492,0.2789,0.365,0.2471,0.0
100000004670388100,peripheral,0.529,36,0.3769,"Получил 160 тыс ₸ от 1 плательщика, отдал 720 тыс ₸ 2 получ., пропуск 449%; пороги ролей не достигнуты",370,,быстрый_транзит;возвратные_циклы,3,False,1,2,160354.0,720000.0,1,4,4.490066,False,1.0,0,1,3455.693639,0.0048,0,0.000514,2e-05,1.0,0.0,1,1,0,1,False,0.0529,0.0,0.5034,0.8085,0.5
100000006492770100,terminal,0.735,1,0.3765,"Получил 269 тыс ₸ от 1 плательщика, дальше ушло лишь 7% (исходящие наблюдаемы)",371,,,3,False,1,1,269000.0,20000.0,1,1,0.074349,False,1.0,0,2,227.693054,0.000846,1,0.000301,1.9e-05,0.074349,1.0,1,0,0,0,False,0.441,0.1395,0.3176,0.5919,0.0
100000005034574100,terminal,0.748,43,0.3764,"Получил 259 тыс ₸ от 1 плательщика (seed: 1), исходящих нет (исходящие наблюдаемы)",372,,всплеск_активности,1,False,1,0,258816.0,0.0,16,0,0.0,False,0.0,1,1,258816.0,1.0,0,0.000425,0.0,0.0,,1,0,0,0,False,0.4488,0.307,0.3103,0.3621,0.0
100000006232815100,transit,0.654,26,0.3758,"Признаки передачи средств seed: вход неполон; переправил 296 тыс ₸ 5 получ., 40% — одному",373,,возвратные_циклы;seed,0,True,1,5,160000.0,296500.0,2,5,1.853125,False,1.0,0,0,54398.640034,1.0,0,0.000557,3e-06,0.0,4.0,1,1,0,0,False,0.3597,0.1598,0.336,0.8163,0.25
100000003164661100,terminal,0.789,26,0.3756,"Получил 596 тыс ₸ от 1 плательщика, исходящих нет (исходящие наблюдаемы)",374,,,3,False,1,0,596200.0,0.0,3,0,0.0,False,0.0,0,1,16999.575011,0.028513,0,0.000601,0.0,0.0,,1,0,0,0,False,0.4734,0.0501,0.4678,0.4413,0.0
100000002736316100,terminal,0.841,1,0.3734,"Получил 267 тыс ₸ от 3 плательщиков, исходящих нет (исходящие наблюдаемы); к узлу ведут цепочки переводов от 3 seed",375,,,3,False,3,0,266921.0,0.0,3,0,0.0,False,0.0,0,3,783.876977,0.002937,3,0.000384,0.0,0.0,,2,0,0,0,False,0.5046,0.2211,0.3161,0.3407,0.0
100000008244300100,consolidator,0.734,1,0.3732,Сбор от 5 плательщиков (seed: 1): 65 тыс ₸; дальше не ушло ничего; к узлу ведут цепочки переводов от 3 seed,376,terminal,,1,False,5,0,65430.0,0.0,6,0,0.0,False,0.0,1,3,9129.990885,0.139538,2,0.000479,0.0,0.0,,1,0,0,0,False,0.6606,0.2211,0.0508,0.3815,0.0
100000003205210100,terminal,0.716,5,0.373,"Получил 138 тыс ₸ от 1 плательщика (seed: 1), исходящих нет (исходящие наблюдаемы); к узлу ведут цепочки переводов от 4 seed",377,,,1,False,1,0,137563.0,0.0,1,0,0.0,False,0.0,1,4,137563.0,1.0,1,0.000313,0.0,0.0,,1,0,0,0,False,0.4296,0.5263,0.191,0.2487,0.0
100000005527892100,peripheral,0.539,2,0.3727,"Получил 220 тыс ₸ от 3 плательщиков, отдал 552 тыс ₸ 8 получ., пропуск 251%; пороги ролей не достигнуты",378,,,1,False,3,8,220001.0,552419.0,3,8,2.510984,False,1.0,1,4,70294.666908,0.127249,6,0.000312,0.000496,0.31818,4.0,1,0,0,0,False,0.0539,0.463,0.4534,0.7327,0.0
100000002983879100,terminal,0.793,1,0.3724,"Получил 200 тыс ₸ от 2 плательщиков, исходящих нет (исходящие наблюдаемы); к узлу ведут цепочки переводов от 4 seed",379,,,2,False,2,0,200050.0,0.0,2,0,0.0,False,0.0,0,4,17101.066886,0.085484,2,0.000358,0.0,0.0,,1,0,0,0,False,0.4758,0.3296,0.2617,0.321,0.0
100000003031003100,terminal,0.844,2,0.3723,"Получил 280 тыс ₸ от 3 плательщиков, исходящих нет (исходящие наблюдаемы); к узлу ведут цепочки переводов от 4 seed",380,,,3,False,3,0,280090.0,0.0,3,0,0.0,False,0.0,0,4,137.226147,0.00049,3,0.000311,0.0,0.0,,2,0,0,0,False,0.5064,0.2789,0.3252,0.242,0.0
100000002864256100,terminal,0.715,5,0.3716,"Получил 136 тыс ₸ от 1 плательщика (seed: 1), исходящих нет (исходящие наблюдаемы); к узлу ведут цепочки переводов от 4 seed",381,,,1,False,1,0,135780.0,0.0,1,0,0.0,False,0.0,1,4,135780.0,1.0,1,0.000313,0.0,0.0,,1,0,0,0,False,0.429,0.5251,0.1886,0.2469,0.0
100000008751429100,peripheral,0.583,31,0.3714,"Получил 386 тыс ₸ от 3 плательщиков, отдал 73 тыс ₸ 1 получ., пропуск 19%; пороги ролей не достигнуты",382,,возвратные_циклы;повторяющиеся_маршруты,1,False,3,1,386200.0,72600.0,6,2,0.187985,False,1.0,1,1,323094.538397,0.836599,0,0.001504,0.0,0.0,3.0,2,5,1,0,False,0.0583,0.328,0.3858,0.4871,0.5
100000002469065100,terminal,0.735,5,0.3709,"Получил 200 тыс ₸ от 1 плательщика, исходящих нет (исходящие наблюдаемы); к узлу ведут цепочки переводов от 4 seed",383,,,2,False,1,0,200000.0,0.0,1,0,0.0,False,0.0,0,4,43010.0881,0.21505,0,0.000319,0.0,0.0,,1,0,0,0,False,0.441,0.4166,0.2616,0.2662,0.0
100000002531406100,transit,0.736,9,0.3706,"Пропуск 96%: получил 520 тыс ₸ от 1 плательщика, отдал 500 тыс ₸ 1 получ.",384,,,3,False,1,1,520000.0,500000.0,1,1,0.961538,False,1.0,0,1,1121.483523,0.002157,1,0.000323,1e-06,0.0,,1,0,0,0,False,0.4048,0.0,0.442,0.6519,0.0
100000002645993100,transit,0.798,1,0.3703,"Пропуск 175%: получил 50 тыс ₸ от 2 плательщиков, отдал 87 тыс ₸ 5 получ.; 100% ушло ≤2 дн. после поступления",385,,быстрый_транзит;всплеск_активности,3,False,2,5,49650.0,86980.0,4,9,1.751863,False,1.0,0,2,41.135479,0.000473,6,0.000293,9.4e-05,1.0,0.0,2,0,0,1,False,0.4389,0.1395,0.1045,0.5963,0.25
100000002956898100,terminal,0.811,3,0.3701,"Получил 290 тыс ₸ от 2 плательщиков, исходящих нет (исходящие наблюдаемы); к узлу ведут цепочки переводов от 3 seed",386,,,2,False,2,0,290240.0,0.0,2,0,0.0,False,0.0,0,3,7055.974108,0.024311,2,0.000377,0.0,0.0,,1,0,0,0,False,0.4866,0.2211,0.3319,0.3374,0.0
100000002710570100,terminal,0.741,25,0.3698,"Получил 225 тыс ₸ от 1 плательщика, исходящих нет (исходящие наблюдаемы)",387,,,2,False,1,0,225015.0,0.0,1,0,0.0,False,0.0,0,2,41190.293172,0.183056,1,0.000539,0.0,0.0,,1,0,0,0,False,0.4446,0.2731,0.2839,0.4144,0.0
100000002559089100,terminal,0.857,2,0.3697,"Получил 715 тыс ₸ от 2 плательщиков, исходящих нет (исходящие наблюдаемы)",388,,,3,False,2,0,715000.0,0.0,2,0,0.0,False,0.0,0,1,2675.94634,0.003743,1,0.000392,0.0,0.0,,2,0,0,0,False,0.5142,0.0,0.5021,0.3479,0.0
100000001680944100,terminal,0.769,2,0.3696,"Получил 393 тыс ₸ от 1 плательщика, исходящих нет (исходящие наблюдаемы); к узлу ведут цепочки переводов от 3 seed",389,,,3,False,1,0,393000.0,0.0,1,0,0.0,False,0.0,0,3,2071.097867,0.00527,1,0.000346,0.0,0.0,,1,0,0,0,False,0.4614,0.2211,0.3891,0.3087,0.0
100000007639767100,peripheral,0.5,20,0.3696,"Получил 91 тыс ₸ от 4 плательщиков, отдал 822 тыс ₸ 10 получ., пропуск 904%; пороги ролей не достигнуты",390,,возвратные_циклы,1,False,4,10,90913.0,822244.0,4,13,9.044295,False,1.0,1,2,23508.732142,0.028591,8,0.000301,0.002511,0.260931,8.0,1,60,0,1,False,0.05,0.2201,0.5285,0.6973,0.25
100000004726132100,terminal,0.749,10,0.3694,"Получил 349 тыс ₸ от 1 плательщика, дальше ушло лишь 7% (исходящие наблюдаемы)",391,,,3,False,1,1,349000.0,24000.0,1,2,0.068768,False,1.0,0,1,1692.636249,0.00485,1,0.000317,1.9e-05,0.0,4.0,1,0,0,0,False,0.4494,0.0,0.3667,0.6566,0.0
100000008427027100,terminal,0.755,5,0.3694,"Получил 300 тыс ₸ от 1 плательщика, исходящих нет (исходящие наблюдаемы)",392,,,3,False,1,0,300000.0,0.0,1,0,0.0,False,0.0,0,2,18431.98527,0.06144,0,0.000551,0.0,0.0,,1,0,0,0,False,0.453,0.1972,0.3382,0.4244,0.0
100000004331458100,terminal,0.804,37,0.369,"Получил 250 тыс ₸ от 2 плательщиков, исходящих нет (исходящие наблюдаемы)",393,,,2,False,2,0,250000.0,0.0,2,0,0.0,False,0.0,0,1,44661.11765,0.178644,0,0.001323,0.0,0.0,,1,0,0,0,False,0.4824,0.1412,0.3038,0.4838,0.0
100000008221543100,terminal,0.843,14,0.3686,"Получил 542 тыс ₸ от 2 плательщиков (seed: 1), исходящих нет (исходящие наблюдаемы)",394,,,1,False,2,0,542000.0,0.0,2,0,0.0,False,0.0,1,1,21283.507655,0.039268,2,0.000371,0.0,0.0,,1,0,0,0,False,0.5058,0.0713,0.4498,0.3334,0.0
100000005409156100,terminal,0.806,4,0.3683,"Получил 260 тыс ₸ от 2 плательщиков, исходящих нет (исходящие наблюдаемы); к узлу ведут цепочки переводов от 3 seed",395,,,3,False,2,0,260080.0,0.0,2,0,0.0,False,0.0,0,3,655.180837,0.002519,1,0.000424,0.0,0.0,,1,0,0,0,False,0.4836,0.2211,0.3112,0.3612,0.0
100000006641671100,transit,0.931,1,0.3681,"Пропуск 114%: получил 22 тыс ₸ от 2 плательщиков, отдал 25 тыс ₸ 1 получ.; 91% ушло ≤2 дн. после поступления",396,,быстрый_транзит,3,False,2,1,22000.0,25000.0,2,3,1.136364,False,1.0,0,1,152.416978,0.006097,1,0.00044,5e-06,0.909091,0.0,1,0,0,0,False,0.5121,0.0,0.0,0.7627,0.25
100000000821507100,terminal,0.769,11,0.368,"Получил 400 тыс ₸ от 1 плательщика, исходящих нет (исходящие наблюдаемы); к узлу ведут цепочки переводов от 3 seed",397,,,2,False,1,0,400000.0,0.0,1,0,0.0,False,0.0,0,3,660.007436,0.00165,0,0.000336,0.0,0.0,,1,0,0,0,False,0.4614,0.2211,0.3925,0.2956,0.0
100000008389800100,peripheral,0.562,3,0.368,"Получил 189 тыс ₸ от 3 плательщиков, отдал 402 тыс ₸ 7 получ., пропуск 212%; пороги ролей не достигнуты",398,,быстрый_транзит;возвратные_циклы,2,False,3,7,189000.0,401620.0,3,8,2.124974,False,1.0,0,1,13128.304212,0.032688,0,0.000505,0.000159,0.885714,1.0,1,2,0,1,False,0.0562,0.0257,0.3932,0.8654,0.5
100000004979498100,peripheral,0.531,29,0.3678,"Получил 700 тыс ₸ от 1 плательщика, отдал 200 тыс ₸ 1 получ., пропуск 29%; пороги ролей не достигнуты",399,,возвратные_циклы,2,False,1,1,700000.0,200000.0,2,1,0.285714,False,1.0,0,1,684055.841293,0.977223,0,0.001319,0.0,0.285714,0.0,1,1,0,0,False,0.0531,0.3988,0.4981,0.4835,0.25
100000002883402100,terminal,0.847,2,0.3676,"Получил 300 тыс ₸ от 3 плательщиков, исходящих нет (исходящие наблюдаемы); к узлу ведут цепочки переводов от 4 seed",400,,,3,False,3,0,300000.0,0.0,3,0,0.0,False,0.0,0,4,235.05355,0.000784,2,0.000301,0.0,0.0,,1,0,0,0,False,0.5082,0.2789,0.3382,0.1951,0.0
100000000941942100,terminal,0.713,5,0.3674,"Получил 130 тыс ₸ от 1 плательщика (seed: 1), исходящих нет (исходящие наблюдаемы); к узлу ведут цепочки переводов от 4 seed",401,,,1,False,1,0,130000.0,0.0,1,0,0.0,False,0.0,1,4,130000.0,1.0,1,0.000312,0.0,0.0,,1,0,0,0,False,0.4278,0.521,0.1803,0.2424,0.0
100000008514970100,terminal,0.751,9,0.3674,"Получил 380 тыс ₸ от 1 плательщика, дальше ушло лишь 8% (исходящие наблюдаемы)",402,,,3,False,1,1,379966.0,31000.0,1,1,0.081586,False,1.0,0,1,819.472324,0.002157,1,0.000313,1e-06,0.081586,0.0,1,0,0,0,False,0.4506,0.0,0.3828,0.6217,0.0
100000007747786100,distributor,0.847,6,0.3668,"Веер: 31 получатель при 0 плательщиках; разослал 4.2 млн ₸, в среднем 121 тыс ₸ за перевод; вход занижен (seed)",403,,seed,0,True,0,31,0.0,4238009.4,0,35,,False,1.0,0,0,0.0,1.0,7,0.000286,0.0,0.0,,0,0,0,2,False,0.6352,0.0,0.838,0.0002,0.0
100000000795129100,terminal,0.76,3,0.3667,"Получил 332 тыс ₸ от 1 плательщика, исходящих нет (исходящие наблюдаемы); к узлу ведут цепочки переводов от 3 seed",404,,,2,False,1,0,332000.0,0.0,1,0,0.0,False,0.0,0,3,9203.14365,0.02772,1,0.000391,0.0,0.0,,1,0,0,0,False,0.456,0.2211,0.3573,0.3461,0.0
100000004674799100,terminal,0.717,1,0.3666,"Получил 140 тыс ₸ от 1 плательщика, исходящих нет (исходящие наблюдаемы); к узлу ведут цепочки переводов от 3 seed",405,,,2,False,1,0,140000.0,0.0,5,0,0.0,False,0.0,0,3,33363.071861,0.238308,1,0.000791,0.0,0.0,,1,0,0,0,False,0.4302,0.3348,0.1943,0.4631,0.0
100000004737764100,terminal,0.79,5,0.3662,"Получил 600 тыс ₸ от 1 плательщика, исходящих нет (исходящие наблюдаемы)",406,,,3,False,1,0,600000.0,0.0,1,0,0.0,False,0.0,0,1,9722.651791,0.016204,0,0.000677,0.0,0.0,,1,0,0,0,False,0.474,0.0,0.469,0.4531,0.0
100000001380054100,peripheral,0.589,26,0.3659,"Получил 127 тыс ₸ от 2 плательщиков, отдал 360 тыс ₸ 3 получ., пропуск 283%; пороги ролей не достигнуты",407,,возвратные_циклы,1,False,2,3,127050.0,360000.0,2,4,2.83353,False,1.0,1,1,122396.940076,0.339992,0,0.000716,3e-06,0.05549,7.0,1,2,0,0,False,0.0589,0.2364,0.3726,0.845,0.25
100000003457710100,peripheral,0.5,4,0.3656,"Получил 327 тыс ₸ от 1 плательщика, отдал 1.3 млн ₸ 1 получ., пропуск 400%; пороги ролей не достигнуты",408,,быстрый_транзит,3,False,1,1,326555.0,1306000.0,1,2,3.999326,False,1.0,0,3,390.351451,0.000299,1,0.000296,1.9e-05,1.0,0.0,1,0,0,1,False,0.05,0.2211,0.6158,0.5576,0.25
100000002548759100,terminal,0.824,2,0.3654,"Получил 375 тыс ₸ от 2 плательщиков, исходящих нет (исходящие наблюдаемы); к узлу ведут цепочки переводов от 3 seed",409,,,3,False,2,0,375000.0,0.0,2,0,0.0,False,0.0,0,3,446.164554,0.00119,2,0.000309,0.0,0.0,,2,0,0,0,False,0.4944,0.2211,0.3803,0.2313,0.0
100000002594214100,terminal,0.531,4,0.3644,"4-е колено, исходящие не выгружены; модель: P(сток)=0.65; получил 1 млн ₸ от 1 плательщика; к узлу ведут цепочки переводов от 3 seed",410,,обрыв_4_колена,4,False,1,0,1000000.0,0.0,1,0,0.0,True,0.348791,0,3,108.775226,0.000109,0,0.000367,0.0,0.0,,1,0,0,0,False,0.3186,0.2211,0.5654,0.3305,0.0
100000008038077100,terminal,0.781,4,0.3639,"Получил 500 тыс ₸ от 1 плательщика, исходящих нет (исходящие наблюдаемы); к узлу ведут цепочки переводов от 3 seed",411,,,3,False,1,0,499850.0,0.0,2,0,0.0,False,0.0,0,3,597.501716,0.001195,1,0.000302,0.0,0.0,,1,0,0,0,False,0.4686,0.2211,0.4345,0.2024,0.0
100000008724461100,transit,0.906,2,0.3639,"Пропуск 130%: получил 100 тыс ₸ от 1 плательщика, отдал 130 тыс ₸ 1 получ.; 100% ушло ≤2 дн. после поступления",412,,быстрый_транзит,3,False,1,1,100111.0,130000.0,1,1,1.298559,False,1.0,0,1,126.214111,0.000971,1,0.000291,2.2e-05,1.0,0.0,1,0,0,0,False,0.4983,0.0,0.1803,0.5267,0.25
100000003034546100,terminal,0.779,6,0.3637,"Получил 487 тыс ₸ от 1 плательщика, исходящих нет (исходящие наблюдаемы)",413,,,2,False,1,0,486715.0,0.0,2,0,0.0,False,0.0,0,1,55518.795806,0.114068,1,0.000331,0.0,0.0,,1,0,0,0,False,0.4674,0.1618,0.4295,0.2896,0.0
100000003022835100,terminal,0.711,5,0.3636,"Получил 125 тыс ₸ от 1 плательщика (seed: 1), исходящих нет (исходящие наблюдаемы); к узлу ведут цепочки переводов от 4 seed",414,,,1,False,1,0,125000.0,0.0,1,0,0.0,False,0.0,1,4,125000.0,1.0,1,0.000311,0.0,0.0,,1,0,0,0,False,0.4266,0.5173,0.1729,0.2387,0.0
100000003062895100,terminal,0.818,2,0.3634,"Получил 328 тыс ₸ от 2 плательщиков, исходящих нет (исходящие наблюдаемы)",415,,,2,False,2,0,328444.0,0.0,2,0,0.0,False,0.0,0,2,11156.256156,0.033967,1,0.000408,0.0,0.0,,1,0,0,0,False,0.4908,0.1498,0.3553,0.3561,0.0
100000003116106100,terminal,0.78,4,0.363,"Получил 494 тыс ₸ от 1 плательщика, исходящих нет (исходящие наблюдаемы); к узлу ведут цепочки переводов от 3 seed",416,,,3,False,1,0,494050.0,0.0,2,0,0.0,False,0.0,0,3,590.568617,0.001195,1,0.000302,0.0,0.0,,1,0,0,0,False,0.468,0.2211,0.4323,0.2015,0.0
100000000791285100,peripheral,0.5,27,0.3626,"Получил 1.1 млн ₸ от 1 плательщика, отдал 650 тыс ₸ 3 получ., пропуск 58%; пороги ролей не достигнуты",417,,возвратные_циклы,3,False,1,3,1120000.0,650000.0,2,3,0.580357,False,1.0,0,1,361.44482,0.000323,0,0.000566,3.9e-05,0.553571,0.0,1,1,0,0,False,0.05,0.0,0.5868,0.8743,0.25
100000005584222100,peripheral,0.643,1,0.3615,"Получил 193 тыс ₸ от 2 плательщиков, отдал 109 тыс ₸ 2 получ., пропуск 56%; пороги ролей не достигнуты",418,,возвратные_циклы,1,False,2,2,192717.0,108587.0,6,3,0.563453,False,1.0,1,1,190617.945417,0.989108,1,0.000876,3.9e-05,0.384886,2.0,1,1,0,0,False,0.0643,0.2782,0.2546,0.9113,0.25
100000004076740100,peripheral,0.583,22,0.3614,"Получил 93 тыс ₸ от 3 плательщиков, отдал 125 тыс ₸ 6 получ., пропуск 134%; пороги ролей не достигнуты",419,,возвратные_циклы;повторяющиеся_маршруты,1,False,3,6,93250.0,125000.0,5,10,1.340483,False,1.0,1,1,51662.109165,0.413297,1,0.000741,0.000435,0.107239,11.0,1,4,1,0,False,0.0583,0.155,0.1729,0.946,0.5
100000001690558100,terminal,0.8,18,0.3608,"Получил 740 тыс ₸ от 1 плательщика, исходящих нет (исходящие наблюдаемы)",420,,,3,False,1,0,740000.0,0.0,1,0,0.0,False,0.0,0,1,5489.450386,0.007418,1,0.000412,0.0,0.0,,1,0,0,0,False,0.48,0.0,0.5086,0.3585,0.0
100000003097324100,terminal,0.812,2,0.3608,"Получил 294 тыс ₸ от 2 плательщиков, исходящих нет (исходящие наблюдаемы); к узлу ведут цепочки переводов от 3 seed",421,,,3,False,2,0,294000.0,0.0,2,0,0.0,False,0.0,0,3,1325.502728,0.004509,2,0.000326,0.0,0.0,,2,0,0,0,False,0.4872,0.2211,0.3344,0.2818,0.0
100000004114962100,terminal,0.783,4,0.3598,"Получил 165 тыс ₸ от 2 плательщиков, исходящих нет (исходящие наблюдаемы); к узлу ведут цепочки переводов от 3 seed",422,,,3,False,2,0,165000.0,0.0,2,0,0.0,False,0.0,0,3,203.312573,0.001232,1,0.000711,0.0,0.0,,1,0,0,0,False,0.4698,0.2211,0.2253,0.4564,0.0
100000004183610100,peripheral,0.508,13,0.3594,"Получил 22 тыс ₸ от 1 плательщика, отдал 915 тыс ₸ 1 получ., пропуск 4159%; пороги ролей не достигнуты",423,,быстрый_транзит,3,False,1,1,22000.0,915000.0,1,3,41.590909,False,1.0,0,2,175.808216,0.000192,0,0.000341,2e-05,0.681818,2.0,1,0,0,0,False,0.0508,0.1395,0.5486,0.7198,0.25
100000001538095100,terminal,0.81,2,0.3593,"Получил 280 тыс ₸ от 2 плательщиков, исходящих нет (исходящие наблюдаемы); к узлу ведут цепочки переводов от 3 seed",424,,,3,False,2,0,280000.0,0.0,2,0,0.0,False,0.0,0,3,657.972464,0.00235,2,0.00033,0.0,0.0,,2,0,0,0,False,0.486,0.2211,0.3252,0.2883,0.0
100000008172352100,peripheral,0.562,8,0.3592,"Получил 90 тыс ₸ от 3 плательщиков, отдал 290 тыс ₸ 7 получ., пропуск 321%; пороги ролей не достигнуты",425,,быстрый_транзит,1,False,3,7,90265.0,289510.0,3,8,3.207334,False,1.0,1,2,43109.08007,0.148904,2,0.000375,0.000187,1.0,2.0,2,0,0,1,False,0.0562,0.2774,0.3315,0.8134,0.25
100000005664632100,terminal,0.734,5,0.3589,"Получил 199 тыс ₸ от 1 плательщика, исходящих нет (исходящие наблюдаемы); к узлу ведут цепочки переводов от 4 seed",426,,всплеск_активности,2,False,1,0,198620.0,0.0,18,0,0.0,False,0.0,0,4,15816.968481,0.079634,0,0.000365,0.0,0.0,,1,0,0,0,False,0.4404,0.3222,0.2603,0.3283,0.0
100000008733194100,peripheral,0.5,13,0.3587,"Получил 251 тыс ₸ от 4 плательщиков, отдал 160 тыс ₸ 8 получ., пропуск 64%; пороги ролей не достигнуты",427,,возвратные_циклы,2,False,4,8,251424.0,159695.0,4,8,0.635162,False,1.0,0,4,2009.200228,0.007991,3,0.000471,0.0002,0.268948,4.0,2,1,0,0,False,0.05,0.2789,0.3048,0.8565,0.25
100000008625905100,peripheral,0.539,14,0.3584,"Получил 198 тыс ₸ от 1 плательщика, отдал 635 тыс ₸ 2 получ., пропуск 321%; пороги ролей не достигнуты",428,,,3,False,1,2,197800.0,635000.0,1,2,3.210313,False,1.0,0,4,720.240431,0.001134,1,0.000545,4e-05,0.0,,1,0,0,0,False,0.0539,0.2789,0.4797,0.8639,0.0
100000007390016100,peripheral,0.558,20,0.3582,"Получил 511 тыс ₸ от 1 плательщика, отдал 346 тыс ₸ 1 получ., пропуск 68%; пороги ролей не достигнуты",429,,возвратные_циклы;дробление,3,False,1,1,511000.0,346500.0,13,14,0.678082,False,1.0,0,3,3182.655827,0.006228,0,0.001843,0.0,0.244618,3.0,1,1,0,3,False,0.0558,0.2211,0.4387,0.4911,0.5
100000005668605100,terminal,0.792,16,0.3581,"Получил 94 тыс ₸ от 3 плательщиков (seed: 1), исходящих нет (исходящие наблюдаемы); к узлу ведут цепочки переводов от 7 seed",430,,seed,0,True,3,0,94500.0,0.0,3,0,0.0,False,0.0,1,7,63068.237496,1.0,0,0.000838,0.0,0.0,,1,0,0,0,False,0.4752,0.5653,0.1201,0.4669,0.0
100000003270419100,terminal,0.72,13,0.3577,"Получил 150 тыс ₸ от 1 плательщика, исходящих нет (исходящие наблюдаемы)",431,,,3,False,1,0,150000.0,0.0,1,0,0.0,False,0.0,0,2,43997.987247,0.29332,0,0.000833,0.0,0.0,,1,0,0,0,False,0.432,0.2793,0.2074,0.4664,0.0
100000008516839100,terminal,0.814,7,0.3572,"Получил 155 тыс ₸ от 3 плательщиков (seed: 1), исходящих нет (исходящие наблюдаемы); к узлу ведут цепочки переводов от 3 seed",432,,seed,0,True,3,0,155000.0,0.0,4,0,0.0,False,0.0,1,3,101500.0,1.0,0,0.00107,0.0,0.0,,2,0,0,0,False,0.4884,0.4398,0.2135,0.4775,0.0
100000008532050100,terminal,0.776,4,0.3568,"Получил 455 тыс ₸ от 1 плательщика, исходящих нет (исходящие наблюдаемы); к узлу ведут цепочки переводов от 3 seed",433,,,3,False,1,0,455156.0,0.0,1,0,0.0,False,0.0,0,3,544.076205,0.001195,1,0.0003,0.0,0.0,,1,0,0,0,False,0.4656,0.2211,0.4169,0.1928,0.0
100000004480280100,peripheral,0.606,5,0.3564,"Получил 147 тыс ₸ от 1 плательщика, отдал 296 тыс ₸ 2 получ., пропуск 202%; пороги ролей не достигнуты",434,,,1,False,1,2,146694.0,295850.0,1,7,2.016783,False,1.0,1,4,146694.0,0.495839,1,0.000315,3.6e-05,0.484001,3.0,1,0,0,0,False,0.0606,0.5324,0.3355,0.6937,0.0
100000004527381100,peripheral,0.612,3,0.3564,"Получил 119 тыс ₸ от 1 плательщика, отдал 274 тыс ₸ 1 получ., пропуск 229%; пороги ролей не достигнуты",435,,быстрый_транзит;возвратные_циклы,2,False,1,1,119333.17,273866.11,1,1,2.294971,False,1.0,0,1,22455.203627,0.081993,1,0.000375,0.000321,1.0,0.0,1,2,0,0,False,0.0612,0.0763,0.321,0.8203,0.5
100000003204491100,transit,0.807,10,0.3556,"Пропуск 71%: получил 140 тыс ₸ от 1 плательщика, отдал 100 тыс ₸ 1 получ.; 71% ушло ≤2 дн. после поступления",436,,быстрый_транзит,3,False,1,1,140000.0,100000.0,1,2,0.714286,False,1.0,0,1,678.994484,0.00485,1,0.000298,1.9e-05,0.714286,0.0,1,0,0,1,False,0.4439,0.0,0.1943,0.5712,0.25
100000002958286100,terminal,0.747,6,0.3552,"Получил 257 тыс ₸ от 1 плательщика (seed: 1), исходящих нет (исходящие наблюдаемы)",437,,,1,False,1,0,257000.0,0.0,1,0,0.0,False,0.0,1,1,257000.0,1.0,1,0.000313,0.0,0.0,,1,0,0,0,False,0.4482,0.3064,0.309,0.2489,0.0
100000005756189100,transit,0.837,4,0.3547,"Пропуск 75%: получил 65 тыс ₸ от 1 плательщика, отдал 49 тыс ₸ 1 получ.; 75% ушло ≤2 дн. после поступления",438,,быстрый_транзит,3,False,1,1,65000.0,49050.0,1,1,0.754615,False,1.0,0,3,77.698533,0.001195,1,0.000288,1.9e-05,0.754615,0.0,1,0,0,0,False,0.4604,0.2211,0.0495,0.4315,0.25
100000008223756100,terminal,0.818,9,0.3546,"Получил 332 тыс ₸ от 2 плательщиков, исходящих нет (исходящие наблюдаемы)",439,,,3,False,2,0,331682.0,0.0,2,0,0.0,False,0.0,0,2,541.521777,0.001633,2,0.000356,0.0,0.0,,1,0,0,0,False,0.4908,0.1395,0.3571,0.3185,0.0
100000002508637100,terminal,0.751,9,0.3541,"Получил 306 тыс ₸ от 1 плательщика, дальше ушло лишь 3% (исходящие наблюдаемы)",440,,,3,False,1,1,306410.0,8000.0,1,1,0.026109,False,1.0,0,1,660.834166,0.002157,1,0.000307,1e-06,0.0,12.0,1,0,0,0,False,0.4506,0.0,0.3422,0.6021,0.0
100000004588479100,terminal,0.729,3,0.3537,"Получил 178 тыс ₸ от 1 плательщика (seed: 1), исходящих нет (исходящие наблюдаемы)",441,,,1,False,1,0,177633.0,0.0,2,0,0.0,False,0.0,1,2,177633.0,1.0,1,0.000305,0.0,0.0,,1,0,0,0,False,0.4374,0.411,0.2393,0.2157,0.0
100000001985793100,terminal,0.772,8,0.3535,"Получил 420 тыс ₸ от 1 плательщика, исходящих нет (исходящие наблюдаемы)",442,,,2,False,1,0,420000.0,0.0,1,0,0.0,False,0.0,0,1,35853.658537,0.085366,0,0.000373,0.0,0.0,,1,0,0,0,False,0.4632,0.1205,0.4017,0.3336,0.0
100000002815005100,terminal,0.778,2,0.3532,"Получил 476 тыс ₸ от 1 плательщика, исходящих нет (исходящие наблюдаемы)",443,,,3,False,1,0,476500.0,0.0,1,0,0.0,False,0.0,0,2,535.710746,0.001124,1,0.000319,0.0,0.0,,1,0,0,0,False,0.4668,0.1395,0.4255,0.2676,0.0
100000002824176100,terminal,0.718,8,0.3523,"Получил 144 тыс ₸ от 1 плательщика (seed: 1), исходящих нет (исходящие наблюдаемы)",444,,,1,False,1,0,144000.0,0.0,1,0,0.0,False,0.0,1,2,144000.0,1.0,0,0.000339,0.0,0.0,,1,0,0,0,False,0.4308,0.3912,0.1996,0.3,0.0
100000001600934100,terminal,0.717,1,0.3517,"Получил 180 тыс ₸ от 1 плательщика, дальше ушло лишь 6% (исходящие наблюдаемы)",445,,возвратные_циклы,3,False,1,1,180300.0,11000.0,2,1,0.061009,False,1.0,0,1,11453.040954,0.063522,0,0.002367,0.0,0.0,18.0,1,1,0,0,False,0.4302,0.0128,0.2421,0.496,0.25
100000002679516100,terminal,0.793,17,0.3515,"Получил 102 тыс ₸ от 3 плательщиков (seed: 1), исходящих нет (исходящие наблюдаемы); к узлу ведут цепочки переводов от 4 seed",446,,,1,False,3,0,102335.0,0.0,3,0,0.0,False,0.0,1,4,35181.573883,0.343788,2,0.000327,0.0,0.0,,1,0,0,0,False,0.4758,0.3977,0.1352,0.2829,0.0
100000002921047100,peripheral,0.594,6,0.3513,"Получил 338 тыс ₸ от 2 плательщиков, отдал 163 тыс ₸ 1 получ., пропуск 48%; пороги ролей не достигнуты",447,,,1,False,2,1,338000.0,163000.02,2,1,0.482249,False,1.0,1,3,175107.966223,0.518071,2,0.000317,2.2e-05,0.0,17.0,1,0,0,0,False,0.0594,0.4912,0.3607,0.6895,0.0
100000002205022100,peripheral,0.557,5,0.3511,"Получил 7 тыс ₸ от 1 плательщика, отдал 518 тыс ₸ 3 получ., пропуск 7296%; пороги ролей не достигнуты",448,,,2,False,1,3,7100.0,518000.0,1,3,72.957746,False,1.0,0,4,7100.0,0.013707,0,0.000546,5.5e-05,0.84507,2.0,1,0,0,0,False,0.0557,0.2789,0.4413,0.8712,0.0
100000006169033100,peripheral,0.5,20,0.3505,"Получил 49 тыс ₸ от 1 плательщика, отдал 1.1 млн ₸ 3 получ., пропуск 2327%; пороги ролей не достигнуты",449,,возвратные_циклы,3,False,1,3,49000.0,1140271.0,1,10,23.270837,False,1.0,0,1,1005.157851,0.000882,0,0.000418,3.9e-05,0.0,3.0,1,1,0,0,False,0.05,0.0,0.5902,0.8029,0.25
100000002109656100,terminal,0.781,11,0.35,"Получил 500 тыс ₸ от 1 плательщика, исходящих нет (исходящие наблюдаемы)",450,,,3,False,1,0,500000.0,0.0,1,0,0.0,False,0.0,0,2,160.372166,0.000321,1,0.000309,0.0,0.0,,1,0,0,0,False,0.4686,0.1395,0.4346,0.2342,0.0
100000002644285100,terminal,0.781,11,0.35,"Получил 500 тыс ₸ от 1 плательщика, исходящих нет (исходящие наблюдаемы)",451,,,3,False,1,0,500000.0,0.0,1,0,0.0,False,0.0,0,2,160.372166,0.000321,1,0.000309,0.0,0.0,,1,0,0,0,False,0.4686,0.1395,0.4346,0.2342,0.0
100000008722417100,peripheral,0.529,4,0.3499,"Получил 332 тыс ₸ от 1 плательщика, отдал 720 тыс ₸ 3 получ., пропуск 217%; пороги ролей не достигнуты",452,,быстрый_транзит,3,False,1,3,331900.0,720000.0,1,6,2.169328,False,1.0,0,3,396.740662,0.000551,1,0.000296,5.8e-05,0.783368,0.0,1,0,0,0,False,0.0529,0.2211,0.5034,0.6148,0.25
100000007283257100,terminal,0.733,43,0.3495,"Получил 192 тыс ₸ от 1 плательщика (seed: 1), исходящих нет (исходящие наблюдаемы)",453,,,1,False,1,0,192000.0,0.0,7,0,0.0,False,0.0,1,1,192000.0,1.0,0,0.000389,0.0,0.0,,1,0,0,0,False,0.4398,0.2789,0.2539,0.3439,0.0
100000004097972100,terminal,0.692,1,0.3492,"Получил 119 тыс ₸ от 1 плательщика, дальше ушло лишь 8% (исходящие наблюдаемы)",454,,,3,False,1,2,118878.0,10000.0,1,2,0.08412,False,1.0,0,2,1442.039858,0.01213,1,0.000317,3.8e-05,0.04206,0.0,1,0,0,0,False,0.4152,0.1395,0.1635,0.698,0.0
100000008388049100,terminal,0.78,11,0.3492,"Получил 496 тыс ₸ от 1 плательщика, исходящих нет (исходящие наблюдаемы)",455,,,3,False,1,0,496400.0,0.0,1,0,0.0,False,0.0,0,2,159.217486,0.000321,1,0.000309,0.0,0.0,,1,0,0,0,False,0.468,0.1395,0.4332,0.2329,0.0
100000001703168100,transit,0.75,20,0.3488,"Пропуск 200%: получил 45 тыс ₸ от 1 плательщика, отдал 90 тыс ₸ 1 получ.; 100% ушло ≤2 дн. после поступления",456,,быстрый_транзит,2,False,1,1,45000.0,90000.0,1,1,2.0,False,1.0,0,2,636.172873,0.007069,1,0.000293,1.9e-05,1.0,2.0,1,0,0,0,False,0.4125,0.1395,0.1109,0.5214,0.25
100000002822472100,terminal,0.807,11,0.3486,"Получил 267 тыс ₸ от 2 плательщиков, исходящих нет (исходящие наблюдаемы); к узлу ведут цепочки переводов от 3 seed",457,,,3,False,2,0,266722.0,0.0,2,0,0.0,False,0.0,0,3,132.179814,0.000496,2,0.000312,0.0,0.0,,1,0,0,0,False,0.4842,0.2211,0.316,0.2449,0.0
100000002911170100,terminal,0.755,11,0.3485,"Получил 300 тыс ₸ от 1 плательщика, исходящих нет (исходящие наблюдаемы); к узлу ведут цепочки переводов от 3 seed",458,,,2,False,1,0,300000.0,0.0,2,0,0.0,False,0.0,0,3,495.005577,0.00165,0,0.000323,0.0,0.0,,1,0,0,0,False,0.453,0.2211,0.3382,0.2769,0.0
100000002973903100,terminal,0.792,17,0.3478,"Получил 93 тыс ₸ от 3 плательщиков (seed: 1), исходящих нет (исходящие наблюдаемы); к узлу ведут цепочки переводов от 4 seed",459,,,1,False,3,0,92880.0,0.0,3,0,0.0,False,0.0,1,4,43474.495432,0.468072,3,0.000317,0.0,0.0,,1,0,0,0,False,0.4752,0.4176,0.1169,0.2613,0.0
100000006111439100,transit,0.694,1,0.3475,"Пропуск 117%: получил 21 тыс ₸ от 3 плательщиков, отдал 24 тыс ₸ 4 получ.",460,,возвратные_циклы,3,False,3,4,20570.0,24000.0,3,4,1.166748,False,1.0,0,2,49.71759,0.002072,5,0.000366,1.8e-05,0.0,9.0,1,1,0,0,False,0.3817,0.1395,0.0,0.7238,0.25
100000003254277100,transit,0.946,1,0.3473,"Пропуск 91%: получил 49 тыс ₸ от 1 плательщика, отдал 45 тыс ₸ 1 получ.; 91% ушло ≤2 дн. после поступления",461,,быстрый_транзит,3,False,1,1,49200.0,44997.0,1,1,0.914573,False,1.0,0,2,41.644975,0.000846,1,0.000288,1.9e-05,0.914573,0.0,1,0,0,0,False,0.5203,0.1395,0.0,0.4455,0.25
100000002670960100,terminal,0.779,11,0.3472,"Получил 480 тыс ₸ от 1 плательщика, исходящих нет (исходящие наблюдаемы)",462,,,3,False,1,0,480310.0,0.0,1,0,0.0,False,0.0,0,2,154.05671,0.000321,1,0.000308,0.0,0.0,,1,0,0,0,False,0.4674,0.1395,0.427,0.2311,0.0
100000003321423100,terminal,0.7,7,0.3471,"Получил 100 тыс ₸ от 1 плательщика, исходящих нет (исходящие наблюдаемы); к узлу ведут цепочки переводов от 4 seed",463,,,2,False,1,0,100000.0,0.0,2,0,0.0,False,0.0,0,4,19223.852085,0.192239,0,0.000671,0.0,0.0,,1,0,0,0,False,0.42,0.3406,0.1308,0.4524,0.0
100000004408683100,terminal,0.764,3,0.3471,"Получил 113 тыс ₸ от 2 плательщиков (seed: 1), исходящих нет (исходящие наблюдаемы)",464,,,1,False,2,0,112919.68,0.0,3,0,0.0,False,0.0,1,2,86166.535217,0.763078,1,0.000385,0.0,0.0,,1,0,0,0,False,0.4584,0.3427,0.1538,0.3419,0.0
100000002826669100,terminal,0.724,10,0.3469,"Получил 160 тыс ₸ от 1 плательщика, исходящих нет (исходящие наблюдаемы); к узлу ведут цепочки переводов от 3 seed",465,,,2,False,1,0,159900.0,0.0,4,0,0.0,False,0.0,0,3,19490.992732,0.121895,0,0.000476,0.0,0.0,,1,0,0,0,False,0.4344,0.284,0.2194,0.3797,0.0
100000002748532100,peripheral,0.538,2,0.3465,"Получил 356 тыс ₸ от 3 плательщиков, отдал 647 тыс ₸ 2 получ., пропуск 182%; пороги ролей не достигнуты",466,,,2,False,3,2,355575.0,646685.0,3,7,1.818702,False,1.0,0,4,15667.913185,0.024228,3,0.000339,3.1e-05,0.0,4.0,1,0,0,2,False,0.0538,0.3213,0.4831,0.7373,0.0
100000002799941100,terminal,0.79,18,0.3464,"Получил 600 тыс ₸ от 1 плательщика, исходящих нет (исходящие наблюдаемы)",467,,,3,False,1,0,600000.0,0.0,1,0,0.0,False,0.0,0,1,4450.905718,0.007418,1,0.000388,0.0,0.0,,1,0,0,0,False,0.474,0.0,0.469,0.3436,0.0
100000000254336100,transit,0.73,1,0.3463,"Пропуск 62%: получил 97 тыс ₸ от 2 плательщиков, отдал 60 тыс ₸ 1 получ.; 62% ушло ≤2 дн. после поступления",468,,быстрый_транзит,3,False,2,1,97177.0,60000.0,2,1,0.61743,False,1.0,0,2,192.707809,0.001983,2,0.000292,1.9e-05,0.61743,1.0,1,0,0,0,False,0.4015,0.1395,0.1254,0.5102,0.25
100000008200810100,terminal,0.778,11,0.3463,"Получил 475 тыс ₸ от 1 плательщика, исходящих нет (исходящие наблюдаемы)",469,,,3,False,1,0,475000.0,0.0,1,0,0.0,False,0.0,0,2,152.353558,0.000321,1,0.000308,0.0,0.0,,1,0,0,0,False,0.4668,0.1395,0.4249,0.2304,0.0
100000001677929100,peripheral,0.583,6,0.3462,"Получил 127 тыс ₸ от 3 плательщиков, отдал 286 тыс ₸ 2 получ., пропуск 226%; пороги ролей не достигнуты",470,,возвратные_циклы,2,False,3,2,126777.0,286098.0,3,4,2.256703,False,1.0,0,1,63010.703746,0.220242,0,0.003334,1e-06,0.571066,0.0,1,2,0,0,False,0.0583,0.1737,0.3292,0.8786,0.25
100000008188026100,peripheral,0.594,3,0.346,"Получил 86 тыс ₸ от 2 плательщиков, отдал 338 тыс ₸ 4 получ., пропуск 391%; пороги ролей не достигнуты",471,,возвратные_циклы,1,False,2,4,86468.0,337983.17,5,4,3.908766,False,1.0,1,2,63599.089045,0.188172,2,0.000299,8.2e-05,0.0,21.0,1,2,0,0,False,0.0594,0.3141,0.3607,0.6464,0.25
100000001009583100,terminal,0.769,4,0.3457,"Получил 394 тыс ₸ от 1 плательщика, исходящих нет (исходящие наблюдаемы); к узлу ведут цепочки переводов от 3 seed",472,,,3,False,1,0,393740.0,0.0,1,0,0.0,False,0.0,0,3,470.66185,0.001195,1,0.000298,0.0,0.0,,1,0,0,0,False,0.4614,0.2211,0.3895,0.1759,0.0
100000008332511100,terminal,0.7,8,0.3455,"Получил 100 тыс ₸ от 1 плательщика, исходящих нет (исходящие наблюдаемы); к узлу ведут цепочки переводов от 4 seed",473,,,3,False,1,0,100000.0,0.0,1,0,0.0,False,0.0,0,4,14466.859049,0.144669,0,0.001113,0.0,0.0,,1,0,0,0,False,0.42,0.3138,0.1308,0.4789,0.0
100000008636603100,peripheral,0.589,3,0.3455,"Получил 35 тыс ₸ от 2 плательщиков, отдал 159 тыс ₸ 6 получ., пропуск 449%; пороги ролей не достигнуты",474,,быстрый_транзит;возвратные_циклы,2,False,2,6,35460.0,159375.0,2,7,4.494501,False,1.0,0,2,11505.576497,0.072192,4,0.000339,0.003475,1.0,0.0,1,2,0,0,False,0.0589,0.1527,0.2188,0.7987,0.5
100000002692750100,peripheral,0.583,8,0.3452,"Получил 113 тыс ₸ от 3 плательщиков, отдал 77 тыс ₸ 1 получ., пропуск 68%; пороги ролей не достигнуты",475,,возвратные_циклы,2,False,3,1,112830.0,77000.0,3,8,0.682443,False,1.0,0,3,28263.377386,0.250495,2,0.002014,2e-05,0.106355,5.0,1,1,0,0,False,0.0583,0.3191,0.1536,0.9133,0.25
100000004388353100,terminal,0.758,7,0.3452,"Получил 63 тыс ₸ от 2 плательщиков (seed: 1), исходящих нет (исходящие наблюдаемы); к узлу ведут цепочки переводов от 6 seed",476,,,1,False,2,0,62960.0,0.0,2,0,0.0,False,0.0,1,6,35299.65171,0.560668,1,0.000341,0.0,0.0,,1,0,0,0,False,0.4548,0.4796,0.0435,0.3034,0.0
100000002632742100,terminal,0.801,2,0.345,"Получил 236 тыс ₸ от 2 плательщиков, исходящих нет (исходящие наблюдаемы); к узлу ведут цепочки переводов от 3 seed",477,,,3,False,2,0,235500.0,0.0,2,0,0.0,False,0.0,0,3,93.995352,0.000399,2,0.000318,0.0,0.0,,1,0,0,0,False,0.4806,0.2211,0.2925,0.2631,0.0
100000004756901100,terminal,0.721,5,0.345,"Получил 153 тыс ₸ от 1 плательщика, исходящих нет (исходящие наблюдаемы); к узлу ведут цепочки переводов от 4 seed",478,,,2,False,1,0,153248.0,0.0,1,0,0.0,False,0.0,0,4,32956.049906,0.21505,0,0.000311,0.0,0.0,,1,0,0,0,False,0.4326,0.3915,0.2114,0.24,0.0
100000007138613100,peripheral,0.5,1,0.3447,"Получил 1 млн ₸ от 3 плательщиков, отдал 179 тыс ₸ 2 получ., пропуск 18%; пороги ролей не достигнуты",479,,,3,False,3,2,1002000.0,179000.0,3,2,0.178643,False,1.0,0,3,2148.368051,0.002144,2,0.000354,3.9e-05,0.0,,1,0,0,0,False,0.05,0.2211,0.5658,0.7585,0.0
100000006562026100,terminal,0.758,46,0.3443,"Получил 75 тыс ₸ от 2 плательщиков (seed: 2), исходящих нет (исходящие наблюдаемы)",480,,,1,False,2,0,75000.0,0.0,6,0,0.0,False,0.0,2,2,75000.0,1.0,0,0.000685,0.0,0.0,,1,0,0,0,False,0.4548,0.3296,0.0765,0.4542,0.0
100000008011159100,peripheral,0.583,20,0.3443,"Получил 363 тыс ₸ от 3 плательщиков, отдал 153 тыс ₸ 5 получ., пропуск 42%; пороги ролей не достигнуты",481,,возвратные_циклы,2,False,3,5,363000.0,153037.0,6,5,0.42159,False,1.0,0,2,7446.37347,0.020513,1,0.000486,0.000122,0.0,10.0,1,1,0,0,False,0.0583,0.1395,0.3742,0.8539,0.25
100000001053894100,peripheral,0.292,4,0.344,4-е колено (обход оборван): 7 поступл. на 2 млн ₸ от 1 плательщика; P(передаёт дальше)=0.83 — порогов ролей не достигает,482,,аномалия_колена;обрыв_4_колена,4,False,1,0,2000000.0,0.0,7,0,0.0,True,0.833758,0,3,217.550453,0.000109,0,0.000449,0.0,0.0,,1,0,0,0,True,0.0292,0.2211,0.6962,0.3721,0.25
100000005140601100,peripheral,0.583,1,0.3434,"Получил 53 тыс ₸ от 3 плательщиков, отдал 195 тыс ₸ 2 получ., пропуск 371%; пороги ролей не достигнуты",483,,быстрый_транзит;возвратные_циклы,2,False,3,2,52685.0,195300.0,4,5,3.706937,False,1.0,0,1,12405.87298,0.063522,1,0.002706,2e-05,0.639366,0.0,2,2,0,0,False,0.0583,0.0203,0.2572,0.9137,0.5
100000003050771100,terminal,0.741,13,0.3433,"Получил 229 тыс ₸ от 1 плательщика, исходящих нет (исходящие наблюдаемы); к узлу ведут цепочки переводов от 3 seed",484,,,3,False,1,0,229000.0,0.0,1,0,0.0,False,0.0,0,3,2474.544083,0.010806,1,0.00037,0.0,0.0,,1,0,0,0,False,0.4446,0.2211,0.2872,0.3327,0.0
100000003031633100,terminal,0.771,2,0.343,"Получил 414 тыс ₸ от 1 плательщика, исходящих нет (исходящие наблюдаемы)",485,,,3,False,1,0,414000.0,0.0,2,0,0.0,False,0.0,0,2,465.444384,0.001124,1,0.000315,0.0,0.0,,1,0,0,0,False,0.4626,0.1395,0.399,0.2551,0.0
100000002773323100,peripheral,0.5,2,0.3427,"Получил 285 тыс ₸ от 2 плательщиков, отдал 1.2 млн ₸ 1 получ., пропуск 411%; пороги ролей не достигнуты",486,,,3,False,2,1,285000.0,1171644.0,2,2,4.111032,False,1.0,0,3,102.530775,8.8e-05,2,0.000325,2.1e-05,0.0,15.0,2,0,0,0,False,0.05,0.2211,0.5953,0.7077,0.0
100000000998559100,terminal,0.7,5,0.3425,"Получил 100 тыс ₸ от 1 плательщика (seed: 1), исходящих нет (исходящие наблюдаемы); к узлу ведут цепочки переводов от 4 seed",487,,,1,False,1,0,100000.0,0.0,1,0,0.0,False,0.0,1,4,100000.0,1.0,1,0.000306,0.0,0.0,,1,0,0,0,False,0.42,0.4962,0.1308,0.2193,0.0
100000002335358100,terminal,0.717,3,0.3424,"Получил 140 тыс ₸ от 1 плательщика, исходящих нет (исходящие наблюдаемы)",488,,,2,False,1,0,140000.0,0.0,2,0,0.0,False,0.0,0,1,139987.120357,0.999908,0,0.000612,0.0,0.0,,1,0,0,0,False,0.4302,0.249,0.1943,0.4435,0.0
100000003589877100,peripheral,0.576,2,0.3422,"Получил 176 тыс ₸ от 2 плательщиков, отдал 416 тыс ₸ 6 получ., пропуск 236%; пороги ролей не достигнуты",489,,быстрый_транзит,1,False,2,6,176000.0,416129.0,2,6,2.364369,False,1.0,1,2,26001.268116,0.062484,3,0.000307,9.5e-05,1.0,0.0,1,0,0,0,False,0.0576,0.2296,0.3999,0.6893,0.25
100000002964966100,terminal,0.735,5,0.3421,"Получил 200 тыс ₸ от 1 плательщика, исходящих нет (исходящие наблюдаемы)",490,,,2,False,1,0,200000.0,0.0,1,0,0.0,False,0.0,0,2,27157.417612,0.135787,0,0.000395,0.0,0.0,,1,0,0,0,False,0.441,0.2338,0.2616,0.3505,0.0
100000001252290100,terminal,0.71,4,0.3417,"Получил 141 тыс ₸ от 1 плательщика, дальше ушло лишь 4% (исходящие наблюдаемы); к узлу ведут цепочки переводов от 3 seed",491,,,3,False,1,1,141005.0,5000.0,1,1,0.03546,False,1.0,0,3,168.552025,0.001195,1,0.00029,1.9e-05,0.0,,1,0,0,0,False,0.426,0.2211,0.1957,0.4835,0.0
100000004004621100,terminal,0.792,13,0.3414,"Получил 75 тыс ₸ от 3 плательщиков (seed: 1), исходящих нет (исходящие наблюдаемы); к узлу ведут цепочки переводов от 7 seed",492,,,1,False,3,0,75389.0,0.0,3,0,0.0,False,0.0,1,7,25303.965174,0.335645,3,0.000301,0.0,0.0,,2,0,0,0,False,0.4752,0.4792,0.0775,0.1964,0.0
100000002032323100,peripheral,0.5,13,0.341,"Получил 300 тыс ₸ от 1 плательщика, отдал 1.1 млн ₸ 1 получ., пропуск 350%; пороги ролей не достигнуты",493,,быстрый_транзит,3,False,1,1,300000.0,1050000.0,1,2,3.5,False,1.0,0,1,1023.682812,0.000975,0,0.000404,2e-05,1.0,0.0,1,0,0,0,False,0.05,0.0,0.5746,0.7707,0.25
100000008175078100,peripheral,0.269,4,0.3405,4-е колено (обход оборван): 15 поступл. на 1.8 млн ₸ от 1 плательщика; P(передаёт дальше)=0.92 — порогов ролей не достигает,494,,аномалия_колена;обрыв_4_колена,4,False,1,0,1846711.0,0.0,15,0,0.0,True,0.922422,0,3,89.248494,4.8e-05,0,0.000469,0.0,0.0,,1,0,0,0,True,0.0269,0.2211,0.6812,0.3774,0.25
100000008775471100,terminal,0.788,2,0.3405,"Получил 580 тыс ₸ от 1 плательщика, исходящих нет (исходящие наблюдаемы)",495,,,3,False,1,0,580000.0,0.0,2,0,0.0,False,0.0,0,1,135.014228,0.000233,1,0.000358,0.0,0.0,,1,0,0,0,False,0.4728,0.0,0.4626,0.3216,0.0
100000006901046100,terminal,0.685,3,0.3402,"Получил 76 тыс ₸ от 1 плательщика, дальше ушло лишь 7% (исходящие наблюдаемы)",496,,возвратные_циклы,2,False,1,1,75800.0,5500.0,3,1,0.072559,False,1.0,0,1,51740.240821,0.682589,0,0.003,0.0,0.0,4.0,1,1,0,0,False,0.411,0.1551,0.0785,0.4989,0.25
100000002615479100,terminal,0.739,6,0.34,"Получил 220 тыс ₸ от 1 плательщика (seed: 1), исходящих нет (исходящие наблюдаемы)",497,,,1,False,1,0,220000.0,0.0,1,0,0.0,False,0.0,1,1,220000.0,1.0,1,0.000309,0.0,0.0,,1,0,0,0,False,0.4434,0.2917,0.2796,0.2327,0.0
100000005664922100,peripheral,0.554,21,0.3398,"Получил 22 тыс ₸ от 2 плательщиков, отдал 537 тыс ₸ 3 получ., пропуск 2441%; пороги ролей не достигнуты",498,,возвратные_циклы,2,False,2,3,22000.0,537000.0,2,4,24.409091,False,1.0,0,1,17159.774436,0.031955,1,0.000806,4e-06,0.0,,1,1,0,0,False,0.0554,0.051,0.4481,0.8543,0.25
100000008430691100,peripheral,0.544,3,0.3393,"Получил 20 тыс ₸ от 1 плательщика, отдал 605 тыс ₸ 2 получ., пропуск 3024%; пороги ролей не достигнуты",499,,быстрый_транзит;возвратные_циклы,3,False,1,2,20000.0,604900.0,1,2,30.245,False,1.0,0,1,653.767452,0.001081,0,0.000307,2e-05,1.0,0.0,1,1,0,0,False,0.0544,0.0,0.4705,0.6412,0.5
100000001140785100,terminal,0.796,2,0.3388,"Получил 215 тыс ₸ от 2 плательщиков, исходящих нет (исходящие наблюдаемы); к узлу ведут цепочки переводов от 3 seed",500,,,3,False,2,0,215000.0,0.0,2,0,0.0,False,0.0,0,3,60.86356,0.000283,2,0.000315,0.0,0.0,,2,0,0,0,False,0.4776,0.2211,0.2753,0.258,0.0
100000002255058100,terminal,0.78,5,0.3386,"Получил 492 тыс ₸ от 1 плательщика, исходящих нет (исходящие наблюдаемы)",501,,,3,False,1,0,491500.0,0.0,2,0,0.0,False,0.0,0,1,4357.028182,0.008865,0,0.000426,0.0,0.0,,1,0,0,0,False,0.468,0.0,0.4314,0.3628,0.0
100000007647294100,terminal,0.767,14,0.338,"Получил 385 тыс ₸ от 1 плательщика, исходящих нет (исходящие наблюдаемы)",502,,,3,False,1,0,385000.0,0.0,1,0,0.0,False,0.0,0,1,1234.39586,0.003206,0,0.000579,0.0,0.0,,1,0,0,0,False,0.4602,0.0,0.3853,0.4364,0.0
100000008295429100,terminal,0.763,4,0.3378,"Получил 352 тыс ₸ от 1 плательщика, исходящих нет (исходящие наблюдаемы); к узлу ведут цепочки переводов от 3 seed",503,,,3,False,1,0,352000.0,0.0,1,0,0.0,False,0.0,0,3,420.767439,0.001195,1,0.000297,0.0,0.0,,1,0,0,0,False,0.4578,0.2211,0.3683,0.1679,0.0
100000004889043100,terminal,0.808,1,0.3375,"Получил 272 тыс ₸ от 2 плательщиков, исходящих нет (исходящие наблюдаемы); к узлу ведут цепочки переводов от 3 seed",504,,,3,False,2,0,272000.0,0.0,4,0,0.0,False,0.0,0,3,265.124328,0.000975,2,0.000298,0.0,0.0,,2,0,0,0,False,0.4848,0.2211,0.3197,0.177,0.0
100000007382543100,peripheral,0.574,22,0.3372,"Получил 218 тыс ₸ от 3 плательщиков, отдал 427 тыс ₸ 5 получ., пропуск 196%; пороги ролей не достигнуты",505,,возвратные_циклы,2,False,3,5,218000.0,427000.0,3,8,1.958716,False,1.0,0,1,4714.422747,0.011041,0,0.00119,0.000244,0.458716,4.0,1,2,0,1,False,0.0574,0.0,0.4048,0.9615,0.25
100000006446271100,terminal,0.758,5,0.337,"Получил 80 тыс ₸ от 2 плательщиков (seed: 1), исходящих нет (исходящие наблюдаемы); к узлу ведут цепочки переводов от 4 seed",506,,,1,False,2,0,80000.0,0.0,2,0,0.0,False,0.0,1,4,54469.323099,0.680867,2,0.000314,0.0,0.0,,2,0,0,0,False,0.4548,0.4389,0.0887,0.2518,0.0
100000003557488100,peripheral,0.535,25,0.3369,"Получил 665 тыс ₸ от 1 плательщика, отдал 138 тыс ₸ 2 получ., пропуск 21%; пороги ролей не достигнуты",507,,возвратные_циклы,3,False,1,2,664992.0,138000.0,3,4,0.207521,False,1.0,0,1,3057.237071,0.004597,0,0.000581,2e-05,0.177446,0.0,1,1,0,0,False,0.0535,0.0,0.4884,0.8563,0.25
100000008659950100,terminal,0.745,2,0.3367,"Получил 246 тыс ₸ от 1 плательщика, исходящих нет (исходящие наблюдаемы); к узлу ведут цепочки переводов от 3 seed",508,,,3,False,1,0,246000.0,0.0,1,0,0.0,False,0.0,0,3,128.38665,0.000522,1,0.000321,0.0,0.0,,1,0,0,0,False,0.447,0.2211,0.3007,0.2736,0.0
100000002635780100,terminal,0.724,6,0.3366,"Получил 163 тыс ₸ от 1 плательщика, исходящих нет (исходящие наблюдаемы)",509,,,2,False,1,0,163000.02,0.0,1,0,0.0,False,0.0,0,1,84445.568037,0.518071,0,0.000555,0.0,0.0,,1,0,0,0,False,0.4344,0.2013,0.223,0.4279,0.0
100000002591469100,terminal,0.743,6,0.3362,"Получил 236 тыс ₸ от 1 плательщика (seed: 1), исходящих нет (исходящие наблюдаемы)",510,,,1,False,1,0,235670.0,0.0,1,0,0.0,False,0.0,1,1,235670.0,1.0,1,0.000299,0.0,0.0,,1,0,0,0,False,0.4458,0.2982,0.2926,0.181,0.0
100000008418934100,terminal,0.764,6,0.3362,"Получил 360 тыс ₸ от 1 плательщика, исходящих нет (исходящие наблюдаемы)",511,,,2,False,1,0,360000.0,0.0,1,0,0.0,False,0.0,0,1,41064.619932,0.114068,1,0.000319,0.0,0.0,,1,0,0,0,False,0.4584,0.1333,0.3726,0.2694,0.0
100000005616568100,terminal,0.502,4,0.3357,"4-е колено, исходящие не выгружены; модель: P(сток)=0.64; получил 530 тыс ₸ от 1 плательщика; к узлу ведут цепочки переводов от 3 seed",512,,обрыв_4_колена,4,False,1,0,530000.0,0.0,1,0,0.0,True,0.359299,0,3,296.354144,0.000559,0,0.000432,0.0,0.0,,1,0,0,0,False,0.3012,0.2211,0.4456,0.3663,0.0
100000000596954100,peripheral,0.684,5,0.3354,"Получил 120 тыс ₸ от 1 плательщика, отдал 48 тыс ₸ 2 получ., пропуск 40%; пороги ролей не достигнуты",513,,,2,False,1,2,120000.0,48100.0,1,2,0.400833,False,1.0,0,4,95325.01473,0.794375,0,0.000516,4.8e-05,0.400833,2.0,1,0,0,0,False,0.0684,0.4917,0.1652,0.8434,0.0
100000001477796100,terminal,0.73,5,0.3352,"Получил 182 тыс ₸ от 1 плательщика (seed: 1), исходящих нет (исходящие наблюдаемы)",514,,,1,False,1,0,182000.0,0.0,1,0,0.0,False,0.0,1,1,182000.0,1.0,1,0.000331,0.0,0.0,,1,0,0,0,False,0.438,0.2738,0.2438,0.2889,0.0
100000001526235100,peripheral,0.539,30,0.3346,"Получил 82 тыс ₸ от 3 плательщиков, отдал 433 тыс ₸ 8 получ., пропуск 528%; пороги ролей не достигнуты",515,,возвратные_циклы,2,False,3,8,82000.0,432750.0,4,9,5.277439,False,1.0,0,1,8279.545302,0.019132,0,0.000878,0.000257,0.554878,2.0,1,3,0,0,False,0.0539,0.0,0.4073,0.9508,0.25
100000003942602100,transit,1.0,12,0.3346,"Пропуск 100%: получил 30 тыс ₸ от 1 плательщика, отдал 30 тыс ₸ 1 получ.; 100% ушло ≤2 дн. после поступления",516,,быстрый_транзит;возвратные_циклы,1,False,1,1,30000.0,30000.0,1,1,1.0,False,1.0,1,1,30000.0,1.0,1,0.000292,0.0,1.0,0.0,1,1,0,0,False,0.55,0.1037,0.0,0.1132,0.5
100000007131370100,transit,0.75,3,0.3329,"Пропуск 100%: получил 30 тыс ₸ от 1 плательщика, отдал 30 тыс ₸ 1 получ.",517,,возвратные_циклы,3,False,1,1,30000.0,30000.0,1,1,1.0,False,1.0,0,3,673.829685,0.022461,0,0.0009,0.0,0.0,,1,1,0,0,False,0.4125,0.2211,0.0,0.4726,0.25
100000004077081100,peripheral,0.542,1,0.3326,"Получил 140 тыс ₸ от 1 плательщика, отдал 615 тыс ₸ 4 получ., пропуск 439%; пороги ролей не достигнуты",518,,быстрый_транзит,3,False,1,4,140000.0,615000.0,1,6,4.392857,False,1.0,0,3,167.350686,0.000272,4,0.00029,0.000116,1.0,0.0,1,0,0,0,False,0.0542,0.2211,0.4737,0.5556,0.25
100000004188160100,peripheral,0.62,3,0.3326,"Получил 88 тыс ₸ от 2 плательщиков, отдал 134 тыс ₸ 5 получ., пропуск 152%; пороги ролей не достигнуты",519,,возвратные_циклы,1,False,2,5,87862.0,133846.0,5,6,1.523366,False,1.0,1,3,79500.394685,0.593969,3,0.000297,0.00246,0.097881,15.0,1,1,0,1,False,0.062,0.4167,0.1858,0.6633,0.25
100000001184915100,terminal,0.735,3,0.3325,"Получил 201 тыс ₸ от 1 плательщика, исходящих нет (исходящие наблюдаемы); к узлу ведут цепочки переводов от 3 seed",520,,,2,False,1,0,201000.0,0.0,2,0,0.0,False,0.0,0,3,5571.782752,0.02772,1,0.00035,0.0,0.0,,1,0,0,0,False,0.441,0.2211,0.2626,0.3129,0.0
100000000011452100,peripheral,0.583,1,0.3324,"Получил 110 тыс ₸ от 3 плательщиков, отдал 17 тыс ₸ 1 получ., пропуск 15%; пороги ролей не достигнуты",521,,возвратные_циклы;повторяющиеся_маршруты,1,False,3,1,110000.0,16685.0,7,2,0.151682,False,1.0,1,1,76085.8621,0.69169,2,0.000477,3e-06,0.078955,2.0,1,1,1,0,False,0.0583,0.1915,0.1488,0.7691,0.5
100000007841978100,terminal,0.499,4,0.3318,"4-е колено, исходящие не выгружены; модель: P(сток)=0.64; получил 449 тыс ₸ от 1 плательщика; к узлу ведут цепочки переводов от 3 seed",522,,обрыв_4_колена,4,False,1,0,449000.0,0.0,1,0,0.0,True,0.355915,0,3,516.636885,0.001151,0,0.000506,0.0,0.0,,1,0,0,0,False,0.2994,0.2211,0.4143,0.3903,0.0
100000000490383100,peripheral,0.539,3,0.3314,"Получил 63 тыс ₸ от 3 плательщиков, отдал 461 тыс ₸ 8 получ., пропуск 737%; пороги ролей не достигнуты",523,,,2,False,3,8,62600.0,461375.0,3,9,7.370208,False,1.0,0,3,7415.164779,0.016072,1,0.000548,5.2e-05,0.079872,9.0,1,0,0,1,False,0.0539,0.2211,0.4194,0.8723,0.0
100000002784085100,terminal,0.735,6,0.3313,"Получил 200 тыс ₸ от 1 плательщика (seed: 1), исходящих нет (исходящие наблюдаемы)",524,,,1,False,1,0,200000.0,0.0,1,0,0.0,False,0.0,1,1,200000.0,1.0,1,0.000307,0.0,0.0,,1,0,0,0,False,0.441,0.2827,0.2616,0.2255,0.0
100000003122817100,terminal,0.775,27,0.3309,"Получил 445 тыс ₸ от 1 плательщика, исходящих нет (исходящие наблюдаемы)",525,,,3,False,1,0,444680.0,0.0,1,0,0.0,False,0.0,0,1,143.506502,0.000323,0,0.000397,0.0,0.0,,1,0,0,0,False,0.465,0.0,0.4125,0.3514,0.0
100000001236706100,peripheral,0.583,1,0.3301,"Получил 143 тыс ₸ от 3 плательщиков, отдал 36 тыс ₸ 2 получ., пропуск 25%; пороги ролей не достигнуты",526,,,3,False,3,2,142700.0,36000.0,3,2,0.252278,False,1.0,0,5,23827.671485,0.166977,2,0.000766,3.9e-05,0.0,18.0,2,0,0,0,False,0.0583,0.4058,0.1979,0.905,0.0
100000000555721100,terminal,0.764,1,0.3292,"Получил 113 тыс ₸ от 2 плательщиков (seed: 1), исходящих нет (исходящие наблюдаемы)",527,,,1,False,2,0,113000.0,0.0,3,0,0.0,False,0.0,1,2,95218.347528,0.84264,2,0.000308,0.0,0.0,,2,0,0,0,False,0.4584,0.3521,0.1539,0.23,0.0
100000004417753100,terminal,0.791,1,0.3292,"Получил 192 тыс ₸ от 2 плательщиков, исходящих нет (исходящие наблюдаемы)",528,,,3,False,2,0,192099.0,0.0,2,0,0.0,False,0.0,0,2,1198.636623,0.00624,2,0.000393,0.0,0.0,,2,0,0,0,False,0.4746,0.1395,0.254,0.3481,0.0
100000008576243100,terminal,0.758,1,0.3289,"Получил 83 тыс ₸ от 2 плательщиков, исходящих нет (исходящие наблюдаемы); к узлу ведут цепочки переводов от 3 seed",529,,,3,False,2,0,82920.0,0.0,4,0,0.0,False,0.0,0,3,1863.893599,0.022478,2,0.001652,0.0,0.0,,2,0,0,0,False,0.4548,0.2211,0.0955,0.4884,0.0
100000008761219100,peripheral,0.585,2,0.3288,"Получил 50 тыс ₸ от 2 плательщиков, отдал 375 тыс ₸ 2 получ., пропуск 750%; пороги ролей не достигнуты",530,,быстрый_транзит,3,False,2,2,50000.0,375000.0,2,2,7.5,False,1.0,0,4,117.648223,0.000314,2,0.000293,4.2e-05,0.7,2.0,1,0,0,0,False,0.0585,0.2789,0.3803,0.5736,0.25
100000008536546100,terminal,0.804,2,0.3285,"Получил 250 тыс ₸ от 2 плательщиков, исходящих нет (исходящие наблюдаемы)",531,,,3,False,2,0,250000.0,0.0,2,0,0.0,False,0.0,0,2,79.675104,0.000319,2,0.000317,0.0,0.0,,2,0,0,0,False,0.4824,0.1395,0.3038,0.262,0.0
100000008169544100,peripheral,0.659,3,0.3276,"Получил 137 тыс ₸ от 1 плательщика, отдал 43 тыс ₸ 4 получ., пропуск 31%; пороги ролей не достигнуты",532,,возвратные_циклы,1,False,1,4,137104.0,42800.0,2,7,0.312172,False,1.0,1,2,137104.0,1.0,3,0.0003,0.000118,0.089713,1.0,1,3,0,1,False,0.0659,0.3865,0.1904,0.6617,0.25
100000004398811100,peripheral,0.5,5,0.3271,"Получил 426 тыс ₸ от 1 плательщика, отдал 1 млн ₸ 3 получ., пропуск 244%; пороги ролей не достигнуты",533,,быстрый_транзит,2,False,1,3,426000.0,1040672.0,1,4,2.442892,False,1.0,0,1,9225.304644,0.008865,1,0.00035,1e-06,0.964789,0.0,1,0,0,0,False,0.05,0.0,0.5729,0.6962,0.25
100000002956779100,terminal,0.771,5,0.327,"Получил 411 тыс ₸ от 1 плательщика, исходящих нет (исходящие наблюдаемы)",534,,,3,False,1,0,411000.0,0.0,1,0,0.0,False,0.0,0,1,3643.415225,0.008865,0,0.000403,0.0,0.0,,1,0,0,0,False,0.4626,0.0,0.3976,0.3541,0.0
100000006664478100,transit,0.855,8,0.327,"Пропуск 109%: получил 55 тыс ₸ от 1 плательщика, отдал 60 тыс ₸ 2 получ.; 55% ушло ≤2 дн. после поступления",535,,,3,False,1,2,55000.0,60000.0,3,2,1.090909,False,1.0,0,1,4695.121951,0.078252,0,0.000617,1e-06,0.545455,0.0,1,0,0,0,False,0.4702,0.0,0.0344,0.8232,0.0
100000008493007100,transit,1.0,19,0.327,"Пропуск 100%: получил 26 тыс ₸ от 1 плательщика, отдал 26 тыс ₸ 1 получ.; 100% ушло ≤2 дн. после поступления",536,,быстрый_транзит,3,False,1,1,26150.0,26150.0,1,1,1.0,False,1.0,0,1,17.376876,0.000665,1,0.00029,1e-06,1.0,1.0,1,0,0,0,False,0.55,0.0,0.0,0.4593,0.25
100000002521039100,terminal,0.763,1,0.3269,"Получил 349 тыс ₸ от 1 плательщика, исходящих нет (исходящие наблюдаемы)",537,,,3,False,1,0,349370.0,0.0,1,0,0.0,False,0.0,0,2,295.721645,0.000846,1,0.000305,0.0,0.0,,1,0,0,0,False,0.4578,0.1395,0.3669,0.2182,0.0
100000002556775100,terminal,0.755,4,0.3262,"Получил 300 тыс ₸ от 1 плательщика, исходящих нет (исходящие наблюдаемы); к узлу ведут цепочки переводов от 3 seed",538,,,3,False,1,0,300000.0,0.0,1,0,0.0,False,0.0,0,3,358.608612,0.001195,1,0.000295,0.0,0.0,,1,0,0,0,False,0.453,0.2211,0.3382,0.1532,0.0
100000005942793100,consolidator,0.663,1,0.3259,Сбор от 4 плательщиков: 55 тыс ₸; дальше не ушло ничего; к узлу ведут цепочки переводов от 3 seed,539,terminal,,2,False,4,0,55000.0,0.0,4,0,0.0,False,0.0,0,3,1506.95254,0.027399,3,0.000332,0.0,0.0,,2,0,0,0,False,0.5967,0.2211,0.018,0.2914,0.0
100000008555233100,terminal,0.774,2,0.3258,"Получил 441 тыс ₸ от 1 плательщика, исходящих нет (исходящие наблюдаемы)",540,,,3,False,1,0,440600.0,0.0,1,0,0.0,False,0.0,0,1,2393.182315,0.005432,0,0.000363,0.0,0.0,,1,0,0,0,False,0.4644,0.0,0.4107,0.3263,0.0
100000005665181100,peripheral,0.5,4,0.3257,"Получил 45 тыс ₸ от 4 плательщиков, отдал 182 тыс ₸ 11 получ., пропуск 400%; пороги ролей не достигнуты",541,,возвратные_циклы,2,False,4,11,45498.0,181915.0,5,11,3.998308,False,1.0,0,3,1100.586143,0.00605,3,0.000399,0.000268,0.109895,5.0,2,1,0,0,False,0.05,0.2211,0.2438,0.8325,0.25
100000008232832100,peripheral,0.594,10,0.3252,"Получил 337 тыс ₸ от 1 плательщика, отдал 138 тыс ₸ 1 получ., пропуск 41%; пороги ролей не достигнуты",542,,,1,False,1,1,337000.0,138000.0,2,1,0.409496,False,1.0,1,4,337000.0,1.0,1,0.000494,0.0,0.0,,1,0,0,0,False,0.0594,0.6109,0.3601,0.3861,0.0
100000005661829100,transit,0.95,18,0.325,"Пропуск 107%: получил 38 тыс ₸ от 1 плательщика, отдал 40 тыс ₸ 2 получ.; 89% ушло ≤2 дн. после поступления",543,,быстрый_транзит,3,False,1,2,37790.0,40362.0,1,4,1.06806,False,1.0,0,1,280.332878,0.006945,2,0.000292,2e-06,0.894152,1.0,1,0,0,1,False,0.5225,0.0,0.0,0.5033,0.25
100000001650895100,terminal,0.708,15,0.3243,"Получил 154 тыс ₸ от 1 плательщика, дальше ушло лишь 7% (исходящие наблюдаемы)",544,,,3,False,1,1,153500.0,10000.0,1,1,0.065147,False,1.0,0,1,123.698756,0.000806,0,0.000309,2.2e-05,0.0,,1,0,0,0,False,0.4248,0.0,0.2117,0.6626,0.0
100000003001661100,peripheral,0.571,22,0.3243,"Получил 110 тыс ₸ от 1 плательщика, отдал 440 тыс ₸ 5 получ., пропуск 400%; пороги ролей не достигнуты",545,,возвратные_циклы,3,False,1,5,110000.0,439500.0,1,8,3.995455,False,1.0,0,1,1214.488295,0.002763,0,0.000546,8.3e-05,0.0,4.0,1,1,0,0,False,0.0571,0.0,0.4102,0.8835,0.25
100000008555918100,peripheral,0.671,5,0.3243,"Получил 139 тыс ₸ от 1 плательщика, отдал 43 тыс ₸ 2 получ., пропуск 31%; пороги ролей не достигнуты",546,,,1,False,1,2,139211.0,43300.0,1,2,0.311039,False,1.0,1,4,139211.0,1.0,1,0.000313,4.8e-05,0.0,,1,0,0,0,False,0.0671,0.5275,0.1933,0.6993,0.0
100000008587459100,peripheral,0.533,1,0.3241,"Получил 182 тыс ₸ от 2 плательщиков, отдал 686 тыс ₸ 2 получ., пропуск 378%; пороги ролей не достигнуты",547,,возвратные_циклы,2,False,2,2,181507.0,686500.0,2,4,3.782223,False,1.0,0,2,804.88114,0.001172,4,0.000301,1.8e-05,0.0,,1,1,0,1,False,0.0533,0.1395,0.4944,0.5916,0.25
100000004539443100,terminal,0.758,5,0.3239,"Получил 62 тыс ₸ от 2 плательщиков, исходящих нет (исходящие наблюдаемы)",548,,,3,False,2,0,61990.0,0.0,2,0,0.0,False,0.0,0,2,38209.443404,0.616381,0,0.000956,0.0,0.0,,2,0,0,0,False,0.4548,0.266,0.0406,0.4742,0.0
100000001674850100,terminal,0.801,2,0.3237,"Получил 237 тыс ₸ от 2 плательщиков, исходящих нет (исходящие наблюдаемы)",549,,,3,False,2,0,237000.0,0.0,2,0,0.0,False,0.0,0,2,54.446585,0.00023,2,0.000314,0.0,0.0,,2,0,0,0,False,0.4806,0.1395,0.2937,0.2527,0.0
100000005022552100,terminal,0.74,3,0.3235,"Получил 241 тыс ₸ от 1 плательщика, дальше ушло лишь 2% (исходящие наблюдаемы)",550,,,3,False,1,1,241000.0,5000.0,3,1,0.020747,False,1.0,0,2,2514.16962,0.010432,1,0.000358,0.0,0.0,15.0,1,0,0,0,False,0.444,0.1395,0.2968,0.3205,0.0
100000004180097100,peripheral,0.583,1,0.3232,"Получил 105 тыс ₸ от 3 плательщиков, отдал 48 тыс ₸ 3 получ., пропуск 46%; пороги ролей не достигнуты",551,,возвратные_циклы,1,False,3,3,104854.0,47800.0,5,7,0.455872,False,1.0,1,1,95692.600032,0.912627,1,0.000857,0.000314,0.141149,7.0,1,3,0,1,False,0.0583,0.2131,0.1398,0.9513,0.25
100000005498992100,distributor,0.761,6,0.3227,"Веер: 16 получателей при 0 плательщиках; разослал 2.3 млн ₸, в среднем 119 тыс ₸ за перевод; вход занижен (seed)",552,,seed,0,True,0,16,0.0,2262868.0,0,19,,False,1.0,0,0,0.0,1.0,4,0.000286,0.0,0.0,,0,0,0,0,False,0.5708,0.0,0.7195,0.0002,0.0
100000008490127100,peripheral,0.507,4,0.3223,"Получил 432 тыс ₸ от 1 плательщика, отдал 923 тыс ₸ 6 получ., пропуск 214%; пороги ролей не достигнуты",553,,,3,False,1,6,431755.0,923000.0,2,9,2.137786,False,1.0,0,3,516.103538,0.000559,1,0.0003,0.000115,0.0,,1,0,0,0,False,0.0507,0.2211,0.5503,0.6539,0.0
100000008531186100,terminal,0.711,1,0.3221,"Получил 125 тыс ₸ от 1 плательщика, исходящих нет (исходящие наблюдаемы); к узлу ведут цепочки переводов от 3 seed",554,,,2,False,1,0,125000.0,0.0,1,0,0.0,False,0.0,0,3,18622.179578,0.148977,1,0.000362,0.0,0.0,,1,0,0,0,False,0.4266,0.2797,0.1729,0.3258,0.0
100000002622822100,terminal,0.521,2,0.3216,"4-е колено, исходящие не выгружены; модель: P(сток)=0.65; получил 750 тыс ₸ от 1 плательщика",555,,обрыв_4_колена,4,False,1,0,750000.0,0.0,1,0,0.0,True,0.349618,0,1,63.361758,8.4e-05,0,0.000908,0.0,0.0,,1,0,0,0,False,0.3126,0.0,0.5111,0.4731,0.0
100000008680731100,distributor,0.829,17,0.3216,"Веер: 27 получателей при 0 плательщиках; разослал 1.5 млн ₸, в среднем 52 тыс ₸ за перевод; вход занижен (seed)",556,,всплеск_активности;seed,0,True,0,27,0.0,1464354.0,0,28,,False,1.0,0,0,0.0,1.0,2,0.000286,0.0,0.0,,0,0,0,1,False,0.6218,0.0,0.6374,0.0002,0.0
100000004130144100,terminal,0.735,6,0.321,"Получил 200 тыс ₸ от 1 плательщика (seed: 1), исходящих нет (исходящие наблюдаемы)",557,,,1,False,1,0,200000.0,0.0,1,0,0.0,False,0.0,1,1,200000.0,1.0,1,0.000297,0.0,0.0,,1,0,0,0,False,0.441,0.2827,0.2616,0.1686,0.0
100000007641801100,terminal,0.735,6,0.321,"Получил 200 тыс ₸ от 1 плательщика (seed: 1), исходящих нет (исходящие наблюдаемы)",558,,,1,False,1,0,200000.0,0.0,1,0,0.0,False,0.0,1,1,200000.0,1.0,1,0.000297,0.0,0.0,,1,0,0,0,False,0.441,0.2827,0.2616,0.1686,0.0
100000004993576100,terminal,0.726,3,0.3198,"Получил 167 тыс ₸ от 1 плательщика, исходящих нет (исходящие наблюдаемы); к узлу ведут цепочки переводов от 3 seed",559,,,2,False,1,0,167000.0,0.0,1,0,0.0,False,0.0,0,3,4629.292137,0.02772,1,0.000339,0.0,0.0,,1,0,0,0,False,0.4356,0.2211,0.2276,0.3003,0.0
100000001373265100,terminal,0.711,1,0.3195,"Получил 142 тыс ₸ от 1 плательщика, дальше ушло лишь 4% (исходящие наблюдаемы)",560,,,3,False,1,1,142482.0,5000.0,1,1,0.035092,False,1.0,0,1,947.719552,0.006652,1,0.000315,1.9e-05,0.0,,1,0,0,0,False,0.4266,0.0,0.1976,0.6512,0.0
100000001733687100,terminal,0.755,2,0.3193,"Получил 300 тыс ₸ от 1 плательщика, исходящих нет (исходящие наблюдаемы)",561,,,3,False,1,0,300000.0,0.0,1,0,0.0,False,0.0,0,2,337.278539,0.001124,1,0.000307,0.0,0.0,,1,0,0,0,False,0.453,0.1395,0.3382,0.224,0.0
100000003171587100,peripheral,0.531,9,0.3192,"Получил 700 тыс ₸ от 2 плательщиков, отдал 431 тыс ₸ 2 получ., пропуск 62%; пороги ролей не достигнуты",562,,,3,False,2,2,700000.0,431300.0,2,7,0.616143,False,1.0,0,3,1029.020837,0.00147,2,0.000316,3.9e-05,0.0,9.0,2,0,0,0,False,0.0531,0.2211,0.4981,0.7013,0.0
100000003152964100,terminal,0.71,1,0.319,"Получил 142 тыс ₸ от 1 плательщика, дальше ушло лишь 4% (исходящие наблюдаемы)",563,,,3,False,1,1,141847.0,5500.0,1,1,0.038774,False,1.0,0,1,943.495847,0.006652,1,0.000314,1.9e-05,0.0,3.0,1,0,0,0,False,0.426,0.0,0.1968,0.651,0.0
100000005042822100,terminal,0.531,25,0.3188,"4-е колено, исходящие не выгружены; модель: P(сток)=0.65; получил 1 млн ₸ от 1 плательщика",564,,обрыв_4_колена,4,False,1,0,1000000.0,0.0,1,0,0.0,True,0.348215,0,1,344.270007,0.000344,0,0.000453,0.0,0.0,,1,0,0,0,False,0.3186,0.0,0.5654,0.3732,0.0
100000006567935100,terminal,0.735,11,0.3188,"Получил 200 тыс ₸ от 1 плательщика, исходящих нет (исходящие наблюдаемы); к узлу ведут цепочки переводов от 3 seed",565,,,2,False,1,0,200000.0,0.0,1,0,0.0,False,0.0,0,3,330.003718,0.00165,0,0.000311,0.0,0.0,,1,0,0,0,False,0.441,0.2211,0.2616,0.2384,0.0
100000002087788100,terminal,0.7,4,0.3184,"Получил 100 тыс ₸ от 1 плательщика, исходящих нет (исходящие наблюдаемы); к узлу ведут цепочки переводов от 3 seed",566,,,2,False,1,0,100500.0,0.0,1,0,0.0,False,0.0,0,3,5600.261372,0.055724,0,0.000659,0.0,0.0,,1,0,0,0,False,0.42,0.2211,0.1318,0.4513,0.0
100000008730021100,terminal,0.7,7,0.3182,"Получил 76 тыс ₸ от 1 плательщика (seed: 1), исходящих нет (исходящие наблюдаемы)",567,,,1,False,1,0,75555.0,0.0,3,0,0.0,False,0.0,1,2,75555.0,1.0,0,0.000468,0.0,0.0,,1,0,0,0,False,0.42,0.3303,0.0779,0.3768,0.0
100000001382002100,transit,0.74,1,0.318,"Пропуск 103%: получил 55 тыс ₸ от 1 плательщика, отдал 56 тыс ₸ 1 получ.",568,,возвратные_циклы,2,False,1,1,55000.0,56500.0,2,3,1.027273,False,1.0,0,1,54400.945417,0.962849,0,0.000663,0.0,0.0,9.0,1,1,0,0,False,0.407,0.1598,0.0231,0.4517,0.25
100000002697752100,terminal,0.79,1,0.3177,"Получил 191 тыс ₸ от 2 плательщиков, исходящих нет (исходящие наблюдаемы)",569,,,3,False,2,0,190785.0,0.0,2,0,0.0,False,0.0,0,2,1764.657137,0.009249,2,0.00033,0.0,0.0,,1,0,0,0,False,0.474,0.1395,0.2527,0.2869,0.0
100000003031761100,terminal,0.776,9,0.3171,"Получил 460 тыс ₸ от 1 плательщика, исходящих нет (исходящие наблюдаемы)",570,,,3,False,1,0,460408.0,0.0,1,0,0.0,False,0.0,0,1,992.961511,0.002157,1,0.000318,0.0,0.0,,1,0,0,0,False,0.4656,0.0,0.419,0.2651,0.0
100000000076451100,peripheral,0.583,3,0.317,"Получил 88 тыс ₸ от 3 плательщиков, отдал 58 тыс ₸ 4 получ., пропуск 66%; пороги ролей не достигнуты",571,,возвратные_циклы,2,False,3,4,87707.0,58000.0,4,4,0.661293,False,1.0,0,3,1969.986005,0.022461,1,0.001396,9.8e-05,0.057008,5.0,2,2,0,0,False,0.0583,0.2211,0.1061,0.9517,0.25
100000008624978100,terminal,0.704,2,0.3168,"Получил 109 тыс ₸ от 1 плательщика, исходящих нет (исходящие наблюдаемы); к узлу ведут цепочки переводов от 4 seed",572,,,2,False,1,0,109000.0,0.0,1,0,0.0,False,0.0,0,4,13870.12158,0.127249,0,0.000338,0.0,0.0,,1,0,0,0,False,0.4224,0.3098,0.1471,0.2989,0.0
100000001927599100,terminal,0.79,15,0.3165,"Получил 188 тыс ₸ от 2 плательщиков, исходящих нет (исходящие наблюдаемы)",573,,,3,False,2,0,188000.0,0.0,2,0,0.0,False,0.0,0,2,552.296313,0.002938,1,0.000327,0.0,0.0,,2,0,0,0,False,0.474,0.1395,0.25,0.284,0.0
100000005539910100,peripheral,0.698,5,0.3164,"Получил 102 тыс ₸ от 1 плательщика, отдал 22 тыс ₸ 2 получ., пропуск 22%; пороги ролей не достигнуты",574,,,2,False,1,2,102000.0,22000.0,1,2,0.215686,False,1.0,0,4,58524.590164,0.57377,0,0.000499,4.8e-05,0.0,4.0,1,0,0,0,False,0.0698,0.4457,0.1346,0.8374,0.0
100000008335401100,terminal,0.72,15,0.3163,"Получил 150 тыс ₸ от 1 плательщика, исходящих нет (исходящие наблюдаемы)",575,,,2,False,1,0,150000.0,0.0,3,0,0.0,False,0.0,0,2,7520.642602,0.050138,0,0.000551,0.0,0.0,,1,0,0,0,False,0.432,0.1395,0.2074,0.4242,0.0
100000003574895100,transit,0.808,1,0.3157,"Пропуск 72%: получил 28 тыс ₸ от 1 плательщика, отдал 20 тыс ₸ 1 получ.; 72% ушло ≤2 дн. после поступления",576,,быстрый_транзит,3,False,1,1,27968.0,20000.0,1,1,0.715103,False,1.0,0,2,23.673306,0.000846,1,0.000287,1.9e-05,0.715103,0.0,1,0,0,0,False,0.4444,0.1395,0.0,0.4224,0.25
100000001317336100,peripheral,0.5,25,0.3156,"Получил 131 тыс ₸ от 1 плательщика, отдал 1.8 млн ₸ 2 получ., пропуск 1335%; пороги ролей не достигнуты",577,,,3,False,1,2,131196.0,1752000.0,1,3,13.354066,False,1.0,0,1,603.161053,0.000344,0,0.000344,4e-05,0.0,4.0,1,0,0,0,False,0.05,0.0,0.6712,0.7516,0.0
100000004386258100,peripheral,0.583,17,0.3156,"Получил 62 тыс ₸ от 3 плательщиков, отдал 40 тыс ₸ 3 получ., пропуск 65%; пороги ролей не достигнуты",578,,возвратные_циклы,2,False,3,3,61700.0,40000.0,3,3,0.648298,False,1.0,0,3,34270.622072,0.55544,1,0.000534,0.00012,0.486224,0.0,2,2,0,0,False,0.0583,0.3373,0.0397,0.8774,0.25
100000002981527100,terminal,0.726,6,0.3152,"Получил 168 тыс ₸ от 1 плательщика (seed: 1), исходящих нет (исходящие наблюдаемы)",579,,,1,False,1,0,168000.0,0.0,1,0,0.0,False,0.0,1,1,168000.0,1.0,1,0.000304,0.0,0.0,,1,0,0,0,False,0.4356,0.2663,0.2287,0.2129,0.0
100000004904960100,terminal,0.758,10,0.3151,"Получил 32 тыс ₸ от 2 плательщиков, исходящих нет (исходящие наблюдаемы); к узлу ведут цепочки переводов от 4 seed",580,,,2,False,2,0,32000.0,0.0,2,0,0.0,False,0.0,0,4,7863.513447,0.245735,0,0.000778,0.0,0.0,,1,0,0,0,False,0.4548,0.2789,0.0,0.462,0.0
100000002958345100,terminal,0.756,11,0.3147,"Получил 307 тыс ₸ от 1 плательщика, исходящих нет (исходящие наблюдаемы)",581,,,3,False,1,0,307000.0,0.0,1,0,0.0,False,0.0,0,2,98.46851,0.000321,1,0.0003,0.0,0.0,,1,0,0,0,False,0.4536,0.1395,0.3425,0.1915,0.0
100000006240939100,peripheral,0.522,2,0.3147,"Получил 160 тыс ₸ от 1 плательщика, отдал 778 тыс ₸ 5 получ., пропуск 486%; пороги ролей не достигнуты",582,,быстрый_транзит,2,False,1,5,160000.0,778015.0,1,5,4.862594,False,1.0,0,1,13658.536585,0.017556,3,0.000319,4e-06,1.0,0.0,1,0,0,0,False,0.0522,0.0294,0.518,0.657,0.25
100000003154105100,peripheral,0.562,28,0.3146,"Получил 60 тыс ₸ от 1 плательщика, отдал 338 тыс ₸ 7 получ., пропуск 563%; пороги ролей не достигнуты",583,,быстрый_транзит,3,False,1,7,60000.0,338000.0,1,9,5.633333,False,1.0,0,1,4964.691325,0.014688,0,0.000551,0.00014,0.916667,1.0,1,0,0,1,False,0.0562,0.0,0.3607,0.8977,0.25
100000008732488100,terminal,0.701,1,0.3146,"Получил 137 тыс ₸ от 1 плательщика, дальше ушло лишь 7% (исходящие наблюдаемы)",584,,,3,False,1,1,137000.0,10000.0,1,1,0.072993,False,1.0,0,1,911.256008,0.006652,1,0.000313,1.9e-05,0.072993,0.0,1,0,0,0,False,0.4206,0.0,0.1902,0.6461,0.0
100000002878467100,terminal,0.793,2,0.3145,"Получил 200 тыс ₸ от 2 плательщиков, исходящих нет (исходящие наблюдаемы)",585,,,3,False,2,0,200000.0,0.0,2,0,0.0,False,0.0,0,2,314.532184,0.001573,2,0.000314,0.0,0.0,,1,0,0,0,False,0.4758,0.1395,0.2616,0.2542,0.0
100000002509598100,terminal,0.756,11,0.3144,"Получил 306 тыс ₸ от 1 плательщика, исходящих нет (исходящие наблюдаемы)",586,,,3,False,1,0,305550.0,0.0,1,0,0.0,False,0.0,0,2,98.003431,0.000321,1,0.0003,0.0,0.0,,1,0,0,0,False,0.4536,0.1395,0.3416,0.1911,0.0
100000004269433100,transit,0.875,7,0.3143,"Признаки передачи средств seed: вход неполон; переправил 1.4 млн ₸ 1 получ., 100% — одному",587,,дробление;seed,0,True,0,1,0.0,1372000.0,0,67,,False,1.0,0,0,0.0,1.0,0,0.000286,0.0,0.0,,0,0,0,11,False,0.4813,0.0,0.6251,0.0002,0.25
100000002890167100,terminal,0.708,3,0.3141,"Получил 118 тыс ₸ от 1 плательщика (seed: 1), исходящих нет (исходящие наблюдаемы)",588,,,1,False,1,0,118150.0,0.0,1,0,0.0,False,0.0,1,2,118150.0,1.0,1,0.000298,0.0,0.0,,1,0,0,0,False,0.4248,0.3725,0.1623,0.1755,0.0
100000002156381100,peripheral,0.7,7,0.314,"Получил 61 тыс ₸ от 2 плательщиков, отдал 22 тыс ₸ 1 получ., пропуск 36%; пороги ролей не достигнуты",589,,возвратные_циклы,2,False,2,1,61000.0,21800.0,7,3,0.357377,False,1.0,0,4,2612.462657,0.042827,0,0.001081,4.2e-05,0.081967,1.0,2,1,0,0,False,0.07,0.2789,0.0375,0.9257,0.25
100000001601320100,transit,0.728,6,0.3139,"Пропуск 106%: получил 44 тыс ₸ от 2 плательщиков, отдал 46 тыс ₸ 1 получ.",590,,,2,False,2,1,43500.0,46200.0,2,1,1.062069,False,1.0,0,1,21081.081081,0.4563,0,0.000812,1e-06,0.0,8.0,1,0,0,0,False,0.4004,0.0704,0.0,0.8425,0.0
100000005075949100,peripheral,0.327,1,0.3131,4-е колено (обход оборван): 7 поступл. на 2.2 млн ₸ от 1 плательщика; P(передаёт дальше)=0.69 — порогов ролей не достигает,591,,аномалия_колена;обрыв_4_колена,4,False,1,0,2226000.0,0.0,7,0,0.0,True,0.693658,0,1,7711.203469,0.003464,0,0.000768,0.0,0.0,,1,0,0,0,True,0.0327,0.0,0.7164,0.4617,0.25
100000001714413100,terminal,0.746,4,0.313,"Получил 250 тыс ₸ от 1 плательщика, исходящих нет (исходящие наблюдаемы); к узлу ведут цепочки переводов от 3 seed",592,,,3,False,1,0,250172.0,0.0,1,0,0.0,False,0.0,0,3,299.046113,0.001195,1,0.000294,0.0,0.0,,1,0,0,0,False,0.4476,0.2211,0.3039,0.1372,0.0
100000005493505100,terminal,0.792,5,0.3126,"Получил 62 тыс ₸ от 3 плательщиков (seed: 1), исходящих нет (исходящие наблюдаемы); к узлу ведут цепочки переводов от 6 seed",593,,seed,0,True,3,0,62020.0,0.0,3,0,0.0,False,0.0,1,6,23099.749971,1.0,0,0.000617,0.0,0.0,,1,0,0,0,False,0.4752,0.4395,0.0407,0.4446,0.0
100000005895525100,terminal,0.709,42,0.3126,"Получил 120 тыс ₸ от 1 плательщика (seed: 1), исходящих нет (исходящие наблюдаемы)",594,,,1,False,1,0,120000.0,0.0,3,0,0.0,False,0.0,1,1,120000.0,1.0,0,0.000391,0.0,0.0,,1,0,0,0,False,0.4254,0.2345,0.1652,0.3463,0.0
100000003131016100,peripheral,0.578,1,0.3122,"Получил 406 тыс ₸ от 1 плательщика, отдал 126 тыс ₸ 1 получ., пропуск 31%; пороги ролей не достигнуты",595,,возвратные_циклы,2,False,1,1,405700.0,126000.0,7,4,0.310574,False,1.0,0,2,35816.957396,0.088284,1,0.001677,0.0,0.064087,16.0,1,1,0,0,False,0.0578,0.2599,0.3951,0.4889,0.25
100000003920950100,terminal,0.759,18,0.3122,"Получил 323 тыс ₸ от 1 плательщика, исходящих нет (исходящие наблюдаемы)",596,,,3,False,1,0,323290.0,0.0,1,0,0.0,False,0.0,0,1,842.726734,0.002607,1,0.000392,0.0,0.0,,1,0,0,0,False,0.4554,0.0,0.3523,0.347,0.0
100000000569479100,terminal,0.758,14,0.312,"Получил 320 тыс ₸ от 1 плательщика, исходящих нет (исходящие наблюдаемы)",597,,,3,False,1,0,320000.0,0.0,1,0,0.0,False,0.0,0,1,4704.970653,0.014703,0,0.000395,0.0,0.0,,1,0,0,0,False,0.4548,0.0,0.3504,0.3499,0.0
100000003149149100,terminal,0.745,4,0.3114,"Получил 245 тыс ₸ от 1 плательщика, исходящих нет (исходящие наблюдаемы); к узлу ведут цепочки переводов от 3 seed",598,,,3,False,1,0,245000.0,0.0,1,0,0.0,False,0.0,0,3,292.8637,0.001195,1,0.000294,0.0,0.0,,1,0,0,0,False,0.447,0.2211,0.3,0.1346,0.0
100000003795588100,terminal,0.769,10,0.3109,"Получил 400 тыс ₸ от 1 плательщика, исходящих нет (исходящие наблюдаемы)",599,,,3,False,1,0,400000.0,0.0,2,0,0.0,False,0.0,0,1,1939.98424,0.00485,1,0.000321,0.0,0.0,,1,0,0,0,False,0.4614,0.0,0.3925,0.2745,0.0
100000002633108100,terminal,0.758,16,0.3096,"Получил 320 тыс ₸ от 1 плательщика, исходящих нет (исходящие наблюдаемы)",600,,,3,False,1,0,320000.0,0.0,3,0,0.0,False,0.0,0,1,353.81529,0.001106,1,0.000376,0.0,0.0,,1,0,0,0,False,0.4548,0.0,0.3504,0.3365,0.0
100000001222263100,peripheral,0.526,4,0.3094,"Получил 746 тыс ₸ от 1 плательщика, отдал 420 тыс ₸ 1 получ., пропуск 56%; пороги ролей не достигнуты",601,,,3,False,1,1,745570.0,420000.0,1,5,0.563327,False,1.0,0,3,891.226077,0.001195,1,0.00031,1.9e-05,0.402377,0.0,1,0,0,0,False,0.0526,0.2211,0.51,0.6321,0.0
100000001641951100,terminal,0.7,9,0.3093,"Получил 25 тыс ₸ от 1 плательщика, исходящих нет (исходящие наблюдаемы); к узлу ведут цепочки переводов от 8 seed",602,,,2,False,1,0,25000.0,0.0,4,0,0.0,False,0.0,0,8,14388.186157,0.575527,0,0.000319,0.0,0.0,,1,0,0,0,False,0.42,0.4527,0.0,0.2678,0.0
100000002712416100,terminal,0.766,2,0.3093,"Получил 117 тыс ₸ от 2 плательщиков, исходящих нет (исходящие наблюдаемы); к узлу ведут цепочки переводов от 4 seed",603,,,3,False,2,0,116800.0,0.0,2,0,0.0,False,0.0,0,4,370.713151,0.003174,2,0.000303,0.0,0.0,,1,0,0,0,False,0.4596,0.2789,0.1601,0.2071,0.0
100000002943472100,terminal,0.727,2,0.3093,"Получил 170 тыс ₸ от 1 плательщика, исходящих нет (исходящие наблюдаемы); к узлу ведут цепочки переводов от 3 seed",604,,,3,False,1,0,170000.0,0.0,1,0,0.0,False,0.0,0,3,88.722482,0.000522,1,0.00031,0.0,0.0,,1,0,0,0,False,0.4362,0.2211,0.231,0.2367,0.0
100000008121806100,peripheral,0.621,9,0.3091,"Получил 67 тыс ₸ от 1 плательщика, отдал 249 тыс ₸ 4 получ., пропуск 371%; пороги ролей не достигнуты",605,,быстрый_транзит;возвратные_циклы,3,False,1,4,67000.0,248509.0,1,6,3.70909,False,1.0,0,1,111.972192,0.000451,3,0.0003,0.000781,1.0,0.0,1,1,0,0,False,0.0621,0.0,0.3026,0.6828,0.5
100000003289405100,terminal,0.763,5,0.309,"Получил 355 тыс ₸ от 1 плательщика, исходящих нет (исходящие наблюдаемы)",606,,,2,False,1,0,355000.0,0.0,1,0,0.0,False,0.0,0,1,7687.75387,0.021656,1,0.000339,0.0,0.0,,1,0,0,0,False,0.4578,0.0,0.3699,0.3012,0.0
100000003286537100,terminal,0.779,2,0.3089,"Получил 153 тыс ₸ от 2 плательщиков, исходящих нет (исходящие наблюдаемы); к узлу ведут цепочки переводов от 3 seed",607,,,3,False,2,0,153000.0,0.0,2,0,0.0,False,0.0,0,3,135.984453,0.000889,2,0.000301,0.0,0.0,,2,0,0,0,False,0.4674,0.2211,0.2111,0.1982,0.0
100000003275398100,terminal,0.742,24,0.3088,"Получил 300 тыс ₸ от 1 плательщика, дальше ушло лишь 7% (исходящие наблюдаемы)",608,,,2,False,1,1,300000.0,20000.0,1,1,0.066667,False,1.0,0,1,4557.150907,0.015191,0,0.000434,0.0,0.0,,1,0,0,0,False,0.4452,0.0,0.3382,0.3677,0.0
100000005857058100,terminal,0.792,1,0.3088,"Получил 80 тыс ₸ от 3 плательщиков, исходящих нет (исходящие наблюдаемы); к узлу ведут цепочки переводов от 3 seed",609,,,3,False,3,0,80222.0,0.0,3,0,0.0,False,0.0,0,3,5458.724461,0.068045,2,0.00039,0.0,0.0,,1,0,0,0,False,0.4752,0.2211,0.0892,0.3448,0.0
100000005667841100,terminal,0.789,2,0.3087,"Получил 186 тыс ₸ от 2 плательщиков, исходящих нет (исходящие наблюдаемы)",610,,,3,False,2,0,186000.0,0.0,2,0,0.0,False,0.0,0,2,270.616035,0.001455,2,0.000312,0.0,0.0,,2,0,0,0,False,0.4734,0.1395,0.248,0.2447,0.0
100000000913911100,peripheral,0.544,5,0.3086,"Получил 467 тыс ₸ от 2 плательщиков, отдал 600 тыс ₸ 1 получ., пропуск 128%; пороги ролей не достигнуты",611,,,2,False,2,1,467000.0,600000.0,2,1,1.284797,False,1.0,0,2,9722.651791,0.016204,1,0.000459,1.9e-05,0.0,3.0,2,0,0,0,False,0.0544,0.1395,0.469,0.7878,0.0
100000008254069100,peripheral,0.62,7,0.3086,"Получил 10 тыс ₸ от 1 плательщика, отдал 108 тыс ₸ 5 получ., пропуск 1054%; пороги ролей не достигнуты",612,,возвратные_циклы,2,False,1,5,10200.0,107500.0,2,6,10.539216,False,1.0,0,4,9075.168413,0.08442,1,0.000342,9.4e-05,0.980392,0.0,1,1,0,0,False,0.062,0.2789,0.1445,0.7694,0.25
100000003191430100,terminal,0.729,3,0.3081,"Получил 180 тыс ₸ от 1 плательщика, исходящих нет (исходящие наблюдаемы)",613,,,2,False,1,0,180000.0,0.0,1,0,0.0,False,0.0,0,1,23520.0,0.130667,0,0.000531,0.0,0.0,,1,0,0,0,False,0.4374,0.0807,0.2418,0.4004,0.0
100000001851289100,terminal,0.705,3,0.3074,"Получил 110 тыс ₸ от 1 плательщика (seed: 1), исходящих нет (исходящие наблюдаемы)",614,,,1,False,1,0,109510.0,0.0,3,0,0.0,False,0.0,1,2,109510.0,1.0,1,0.000297,0.0,0.0,,1,0,0,0,False,0.423,0.3653,0.148,0.1706,0.0
100000000733451100,peripheral,0.605,13,0.3071,"Получил 70 тыс ₸ от 1 плательщика, отдал 300 тыс ₸ 1 получ., пропуск 429%; пороги ролей не достигнуты",615,,,3,False,1,1,70000.0,300000.0,2,1,4.285714,False,1.0,0,2,20532.394048,0.068441,0,0.000541,2.5e-05,0.0,,1,0,0,0,False,0.0605,0.2074,0.3382,0.851,0.0
100000002633701100,terminal,0.749,6,0.3071,"Получил 267 тыс ₸ от 1 плательщика, исходящих нет (исходящие наблюдаемы)",616,,,2,False,1,0,266850.0,0.0,1,0,0.0,False,0.0,0,1,30439.149524,0.114068,1,0.000311,0.0,0.0,,1,0,0,0,False,0.4494,0.105,0.3161,0.2391,0.0
100000003060517100,terminal,0.758,4,0.307,"Получил 316 тыс ₸ от 1 плательщика, исходящих нет (исходящие наблюдаемы)",617,,,3,False,1,0,315955.0,0.0,1,0,0.0,False,0.0,0,1,1187.936776,0.00376,1,0.000362,0.0,0.0,,1,0,0,0,False,0.4548,0.0,0.348,0.3254,0.0
100000002570206100,terminal,0.784,4,0.3064,"Получил 167 тыс ₸ от 2 плательщиков, исходящих нет (исходящие наблюдаемы)",618,,,2,False,2,0,166959.6,0.0,2,0,0.0,False,0.0,0,2,2079.931304,0.012458,2,0.000319,0.0,0.0,,1,0,0,0,False,0.4704,0.1395,0.2276,0.2656,0.0
100000008258458100,peripheral,0.5,3,0.3064,"Получил 19 тыс ₸ от 1 плательщика, отдал 1.6 млн ₸ 2 получ., пропуск 8200%; пороги ролей не достигнуты",619,,,3,False,1,2,19000.0,1557988.0,1,4,81.999368,False,1.0,0,2,198.212543,0.000127,1,0.000291,3.8e-05,1.0,0.0,1,0,0,1,False,0.05,0.1395,0.6491,0.5443,0.0
100000006020215100,transit,0.707,13,0.3063,"Пропуск 113%: получил 30 тыс ₸ от 1 плательщика, отдал 34 тыс ₸ 2 получ.",620,,,3,False,1,2,30000.0,33800.0,1,2,1.126667,False,1.0,0,3,324.176081,0.009591,1,0.000297,6.1e-05,0.0,13.0,1,0,0,0,False,0.3889,0.2211,0.0,0.6226,0.0
100000002821425100,terminal,0.751,11,0.3062,"Получил 275 тыс ₸ от 1 плательщика, исходящих нет (исходящие наблюдаемы)",621,,,3,False,1,0,275000.0,0.0,1,0,0.0,False,0.0,0,2,88.204691,0.000321,1,0.000299,0.0,0.0,,1,0,0,0,False,0.4506,0.1395,0.3218,0.1782,0.0
100000008356606100,terminal,0.784,13,0.3059,"Получил 168 тыс ₸ от 2 плательщиков, исходящих нет (исходящие наблюдаемы)",622,,,2,False,2,0,168500.0,0.0,2,0,0.0,False,0.0,0,1,4579.23847,0.027176,0,0.000627,0.0,0.0,,1,0,0,0,False,0.4704,0.0,0.2293,0.4462,0.0
100000004424023100,peripheral,0.7,8,0.3057,"Получил 50 тыс ₸ от 1 плательщика, отдал 100 тыс ₸ 1 получ., пропуск 200%; пороги ролей не достигнуты",623,,,2,False,1,1,50000.0,100000.0,1,1,2.0,False,1.0,0,5,14466.859049,0.144669,1,0.000972,2e-05,0.0,,1,0,0,0,False,0.07,0.3587,0.1308,0.899,0.0
100000000976943100,transit,0.724,1,0.3054,"Пропуск 120%: получил 70 тыс ₸ от 1 плательщика, отдал 84 тыс ₸ 1 получ.",624,,,3,False,1,1,70000.0,84000.0,1,3,1.2,False,1.0,0,1,352.948839,0.004202,1,0.000373,2.2e-05,0.157143,6.0,1,0,0,0,False,0.3982,0.0,0.0979,0.7629,0.0
100000005634552100,peripheral,0.5,1,0.3053,"Получил 26 тыс ₸ от 1 плательщика, отдал 1.2 млн ₸ 3 получ., пропуск 4627%; пороги ролей не достигнуты",625,,,1,False,1,3,25850.0,1196000.0,1,4,46.266925,False,1.0,1,2,25850.0,0.021614,2,0.000288,2.9e-05,0.0,,1,0,0,1,False,0.05,0.2291,0.5992,0.4849,0.0
100000003484058100,terminal,0.694,16,0.3051,"Получил 110 тыс ₸ от 1 плательщика, дальше ушло лишь 5% (исходящие наблюдаемы)",626,,,3,False,1,1,110000.0,6000.0,1,1,0.054545,False,1.0,0,1,121.624006,0.001106,1,0.000317,1.9e-05,0.0,13.0,1,0,0,0,False,0.4164,0.0,0.1488,0.657,0.0
100000003112436100,terminal,0.7,5,0.3048,"Получил 100 тыс ₸ от 1 плательщика, исходящих нет (исходящие наблюдаемы); к узлу ведут цепочки переводов от 4 seed",627,,,2,False,1,0,100000.0,0.0,1,0,0.0,False,0.0,0,4,21505.04405,0.21505,0,0.000302,0.0,0.0,,1,0,0,0,False,0.42,0.3512,0.1308,0.204,0.0
100000000896111100,terminal,0.753,21,0.3047,"Получил 287 тыс ₸ от 1 плательщика, исходящих нет (исходящие наблюдаемы)",628,,,3,False,1,0,287100.0,0.0,1,0,0.0,False,0.0,0,1,8722.25478,0.030381,0,0.000387,0.0,0.0,,1,0,0,0,False,0.4518,0.0,0.3299,0.3427,0.0
100000007242833100,peripheral,0.694,17,0.3046,"Получил 108 тыс ₸ от 1 плательщика, отдал 45 тыс ₸ 1 получ., пропуск 42%; пороги ролей не достигнуты",629,,,2,False,1,1,107500.0,45000.0,3,2,0.418605,False,1.0,0,3,71582.297082,0.665882,1,0.000514,2e-05,0.418605,1.0,1,0,0,1,False,0.0694,0.4068,0.1445,0.8116,0.0
100000005168487100,peripheral,0.697,7,0.3045,"Получил 15 тыс ₸ от 1 плательщика, отдал 104 тыс ₸ 1 получ., пропуск 690%; пороги ролей не достигнуты",630,,возвратные_циклы;дробление,2,False,1,1,15000.0,103510.0,1,14,6.900667,False,1.0,0,4,3303.673685,0.031916,0,0.001813,0.0,1.0,1.0,1,1,0,3,False,0.0697,0.2789,0.1373,0.4904,0.5
100000000440392100,terminal,0.703,3,0.3039,"Получил 106 тыс ₸ от 1 плательщика (seed: 1), исходящих нет (исходящие наблюдаемы)",631,,,1,False,1,0,105705.0,0.0,4,0,0.0,False,0.0,1,2,105705.0,1.0,1,0.000297,0.0,0.0,,1,0,0,0,False,0.4218,0.362,0.1413,0.1673,0.0
100000004698193100,peripheral,0.63,8,0.3031,"Получил 223 тыс ₸ от 2 плательщиков, отдал 38 тыс ₸ 3 получ., пропуск 17%; пороги ролей не достигнуты",632,,возвратные_циклы,2,False,2,3,222700.0,38000.0,15,5,0.170633,False,1.0,0,1,18277.771237,0.082074,1,0.000825,2e-06,0.0,27.0,1,1,0,0,False,0.063,0.0569,0.2819,0.8494,0.25
100000006530134100,terminal,0.777,4,0.3029,"Получил 145 тыс ₸ от 2 плательщиков, исходящих нет (исходящие наблюдаемы); к узлу ведут цепочки переводов от 3 seed",633,,,3,False,2,0,144663.0,0.0,2,0,0.0,False,0.0,0,3,163.262224,0.001129,2,0.000299,0.0,0.0,,1,0,0,0,False,0.4662,0.2211,0.2005,0.1815,0.0
100000002462183100,terminal,0.704,42,0.3027,"Получил 108 тыс ₸ от 1 плательщика (seed: 1), исходящих нет (исходящие наблюдаемы)",634,,,1,False,1,0,107500.0,0.0,3,0,0.0,False,0.0,1,1,107500.0,1.0,0,0.00038,0.0,0.0,,1,0,0,0,False,0.4224,0.2241,0.1445,0.339,0.0
100000008468762100,terminal,0.785,2,0.3024,"Получил 170 тыс ₸ от 2 плательщиков, исходящих нет (исходящие наблюдаемы)",635,,,3,False,2,0,170000.0,0.0,2,0,0.0,False,0.0,0,2,32.744814,0.000193,2,0.00031,0.0,0.0,,2,0,0,0,False,0.471,0.1395,0.231,0.2378,0.0
100000008379273100,transit,0.73,15,0.3007,"Пропуск 106%: получил 36 тыс ₸ от 2 плательщиков, отдал 38 тыс ₸ 4 получ.",636,,,3,False,2,4,36000.0,38000.0,2,4,1.055556,False,1.0,0,2,170.669459,0.004491,4,0.000299,0.001701,0.0,14.0,1,0,0,0,False,0.4015,0.1395,0.0,0.6748,0.0
100000007392365100,peripheral,0.5,35,0.3003,"Получил 10 тыс ₸ от 1 плательщика, отдал 1.8 млн ₸ 6 получ., пропуск 18367%; пороги ролей не достигнуты",637,,,3,False,1,6,9613.0,1765600.0,1,9,183.66795,False,1.0,0,2,8.136853,5e-06,1,0.000286,0.000115,0.0,4.0,1,0,0,1,False,0.05,0.1395,0.6727,0.4786,0.0
100000002691583100,terminal,0.752,27,0.3001,"Получил 285 тыс ₸ от 1 плательщика, исходящих нет (исходящие наблюдаемы)",638,,,3,False,1,0,285200.0,0.0,1,0,0.0,False,0.0,0,1,92.039342,0.000323,0,0.000357,0.0,0.0,,1,0,0,0,False,0.4512,0.0,0.3286,0.3203,0.0
100000003089553100,terminal,0.72,2,0.3001,"Получил 150 тыс ₸ от 1 плательщика, исходящих нет (исходящие наблюдаемы); к узлу ведут цепочки переводов от 3 seed",639,,,3,False,1,0,150000.0,0.0,1,0,0.0,False,0.0,0,3,78.284543,0.000522,1,0.000307,0.0,0.0,,1,0,0,0,False,0.432,0.2211,0.2074,0.2258,0.0
100000000607941100,peripheral,0.7,3,0.2996,"Получил 50 тыс ₸ от 2 плательщиков, отдал 70 тыс ₸ 1 получ., пропуск 140%; пороги ролей не достигнуты",640,,возвратные_циклы,2,False,2,1,50000.0,70000.0,3,4,1.4,False,1.0,0,3,6696.569574,0.095665,0,0.000579,5.8e-05,0.0,9.0,1,1,0,0,False,0.07,0.2211,0.0635,0.8883,0.25
100000001056414100,terminal,0.746,11,0.2996,"Получил 250 тыс ₸ от 1 плательщика, исходящих нет (исходящие наблюдаемы)",641,,,3,False,1,0,250000.0,0.0,1,0,0.0,False,0.0,0,2,80.186083,0.000321,1,0.000297,0.0,0.0,,1,0,0,0,False,0.4476,0.1395,0.3038,0.1719,0.0
100000008676812100,terminal,0.742,18,0.2989,"Получил 231 тыс ₸ от 1 плательщика, исходящих нет (исходящие наблюдаемы)",642,,,3,False,1,0,230800.0,0.0,1,0,0.0,False,0.0,0,1,2750.915381,0.011919,0,0.000473,0.0,0.0,,1,0,0,0,False,0.4452,0.0,0.2887,0.3786,0.0
100000008472324100,terminal,0.736,4,0.2986,"Получил 205 тыс ₸ от 1 плательщика, исходящих нет (исходящие наблюдаемы); к узлу ведут цепочки переводов от 3 seed",643,,,3,False,1,0,205200.0,0.0,1,0,0.0,False,0.0,0,3,245.288291,0.001195,1,0.000292,0.0,0.0,,1,0,0,0,False,0.4416,0.2211,0.2665,0.1192,0.0
100000004744306100,peripheral,0.707,7,0.2983,"Получил 69 тыс ₸ от 1 плательщика, отдал 92 тыс ₸ 2 получ., пропуск 133%; пороги ролей не достигнуты",644,,,1,False,1,2,69000.0,92000.0,1,3,1.333333,False,1.0,1,3,69000.0,0.75,0,0.000461,3.9e-05,0.0,3.0,1,0,0,0,False,0.0707,0.4033,0.1151,0.8181,0.0
100000001961048100,terminal,0.72,11,0.2982,"Получил 150 тыс ₸ от 1 плательщика, исходящих нет (исходящие наблюдаемы); к узлу ведут цепочки переводов от 3 seed",645,,,2,False,1,0,150000.0,0.0,1,0,0.0,False,0.0,0,3,247.502788,0.00165,0,0.000304,0.0,0.0,,1,0,0,0,False,0.432,0.2211,0.2074,0.2149,0.0
100000002755292100,terminal,0.736,4,0.2981,"Получил 203 тыс ₸ от 1 плательщика, исходящих нет (исходящие наблюдаемы); к узлу ведут цепочки переводов от 3 seed",646,,,3,False,1,0,203400.0,0.0,1,0,0.0,False,0.0,0,3,243.136639,0.001195,1,0.000292,0.0,0.0,,1,0,0,0,False,0.4416,0.2211,0.2648,0.1188,0.0
100000005133757100,terminal,0.758,9,0.2978,"Получил 65 тыс ₸ от 2 плательщиков (seed: 1), исходящих нет (исходящие наблюдаемы); к узлу ведут цепочки переводов от 4 seed",647,,,1,False,2,0,65000.0,0.0,2,0,0.0,False,0.0,1,4,25066.84907,0.385644,2,0.000299,0.0,0.0,,1,0,0,0,False,0.4548,0.3657,0.0495,0.1848,0.0
100000003603979100,terminal,0.725,24,0.2977,"Получил 165 тыс ₸ от 1 плательщика, исходящих нет (исходящие наблюдаемы)",648,,,2,False,1,0,165000.0,0.0,3,0,0.0,False,0.0,0,1,13651.202024,0.082735,0,0.000586,0.0,0.0,,1,0,0,0,False,0.435,0.0294,0.2253,0.4379,0.0
100000000413678100,peripheral,0.555,9,0.2976,"Получил 306 тыс ₸ от 2 плательщиков, отдал 528 тыс ₸ 3 получ., пропуск 172%; пороги ролей не достигнуты",649,,,3,False,2,3,306500.0,528198.0,2,18,1.723321,False,1.0,0,3,193.493876,0.000366,2,0.000301,5.8e-05,0.254483,8.0,2,0,0,1,False,0.0555,0.2211,0.4449,0.6477,0.0
100000002391278100,transit,0.713,2,0.2971,"Пропуск 176%: получил 30 тыс ₸ от 1 плательщика, отдал 53 тыс ₸ 1 получ.; 67% ушло ≤2 дн. после поступления",650,,быстрый_транзит;возвратные_циклы,3,False,1,1,30000.0,52700.0,5,2,1.756667,False,1.0,0,1,1958.220387,0.037158,1,0.000391,0.0,0.666667,1.0,1,1,0,0,False,0.3922,0.0,0.0099,0.3465,0.5
100000002343825100,peripheral,0.583,2,0.2968,"Получил 350 тыс ₸ от 3 плательщиков, отдал 90 тыс ₸ 2 получ., пропуск 26%; пороги ролей не достигнуты",651,,,3,False,3,2,350000.0,89800.0,4,2,0.256571,False,1.0,0,3,319.329379,0.000912,3,0.000334,4.3e-05,0.142857,0.0,2,0,0,0,False,0.0583,0.2211,0.3673,0.7415,0.0
100000008568512100,terminal,0.735,4,0.2966,"Получил 200 тыс ₸ от 1 плательщика, исходящих нет (исходящие наблюдаемы); к узлу ведут цепочки переводов от 3 seed",652,,,3,False,1,0,199640.0,0.0,1,0,0.0,False,0.0,0,3,238.642078,0.001195,1,0.000292,0.0,0.0,,1,0,0,0,False,0.441,0.2211,0.2613,0.1163,0.0
100000002308091100,terminal,0.731,11,0.2964,"Получил 187 тыс ₸ от 1 плательщика, исходящих нет (исходящие наблюдаемы)",653,,,3,False,1,0,186720.0,0.0,1,0,0.0,False,0.0,0,1,1965.327199,0.010526,0,0.000561,0.0,0.0,,1,0,0,0,False,0.4386,0.0,0.2487,0.4315,0.0
100000007330432100,terminal,0.506,3,0.2962,"4-е колено, исходящие не выгружены; модель: P(сток)=0.64; получил 585 тыс ₸ от 1 плательщика",654,,обрыв_4_колена,4,False,1,0,584900.0,0.0,1,0,0.0,True,0.358468,0,1,632.151732,0.001081,0,0.000538,0.0,0.0,,1,0,0,0,False,0.3036,0.0,0.4642,0.4133,0.0
100000000646541100,terminal,0.792,1,0.2955,"Получил 25 тыс ₸ от 3 плательщиков, исходящих нет (исходящие наблюдаемы); к узлу ведут цепочки переводов от 3 seed",655,,,2,False,3,0,25300.0,0.0,4,0,0.0,False,0.0,0,3,1270.356353,0.050212,0,0.000506,0.0,0.0,,1,0,0,0,False,0.4752,0.2211,0.0,0.3899,0.0
100000003968044100,peripheral,0.601,1,0.2954,"Получил 40 тыс ₸ от 1 плательщика, отдал 311 тыс ₸ 3 получ., пропуск 778%; пороги ролей не достигнуты",656,,возвратные_циклы,3,False,1,3,40000.0,311000.0,1,4,7.775,False,1.0,0,2,485.216729,0.00156,3,0.000296,6.6e-05,0.0,4.0,1,5,0,0,False,0.0601,0.1395,0.345,0.6185,0.25
100000001285440100,terminal,0.802,2,0.295,"Получил 243 тыс ₸ от 2 плательщиков, исходящих нет (исходящие наблюдаемы)",657,,,3,False,2,0,243000.0,0.0,2,0,0.0,False,0.0,0,1,1048.780829,0.004316,1,0.00032,0.0,0.0,,2,0,0,0,False,0.4812,0.0,0.2984,0.2722,0.0
100000005079754100,peripheral,0.683,5,0.2943,"Получил 70 тыс ₸ от 1 плательщика, отдал 122 тыс ₸ 2 получ., пропуск 174%; пороги ролей не достигнуты",658,,,1,False,1,2,70000.0,122000.0,1,2,1.742857,False,1.0,1,4,70000.0,0.57377,1,0.0003,9.5e-05,0.285714,1.0,1,0,0,0,False,0.0683,0.4626,0.1684,0.6508,0.0
100000003616818100,peripheral,0.583,24,0.2938,"Получил 78 тыс ₸ от 3 плательщиков, отдал 240 тыс ₸ 3 получ., пропуск 308%; пороги ролей не достигнуты",659,,возвратные_циклы,1,False,3,3,78000.0,240100.0,4,8,3.078205,False,1.0,1,1,19864.567308,0.082735,1,0.000513,2e-06,0.0,6.0,1,10,0,1,False,0.0583,0.0648,0.2961,0.778,0.25
100000001052945100,peripheral,0.5,16,0.2937,"Получил 57 тыс ₸ от 1 плательщика, отдал 1.6 млн ₸ 3 получ., пропуск 2823%; пороги ролей не достигнуты",660,,,3,False,1,3,56520.0,1595700.0,1,6,28.232484,False,1.0,0,1,62.492626,3.9e-05,1,0.000302,5.8e-05,0.0,17.0,1,0,0,0,False,0.05,0.0,0.6536,0.6537,0.0
100000008531133100,peripheral,0.66,3,0.2936,"Получил 25 тыс ₸ от 1 плательщика, отдал 158 тыс ₸ 3 получ., пропуск 633%; пороги ролей не достигнуты",661,,быстрый_транзит,2,False,1,3,25000.0,158271.68,1,3,6.330867,False,1.0,0,1,25000.0,0.157956,0,0.000533,2.3e-05,1.0,0.0,1,0,0,0,False,0.066,0.0865,0.2175,0.8374,0.25
100000002958139100,terminal,0.737,2,0.2933,"Получил 210 тыс ₸ от 1 плательщика, исходящих нет (исходящие наблюдаемы)",662,,,3,False,1,0,209500.0,0.0,2,0,0.0,False,0.0,0,2,235.532846,0.001124,1,0.0003,0.0,0.0,,1,0,0,0,False,0.4422,0.1395,0.2704,0.1922,0.0
100000003089018100,terminal,0.742,6,0.2931,"Получил 230 тыс ₸ от 1 плательщика, исходящих нет (исходящие наблюдаемы)",663,,,2,False,1,0,230000.0,0.0,1,0,0.0,False,0.0,0,1,26235.729401,0.114068,1,0.000307,0.0,0.0,,1,0,0,0,False,0.4452,0.091,0.288,0.2262,0.0
100000005124479100,peripheral,0.672,10,0.2931,"Получил 138 тыс ₸ от 2 плательщиков, отдал 22 тыс ₸ 2 получ., пропуск 16%; пороги ролей не достигнуты",664,,,1,False,2,2,137753.0,22000.0,2,2,0.159706,False,1.0,1,4,49237.389446,0.357432,2,0.000303,4.8e-05,0.0,4.0,1,0,0,0,False,0.0672,0.4294,0.1913,0.6601,0.0
100000008740295100,terminal,0.587,2,0.2931,"4-е колено, исходящие не выгружены; модель: P(сток)=0.78; получил 300 тыс ₸ от 1 плательщика",665,,обрыв_4_колена,4,False,1,0,300000.0,0.0,1,0,0.0,True,0.22317,0,2,198.710841,0.000662,1,0.000325,0.0,0.0,,1,0,0,0,False,0.3522,0.1395,0.3382,0.2809,0.0
100000004569484100,peripheral,0.659,15,0.293,"Получил 98 тыс ₸ от 2 плательщиков, отдал 156 тыс ₸ 4 получ., пропуск 159%; пороги ролей не достигнуты",666,,возвратные_циклы,3,False,2,4,98312.0,156000.0,3,4,1.586785,False,1.0,0,2,191.154207,0.001225,4,0.000319,0.002793,0.0,3.0,1,3,0,0,False,0.0659,0.1395,0.2148,0.7671,0.25
100000008238112100,terminal,0.732,4,0.293,"Получил 190 тыс ₸ от 1 плательщика, исходящих нет (исходящие наблюдаемы); к узлу ведут цепочки переводов от 3 seed",667,,,3,False,1,0,190000.0,0.0,1,0,0.0,False,0.0,0,3,227.118788,0.001195,1,0.000292,0.0,0.0,,1,0,0,0,False,0.4392,0.2211,0.252,0.1123,0.0
100000004732589100,terminal,0.741,15,0.2926,"Получил 228 тыс ₸ от 1 плательщика, исходящих нет (исходящие наблюдаемы)",668,,,2,False,1,0,227520.0,0.0,1,0,0.0,False,0.0,0,1,5304.519414,0.023315,1,0.000394,0.0,0.0,,1,0,0,0,False,0.4446,0.0,0.286,0.3485,0.0
100000002257794100,terminal,0.722,24,0.2924,"Получил 154 тыс ₸ от 1 плательщика, исходящих нет (исходящие наблюдаемы)",669,,,3,False,1,0,154000.0,0.0,1,0,0.0,False,0.0,0,1,744.068569,0.004832,0,0.000861,0.0,0.0,,1,0,0,0,False,0.4332,0.0,0.2123,0.4684,0.0
100000003199390100,terminal,0.474,4,0.2919,"4-е колено, исходящие не выгружены; модель: P(сток)=0.63; получил 260 тыс ₸ от 1 плательщика; к узлу ведут цепочки переводов от 3 seed",670,,обрыв_4_колена,4,False,1,0,260000.0,0.0,1,0,0.0,True,0.365609,0,3,143.267461,0.000551,0,0.000377,0.0,0.0,,1,0,0,0,False,0.2844,0.2211,0.3112,0.337,0.0
100000002529880100,terminal,0.777,2,0.2912,"Получил 147 тыс ₸ от 2 плательщиков, исходящих нет (исходящие наблюдаемы)",671,,,3,False,2,0,147000.0,0.0,2,0,0.0,False,0.0,0,2,406.779196,0.002767,2,0.000306,0.0,0.0,,2,0,0,0,False,0.4662,0.1395,0.2035,0.222,0.0
100000001669260100,terminal,0.5,9,0.291,"4-е колено, исходящие не выгружены; модель: P(сток)=0.64; получил 500 тыс ₸ от 1 плательщика",672,,обрыв_4_колена,4,False,1,0,500000.0,0.0,1,0,0.0,True,0.359048,0,1,1078.349541,0.002157,0,0.00056,0.0,0.0,,1,0,0,0,False,0.3,0.0,0.4346,0.431,0.0
100000008376089100,terminal,0.715,11,0.2906,"Получил 135 тыс ₸ от 1 плательщика, исходящих нет (исходящие наблюдаемы); к узлу ведут цепочки переводов от 3 seed",673,,,2,False,1,0,135000.0,0.0,1,0,0.0,False,0.0,0,3,222.75251,0.00165,0,0.000302,0.0,0.0,,1,0,0,0,False,0.429,0.2211,0.1875,0.2055,0.0
100000003917461100,peripheral,0.671,17,0.29,"Получил 10 тыс ₸ от 1 плательщика, отдал 140 тыс ₸ 2 получ., пропуск 1400%; пороги ролей не достигнуты",674,,возвратные_циклы,3,False,1,2,10000.0,140000.0,1,5,14.0,False,1.0,0,2,5554.395798,0.039674,0,0.000399,2e-05,1.0,0.0,1,1,0,0,False,0.0671,0.1395,0.1943,0.7758,0.25
100000005264990100,transit,0.626,7,0.29,"Признаки передачи средств seed: вход неполон; переправил 122 тыс ₸ 2 получ., 57% — одному",675,,seed,0,True,1,2,17070.0,122000.0,1,2,7.147042,False,1.0,0,2,2736.909847,1.0,1,0.000364,7.8e-05,0.0,4.0,1,0,0,0,False,0.3443,0.1395,0.1684,0.7887,0.0
100000004715209100,peripheral,0.591,13,0.2896,"Получил 5 тыс ₸ от 1 плательщика, отдал 350 тыс ₸ 5 получ., пропуск 7009%; пороги ролей не достигнуты",676,,возвратные_циклы;дробление,3,False,1,5,5000.0,350450.0,1,17,70.09,False,1.0,0,1,17.06138,4.9e-05,0,0.000288,7.8e-05,1.0,0.0,1,1,0,3,False,0.0591,0.0,0.3675,0.4944,0.5
100000001131403100,peripheral,0.36,16,0.2895,4-е колено (обход оборван): 3 поступл. на 1.6 млн ₸ от 1 плательщика; P(передаёт дальше)=0.56 — порогов ролей не достигает,677,,аномалия_колена;обрыв_4_колена,4,False,1,0,1570000.0,0.0,3,0,0.0,True,0.560059,0,1,61.486133,3.9e-05,0,0.000538,0.0,0.0,,1,0,0,0,True,0.036,0.0,0.6505,0.4126,0.25
100000003031890100,terminal,0.738,24,0.2891,"Получил 215 тыс ₸ от 1 плательщика, исходящих нет (исходящие наблюдаемы)",678,,,2,False,1,0,215000.0,0.0,10,0,0.0,False,0.0,0,1,3265.95815,0.015191,0,0.000392,0.0,0.0,,1,0,0,0,False,0.4428,0.0,0.2753,0.3472,0.0
100000005031696100,peripheral,0.688,44,0.2891,"Получил 5 тыс ₸ от 1 плательщика, отдал 115 тыс ₸ 2 получ., пропуск 2300%; пороги ролей не достигнуты",679,,,2,False,1,2,5000.0,115000.0,1,3,23.0,False,1.0,0,4,5000.0,0.043478,0,0.00054,9.6e-05,1.0,2.0,1,0,0,0,False,0.0688,0.2789,0.1572,0.8806,0.0
100000006209210100,terminal,0.742,18,0.2887,"Получил 229 тыс ₸ от 1 плательщика, исходящих нет (исходящие наблюдаемы)",680,,,3,False,1,0,229111.0,0.0,1,0,0.0,False,0.0,0,1,597.228386,0.002607,1,0.000361,0.0,0.0,,1,0,0,0,False,0.4452,0.0,0.2873,0.3241,0.0
100000002459093100,peripheral,0.56,8,0.2886,"Получил 500 тыс ₸ от 1 плательщика, отдал 55 тыс ₸ 1 получ., пропуск 11%; пороги ролей не достигнуты",681,,,2,False,1,1,500000.0,55000.0,2,3,0.11,False,1.0,0,1,42682.926829,0.085366,0,0.000389,1e-06,0.0,,1,0,0,1,False,0.056,0.137,0.4346,0.7229,0.0
100000005547096100,peripheral,0.629,37,0.2885,"Получил 8 тыс ₸ от 1 плательщика, отдал 226 тыс ₸ 2 получ., пропуск 2829%; пороги ролей не достигнуты",682,,возвратные_циклы,2,False,1,2,8000.0,226300.0,1,3,28.2875,False,1.0,0,1,6100.528211,0.026958,0,0.000892,0.0,0.0,,1,1,0,1,False,0.0629,0.0,0.285,0.8407,0.25
100000000656682100,transit,0.707,1,0.2884,"Пропуск 113%: получил 71 тыс ₸ от 1 плательщика, отдал 80 тыс ₸ 2 получ.",683,,,3,False,1,2,71000.0,80000.0,1,3,1.126761,False,1.0,0,2,60.097423,0.000751,1,0.00029,3.8e-05,0.0,5.0,1,0,0,0,False,0.3889,0.1395,0.0887,0.5138,0.0
100000005314565100,terminal,0.739,1,0.288,"Получил 218 тыс ₸ от 1 плательщика, исходящих нет (исходящие наблюдаемы)",684,,,3,False,1,0,218500.0,0.0,3,0,0.0,False,0.0,0,1,171.051184,0.000783,1,0.000375,0.0,0.0,,1,0,0,0,False,0.4434,0.0,0.2783,0.3356,0.0
100000007793871100,terminal,0.7,15,0.2872,"Получил 26 тыс ₸ от 1 плательщика, исходящих нет (исходящие наблюдаемы); к узлу ведут цепочки переводов от 3 seed",685,,,3,False,1,0,26000.0,0.0,3,0,0.0,False,0.0,0,3,323.723457,0.012451,1,0.000687,0.0,0.0,,1,0,0,0,False,0.42,0.2211,0.0,0.4544,0.0
100000002605184100,terminal,0.717,3,0.2868,"Получил 140 тыс ₸ от 1 плательщика, исходящих нет (исходящие наблюдаемы)",686,,,2,False,1,0,140000.0,0.0,1,0,0.0,False,0.0,0,1,26344.129698,0.188172,0,0.000391,0.0,0.0,,1,0,0,0,False,0.4302,0.0914,0.1943,0.3456,0.0
100000004737477100,transit,0.677,1,0.2867,"Пропуск 82%: получил 50 тыс ₸ от 2 плательщиков, отдал 40 тыс ₸ 1 получ.",687,,,1,False,2,1,49598.0,40500.0,3,3,0.816565,False,1.0,1,2,30143.481083,0.607756,2,0.000292,1.9e-05,0.0,3.0,1,0,0,0,False,0.3724,0.2436,0.0,0.5169,0.0
100000000993112100,terminal,0.717,8,0.2865,"Получил 141 тыс ₸ от 1 плательщика, исходящих нет (исходящие наблюдаемы)",688,,,2,False,1,0,141000.0,0.0,1,0,0.0,False,0.0,0,1,20995.407032,0.148904,0,0.000441,0.0,0.0,,1,0,0,0,False,0.4302,0.07,0.1957,0.3706,0.0
100000007864477100,peripheral,0.589,1,0.286,"Получил 76 тыс ₸ от 2 плательщиков, отдал 204 тыс ₸ 6 получ., пропуск 268%; пороги ролей не достигнуты",689,,быстрый_транзит,3,False,2,6,76000.0,203500.0,2,10,2.677632,False,1.0,0,2,863.882237,0.004245,6,0.000305,7.5e-05,0.921053,0.0,1,0,0,0,False,0.0589,0.1395,0.2649,0.6759,0.25
100000002901457100,peripheral,0.594,1,0.2859,"Получил 340 тыс ₸ от 1 плательщика, отдал 119 тыс ₸ 3 получ., пропуск 35%; пороги ролей не достигнуты",690,,,3,False,1,3,340000.0,119000.0,1,3,0.35,False,1.0,0,2,4124.342196,0.01213,1,0.000374,7.6e-05,0.0,16.0,1,0,0,0,False,0.0594,0.1395,0.3618,0.7949,0.0
100000006443391100,peripheral,0.583,6,0.2855,"Получил 87 тыс ₸ от 3 плательщиков, отдал 60 тыс ₸ 2 получ., пропуск 69%; пороги ролей не достигнуты",691,,возвратные_циклы,1,False,3,2,86775.93,60041.71,7,6,0.691917,False,1.0,1,1,48657.331598,0.560724,1,0.00242,1e-06,0.0,15.0,1,2,0,2,False,0.0583,0.1493,0.1041,0.8754,0.25
100000002796853100,peripheral,0.64,2,0.2854,"Получил 199 тыс ₸ от 1 плательщика, отдал 46 тыс ₸ 1 получ., пропуск 23%; пороги ролей не достигнуты",692,,возвратные_циклы,2,False,1,1,199000.0,46167.62,8,5,0.231998,False,1.0,0,1,173561.425106,0.872168,0,0.002114,0.0,0.165829,2.0,1,1,0,1,False,0.064,0.2693,0.2607,0.4949,0.25
100000002454724100,terminal,0.711,11,0.2851,"Получил 125 тыс ₸ от 1 плательщика, исходящих нет (исходящие наблюдаемы); к узлу ведут цепочки переводов от 3 seed",693,,,2,False,1,0,125000.0,0.0,3,0,0.0,False,0.0,0,3,206.252324,0.00165,0,0.000301,0.0,0.0,,1,0,0,0,False,0.4266,0.2211,0.1729,0.1991,0.0
100000008647905100,peripheral,0.593,18,0.285,"Получил 50 тыс ₸ от 1 плательщика, отдал 344 тыс ₸ 2 получ., пропуск 688%; пороги ролей не достигнуты",694,,быстрый_транзит,2,False,1,2,50000.0,344222.0,1,2,6.88444,False,1.0,0,1,4102.797203,0.011919,0,0.000329,3.8e-05,1.0,1.0,1,0,0,0,False,0.0593,0.0,0.3641,0.7233,0.25
100000000375150100,terminal,0.479,13,0.2849,"4-е колено, исходящие не выгружены; модель: P(сток)=0.63; получил 300 тыс ₸ от 1 плательщика",695,,обрыв_4_колена,4,False,1,0,300000.0,0.0,1,0,0.0,True,0.365587,0,1,20532.394048,0.068441,0,0.000746,0.0,0.0,,1,0,0,0,False,0.2874,0.0679,0.3382,0.4606,0.0
100000004917367100,terminal,0.767,4,0.2848,"Получил 120 тыс ₸ от 2 плательщиков, исходящих нет (исходящие наблюдаемы); к узлу ведут цепочки переводов от 3 seed",696,,,3,False,2,0,120000.0,0.0,2,0,0.0,False,0.0,0,3,362.144569,0.003018,2,0.000294,0.0,0.0,,1,0,0,0,False,0.4602,0.2211,0.1652,0.1408,0.0
100000006534886100,peripheral,0.655,3,0.2848,"Получил 72 тыс ₸ от 1 плательщика, отдал 168 тыс ₸ 1 получ., пропуск 234%; пороги ролей не достигнуты",697,,быстрый_транзит;возвратные_циклы,2,False,1,1,71700.0,167500.0,5,8,2.336123,False,1.0,0,1,36012.234051,0.214998,0,0.001128,0.0,0.810321,0.0,1,1,0,2,False,0.0655,0.1209,0.2282,0.4793,0.5
100000008279405100,terminal,0.743,1,0.2844,"Получил 235 тыс ₸ от 1 плательщика, исходящих нет (исходящие наблюдаемы)",698,,,3,False,1,0,234738.0,0.0,2,0,0.0,False,0.0,0,1,1561.360678,0.006652,1,0.000333,0.0,0.0,,1,0,0,0,False,0.4458,0.0,0.2919,0.2931,0.0
100000002696152100,peripheral,0.732,7,0.2841,"Получил 22 тыс ₸ от 1 плательщика, отдал 69 тыс ₸ 2 получ., пропуск 317%; пороги ролей не достигнуты",699,,возвратные_циклы,3,False,1,2,21800.0,69000.0,3,8,3.165138,False,1.0,0,2,933.634196,0.013531,0,0.001205,2.1e-05,0.587156,2.0,1,1,0,1,False,0.0732,0.1395,0.0608,0.9088,0.25
100000001346560100,peripheral,0.7,9,0.2839,"Получил 10 тыс ₸ от 2 плательщиков, отдал 22 тыс ₸ 1 получ., пропуск 222%; пороги ролей не достигнуты",700,,,2,False,2,1,10000.0,22200.0,2,1,2.22,False,1.0,0,8,5755.274463,0.259247,0,0.000587,2.6e-05,0.5,2.0,1,0,0,0,False,0.07,0.4184,0.0,0.873,0.0
100000005974542100,terminal,0.7,23,0.2834,"Получил 94 тыс ₸ от 1 плательщика, исходящих нет (исходящие наблюдаемы)",701,,,3,False,1,0,94500.0,0.0,3,0,0.0,False,0.0,0,2,7209.175995,0.076288,0,0.000483,0.0,0.0,,1,0,0,0,False,0.42,0.1395,0.1201,0.3821,0.0
100000002581346100,terminal,0.725,4,0.2833,"Получил 166 тыс ₸ от 1 плательщика, исходящих нет (исходящие наблюдаемы); к узлу ведут цепочки переводов от 3 seed",702,,,3,False,1,0,166400.0,0.0,1,0,0.0,False,0.0,0,3,198.908244,0.001195,1,0.000291,0.0,0.0,,1,0,0,0,False,0.435,0.2211,0.2269,0.1003,0.0
100000000583220100,peripheral,0.524,13,0.2832,"Получил 5 тыс ₸ от 1 плательщика, отдал 761 тыс ₸ 1 получ., пропуск 15225%; пороги ролей не достигнуты",703,,,3,False,1,1,5000.0,761255.0,1,4,152.251,False,1.0,0,2,39.956413,5.2e-05,0,0.000298,2e-05,1.0,2.0,1,0,0,0,False,0.0524,0.1395,0.5139,0.5914,0.0
100000006994985100,peripheral,0.763,8,0.2832,"Получил 48 тыс ₸ от 1 плательщика, отдал 10 тыс ₸ 1 получ., пропуск 21%; пороги ролей не достигнуты",704,,повторяющиеся_маршруты,2,False,1,1,48500.0,10200.0,2,2,0.210309,False,1.0,0,3,16871.359897,0.347863,1,0.000501,2e-05,0.107216,1.0,1,0,1,0,False,0.0763,0.2704,0.0,0.804,0.25
100000003406094100,peripheral,0.709,3,0.283,"Получил 70 тыс ₸ от 1 плательщика, отдал 47 тыс ₸ 3 получ., пропуск 67%; пороги ролей не достигнуты",705,,возвратные_циклы,3,False,1,3,70000.0,47000.0,4,3,0.671429,False,1.0,0,2,6696.569574,0.095665,0,0.000778,3.9e-05,0.0,8.0,1,1,0,0,False,0.0709,0.1395,0.0635,0.9039,0.25
100000008205937100,terminal,0.7,13,0.2829,"Получил 35 тыс ₸ от 1 плательщика, исходящих нет (исходящие наблюдаемы); к узлу ведут цепочки переводов от 5 seed",706,,,2,False,1,0,35000.0,0.0,3,0,0.0,False,0.0,0,5,10266.197024,0.29332,0,0.000332,0.0,0.0,,1,0,0,0,False,0.42,0.3263,0.0,0.2903,0.0
100000000629812100,terminal,0.758,5,0.2828,"Получил 22 тыс ₸ от 2 плательщиков, исходящих нет (исходящие наблюдаемы); к узлу ведут цепочки переводов от 6 seed",707,,,2,False,2,0,22000.0,0.0,2,0,0.0,False,0.0,0,6,2314.983169,0.105227,0,0.000298,0.0,0.0,,1,0,0,0,False,0.4548,0.3605,0.0,0.1746,0.0
100000001227106100,terminal,0.725,4,0.2827,"Получил 165 тыс ₸ от 1 плательщика, исходящих нет (исходящие наблюдаемы); к узлу ведут цепочки переводов от 3 seed",708,,,3,False,1,0,164765.0,0.0,1,0,0.0,False,0.0,0,3,196.953827,0.001195,1,0.000291,0.0,0.0,,1,0,0,0,False,0.435,0.2211,0.2251,0.0994,0.0
100000001686328100,terminal,0.717,2,0.2824,"Получил 140 тыс ₸ от 1 плательщика, исходящих нет (исходящие наблюдаемы)",709,,,3,False,1,0,140000.0,0.0,1,0,0.0,False,0.0,0,2,767.915064,0.005485,0,0.000315,0.0,0.0,,1,0,0,0,False,0.4302,0.1395,0.1943,0.2571,0.0
100000005048668100,peripheral,0.539,1,0.2824,"Получил 17 тыс ₸ от 2 плательщиков, отдал 159 тыс ₸ 8 получ., пропуск 956%; пороги ролей не достигнуты",710,,возвратные_циклы,3,False,2,8,16668.0,159400.0,2,11,9.563235,False,1.0,0,4,78.844779,0.000495,6,0.000289,0.000654,0.610031,1.0,1,10,0,0,False,0.0539,0.2789,0.2188,0.5414,0.25
100000002663511100,terminal,0.75,10,0.2816,"Получил 269 тыс ₸ от 1 плательщика, исходящих нет (исходящие наблюдаемы)",711,,,3,False,1,0,268940.0,0.0,1,0,0.0,False,0.0,0,1,1304.348404,0.00485,1,0.000309,0.0,0.0,,1,0,0,0,False,0.45,0.0,0.3175,0.2349,0.0
100000008759857100,peripheral,0.501,2,0.281,"Получил 5 тыс ₸ от 1 плательщика, отдал 994 тыс ₸ 2 получ., пропуск 19880%; пороги ролей не достигнуты",712,,,3,False,1,2,5000.0,994000.0,1,3,198.8,False,1.0,0,3,26.349846,2.7e-05,2,0.000286,7e-06,0.0,3.0,1,0,0,1,False,0.0501,0.2211,0.5643,0.4077,0.0
100000000861294100,terminal,0.72,8,0.2808,"Получил 150 тыс ₸ от 1 плательщика, исходящих нет (исходящие наблюдаемы)",713,,,2,False,1,0,150000.0,0.0,1,0,0.0,False,0.0,0,1,36000.960026,0.240006,1,0.000314,0.0,0.0,,1,0,0,0,False,0.432,0.1209,0.2074,0.2522,0.0
100000000926078100,terminal,0.475,1,0.2808,"4-е колено, исходящие не выгружены; модель: P(сток)=0.64; получил 250 тыс ₸ от 1 плательщика",714,,обрыв_4_колена,4,False,1,0,250000.0,0.0,1,0,0.0,True,0.36375,0,2,1484.839213,0.005939,0,0.000517,0.0,0.0,,1,0,0,0,False,0.285,0.1395,0.3038,0.393,0.0
100000002842321100,terminal,0.724,4,0.2807,"Получил 160 тыс ₸ от 1 плательщика, исходящих нет (исходящие наблюдаемы); к узлу ведут цепочки переводов от 3 seed",715,,,3,False,1,0,160000.0,0.0,1,0,0.0,False,0.0,0,3,191.257927,0.001195,1,0.000291,0.0,0.0,,1,0,0,0,False,0.4344,0.2211,0.2195,0.0972,0.0
100000001073568100,peripheral,0.53,16,0.2804,"Получил 707 тыс ₸ от 1 плательщика, отдал 220 тыс ₸ 2 получ., пропуск 31%; пороги ролей не достигнуты",716,,,3,False,1,2,707465.0,219503.0,4,3,0.310267,False,1.0,0,1,782.224794,0.001106,1,0.000486,1.9e-05,0.264296,0.0,1,0,0,1,False,0.053,0.0,0.5001,0.7791,0.0
100000005711521100,terminal,0.47,13,0.2803,"4-е колено, исходящие не выгружены; модель: P(сток)=0.63; получил 238 тыс ₸ от 1 плательщика",717,,обрыв_4_колена,4,False,1,0,238000.0,0.0,1,0,0.0,True,0.367693,0,2,180.241901,0.000757,0,0.000534,0.0,0.0,,1,0,0,0,False,0.282,0.1395,0.2945,0.4084,0.0
100000001270349100,terminal,0.735,2,0.2798,"Получил 200 тыс ₸ от 1 плательщика, исходящих нет (исходящие наблюдаемы)",718,,,3,False,1,0,200000.0,0.0,1,0,0.0,False,0.0,0,1,3511.124229,0.017556,0,0.000355,0.0,0.0,,1,0,0,0,False,0.441,0.0,0.2616,0.3176,0.0
100000003831201100,terminal,0.7,1,0.2798,"Получил 40 тыс ₸ от 1 плательщика, исходящих нет (исходящие наблюдаемы)",719,,,2,False,1,0,40500.0,0.0,3,0,0.0,False,0.0,0,2,24614.11718,0.607756,0,0.000534,0.0,0.0,,1,0,0,0,False,0.42,0.2245,0.0,0.4093,0.0
100000005873152100,peripheral,0.9,1,0.2796,"Получил 10 тыс ₸ от 1 плательщика, отдал 10 тыс ₸ 1 получ., пропуск 100%; пороги ролей не достигнуты",720,,возвратные_циклы,3,False,1,1,10000.0,10000.0,1,1,1.0,False,1.0,0,4,3932.578348,0.393258,0,0.000467,0.0,0.0,,1,1,0,0,False,0.09,0.2789,0.0,0.7453,0.25
100000005783452100,terminal,0.556,2,0.2795,"4-е колено, исходящие не выгружены; модель: P(сток)=0.69; получил 286 тыс ₸ от 2 плательщиков",721,,обрыв_4_колена,4,False,2,0,286500.0,0.0,2,0,0.0,True,0.314709,0,2,58.10117,0.000203,2,0.000314,0.0,0.0,,2,0,0,0,False,0.3336,0.1395,0.3295,0.2544,0.0
100000005182219100,terminal,0.758,20,0.2792,"Получил 55 тыс ₸ от 2 плательщиков, исходящих нет (исходящие наблюдаемы); к узлу ведут цепочки переводов от 3 seed",722,,,3,False,2,0,55000.0,0.0,2,0,0.0,False,0.0,0,3,548.6965,0.009976,1,0.000354,0.0,0.0,,1,0,0,0,False,0.4548,0.2211,0.018,0.3165,0.0
100000004358004100,distributor,0.712,5,0.2791,"Веер: 11 получателей при 0 плательщиках; разослал 981 тыс ₸, в среднем 58 тыс ₸ за перевод; вход занижен (seed)",723,,seed,0,True,0,11,0.0,980850.0,0,17,,False,1.0,0,0,0.0,1.0,4,0.000286,0.0,0.0,,0,0,0,1,False,0.534,0.0,0.5618,0.0002,0.0
100000002537811100,peripheral,0.757,1,0.2784,"Получил 52 тыс ₸ от 1 плательщика, отдал 15 тыс ₸ 1 получ., пропуск 29%; пороги ролей не достигнуты",724,,,3,False,1,1,52000.0,15000.0,1,1,0.288462,False,1.0,0,4,20449.407411,0.393258,0,0.001231,2.6e-05,0.0,,1,0,0,0,False,0.0757,0.3465,0.0074,0.9175,0.0
100000005474472100,terminal,0.7,21,0.2784,"Получил 100 тыс ₸ от 1 плательщика, исходящих нет (исходящие наблюдаемы)",725,,,2,False,1,0,100000.0,0.0,1,0,0.0,False,0.0,0,1,23500.0,0.235,0,0.000545,0.0,0.0,,1,0,0,0,False,0.42,0.0806,0.1308,0.4188,0.0
100000008221765100,terminal,0.452,4,0.2784,"4-е колено, исходящие не выгружены; модель: P(сток)=0.63; получил 156 тыс ₸ от 1 плательщика; к узлу ведут цепочки переводов от 3 seed",726,,обрыв_4_колена,4,False,1,0,156354.0,0.0,1,0,0.0,True,0.374937,0,3,186.899637,0.001195,0,0.00054,0.0,0.0,,1,0,0,0,False,0.2712,0.2211,0.2152,0.4168,0.0
100000002121357100,peripheral,0.619,2,0.2781,"Получил 255 тыс ₸ от 2 плательщиков, отдал 113 тыс ₸ 1 получ., пропуск 44%; пороги ролей не достигнуты",727,,,3,False,2,1,255300.0,113000.0,2,1,0.442617,False,1.0,0,3,93.137832,0.000365,2,0.000326,2.2e-05,0.0,,1,0,0,0,False,0.0619,0.2211,0.3077,0.7102,0.0
100000001524952100,terminal,0.702,1,0.278,"Получил 104 тыс ₸ от 1 плательщика (seed: 1), исходящих нет (исходящие наблюдаемы)",728,,,1,False,1,0,103807.0,0.0,1,0,0.0,False,0.0,1,1,103807.0,1.0,1,0.000305,0.0,0.0,,1,0,0,0,False,0.4212,0.2208,0.1379,0.2175,0.0
100000002681544100,terminal,0.783,18,0.2779,"Получил 166 тыс ₸ от 2 плательщиков, исходящих нет (исходящие наблюдаемы)",729,,,3,False,2,0,166072.0,0.0,2,0,0.0,False,0.0,0,1,574.903517,0.003462,2,0.000336,0.0,0.0,,2,0,0,0,False,0.4698,0.0,0.2266,0.296,0.0
100000008077552100,terminal,0.738,1,0.2779,"Получил 214 тыс ₸ от 1 плательщика, исходящих нет (исходящие наблюдаемы)",730,,,3,False,1,0,214000.0,0.0,1,0,0.0,False,0.0,0,1,1423.421794,0.006652,1,0.000329,0.0,0.0,,1,0,0,0,False,0.4428,0.0,0.2744,0.2865,0.0
100000001534244100,peripheral,0.587,2,0.2777,"Получил 366 тыс ₸ от 2 плательщиков, отдал 45 тыс ₸ 1 получ., пропуск 12%; пороги ролей не достигнуты",731,,,3,False,2,1,366000.0,45000.0,2,1,0.122951,False,1.0,0,2,214.520087,0.000586,2,0.000342,2.2e-05,0.0,,2,0,0,0,False,0.0587,0.1395,0.3757,0.7324,0.0
100000001484381100,terminal,0.758,15,0.2772,"Получил 96 тыс ₸ от 2 плательщиков, исходящих нет (исходящие наблюдаемы)",732,,,3,False,2,0,95585.0,0.0,4,0,0.0,False,0.0,0,2,353.017228,0.003693,2,0.000321,0.0,0.0,,1,0,0,0,False,0.4548,0.1395,0.1223,0.2754,0.0
100000002713074100,peripheral,0.531,4,0.2771,"Получил 700 тыс ₸ от 2 плательщиков, отдал 430 тыс ₸ 1 получ., пропуск 61%; пороги ролей не достигнуты",733,,,3,False,2,1,700000.0,430000.0,2,2,0.614286,False,1.0,0,1,2306.629788,0.003295,2,0.000434,1.9e-05,0.0,12.0,2,0,0,0,False,0.0531,0.0,0.4981,0.7631,0.0
100000003105929100,peripheral,0.573,4,0.277,"Получил 430 тыс ₸ от 1 плательщика, отдал 156 тыс ₸ 1 получ., пропуск 36%; пороги ролей не достигнуты",734,,,3,False,1,1,429567.0,156354.0,2,1,0.36398,False,1.0,0,3,513.488086,0.001195,1,0.000299,1.9e-05,0.0,,1,0,0,0,False,0.0573,0.2211,0.4059,0.5821,0.0
100000002394199100,peripheral,0.611,6,0.2764,"Получил 277 тыс ₸ от 1 плательщика, отдал 77 тыс ₸ 1 получ., пропуск 28%; пороги ролей не достигнуты",735,,возвратные_циклы,3,False,1,1,277398.0,76777.0,3,1,0.276776,False,1.0,0,1,61094.601142,0.220242,0,0.002968,0.0,0.0,11.0,1,1,0,0,False,0.0611,0.1708,0.3234,0.4987,0.25
100000002492277100,terminal,0.716,20,0.2762,"Получил 138 тыс ₸ от 1 плательщика, исходящих нет (исходящие наблюдаемы)",736,,,2,False,1,0,138500.0,0.0,1,0,0.0,False,0.0,0,2,1957.998733,0.014137,1,0.000307,0.0,0.0,,1,0,0,0,False,0.4296,0.1395,0.1923,0.2271,0.0
100000001637376100,peripheral,0.626,4,0.2761,"Получил 117 тыс ₸ от 1 плательщика, отдал 234 тыс ₸ 1 получ., пропуск 201%; пороги ролей не достигнуты",737,,быстрый_транзит,3,False,1,1,116700.0,234250.0,1,2,2.007284,False,1.0,0,3,139.49875,0.000596,1,0.000289,1.9e-05,0.994002,0.0,1,0,0,0,False,0.0626,0.2211,0.2915,0.4695,0.25
100000001046626100,terminal,0.72,4,0.276,"Получил 150 тыс ₸ от 1 плательщика, исходящих нет (исходящие наблюдаемы); к узлу ведут цепочки переводов от 3 seed",738,,,3,False,1,0,150000.0,0.0,1,0,0.0,False,0.0,0,3,179.304306,0.001195,1,0.00029,0.0,0.0,,1,0,0,0,False,0.432,0.2211,0.2074,0.0919,0.0
100000002459240100,terminal,0.72,4,0.276,"Получил 150 тыс ₸ от 1 плательщика, исходящих нет (исходящие наблюдаемы); к узлу ведут цепочки переводов от 3 seed",739,,,3,False,1,0,150000.0,0.0,1,0,0.0,False,0.0,0,3,179.304306,0.001195,1,0.00029,0.0,0.0,,1,0,0,0,False,0.432,0.2211,0.2074,0.0919,0.0
100000003486970100,terminal,0.72,4,0.276,"Получил 150 тыс ₸ от 1 плательщика, исходящих нет (исходящие наблюдаемы); к узлу ведут цепочки переводов от 3 seed",740,,,3,False,1,0,150000.0,0.0,1,0,0.0,False,0.0,0,3,179.304306,0.001195,1,0.00029,0.0,0.0,,1,0,0,0,False,0.432,0.2211,0.2074,0.0919,0.0
100000008571443100,terminal,0.758,13,0.2757,"Получил 65 тыс ₸ от 2 плательщиков, исходящих нет (исходящие наблюдаемы); к узлу ведут цепочки переводов от 3 seed",741,,,2,False,2,0,65000.0,0.0,2,0,0.0,False,0.0,0,3,1019.77884,0.015689,2,0.000315,0.0,0.0,,1,0,0,0,False,0.4548,0.2211,0.0495,0.2556,0.0
100000002513028100,peripheral,0.596,47,0.2752,"Получил 10 тыс ₸ от 1 плательщика, отдал 333 тыс ₸ 3 получ., пропуск 3502%; пороги ролей не достигнуты",742,,дробление,3,False,1,3,9500.0,332709.0,1,24,35.022,False,1.0,0,1,214.571466,0.000645,1,0.000306,6.1e-05,0.0,,1,0,0,6,False,0.0596,0.0,0.3577,0.6766,0.25
100000008620570100,peripheral,0.668,1,0.275,"Получил 145 тыс ₸ от 2 плательщиков, отдал 32 тыс ₸ 2 получ., пропуск 22%; пороги ролей не достигнуты",743,,,3,False,2,2,145000.0,31800.0,2,2,0.21931,False,1.0,0,4,1571.798853,0.01084,3,0.000349,3.3e-05,0.068966,0.0,1,0,0,0,False,0.0668,0.2789,0.201,0.7484,0.0
100000002922000100,terminal,0.496,34,0.2749,"4-е колено, исходящие не выгружены; модель: P(сток)=0.64; получил 448 тыс ₸ от 1 плательщика",744,,обрыв_4_колена,4,False,1,0,448000.0,0.0,1,0,0.0,True,0.359824,0,1,65.841685,0.000147,0,0.00046,0.0,0.0,,1,0,0,0,False,0.2976,0.0,0.4139,0.3741,0.0
100000006532229100,terminal,0.702,2,0.2744,"Получил 105 тыс ₸ от 1 плательщика, исходящих нет (исходящие наблюдаемы); к узлу ведут цепочки переводов от 3 seed",745,,,3,False,1,0,105000.0,0.0,1,0,0.0,False,0.0,0,3,54.79918,0.000522,1,0.000301,0.0,0.0,,1,0,0,0,False,0.4212,0.2211,0.14,0.1948,0.0
100000000561160100,terminal,0.473,1,0.2741,"4-е колено, исходящие не выгружены; модель: P(сток)=0.64; получил 240 тыс ₸ от 1 плательщика",746,,обрыв_4_колена,4,False,1,0,240000.0,0.0,1,0,0.0,True,0.363867,0,2,474.553855,0.001977,1,0.000436,0.0,0.0,,1,0,0,0,False,0.2838,0.1395,0.2961,0.3685,0.0
100000002126791100,peripheral,0.363,2,0.2738,4-е колено (обход оборван): 3 поступл. на 1.3 млн ₸ от 1 плательщика; P(передаёт дальше)=0.55 — порогов ролей не достигает,747,,обрыв_4_колена,4,False,1,0,1313000.0,0.0,3,0,0.0,True,0.546878,0,2,1093.181569,0.000833,0,0.000572,0.0,0.0,,1,0,0,0,False,0.0363,0.1395,0.6168,0.4344,0.0
100000003724440100,terminal,0.758,1,0.2731,"Получил 50 тыс ₸ от 2 плательщиков, исходящих нет (исходящие наблюдаемы); к узлу ведут цепочки переводов от 4 seed",748,,,2,False,2,0,50000.0,0.0,2,0,0.0,False,0.0,0,4,1244.31927,0.024886,2,0.000308,0.0,0.0,,1,0,0,0,False,0.4548,0.2789,0.0,0.2298,0.0
100000001822623100,terminal,0.735,23,0.273,"Получил 201 тыс ₸ от 1 плательщика, исходящих нет (исходящие наблюдаемы)",749,,,2,False,1,0,201300.0,0.0,1,0,0.0,False,0.0,0,1,6231.004518,0.030954,0,0.000323,0.0,0.0,,1,0,0,0,False,0.441,0.0,0.2629,0.278,0.0
100000002757797100,terminal,0.7,17,0.2726,"Получил 100 тыс ₸ от 1 плательщика (seed: 1), исходящих нет (исходящие наблюдаемы)",750,,,1,False,1,0,100000.0,0.0,1,0,0.0,False,0.0,1,1,100000.0,1.0,1,0.000302,0.0,0.0,,1,0,0,0,False,0.42,0.2173,0.1308,0.2042,0.0
100000003824464100,terminal,0.735,23,0.2726,"Получил 200 тыс ₸ от 1 плательщика, исходящих нет (исходящие наблюдаемы)",751,,,2,False,1,0,200000.0,0.0,1,0,0.0,False,0.0,0,1,6190.764548,0.030954,0,0.000323,0.0,0.0,,1,0,0,0,False,0.441,0.0,0.2616,0.2776,0.0
100000008238989100,terminal,0.735,23,0.2726,"Получил 200 тыс ₸ от 1 плательщика, исходящих нет (исходящие наблюдаемы)",752,,,2,False,1,0,200000.0,0.0,2,0,0.0,False,0.0,0,1,6190.764548,0.030954,0,0.000323,0.0,0.0,,1,0,0,0,False,0.441,0.0,0.2616,0.2776,0.0
100000003072205100,terminal,0.54,2,0.2724,"4-е колено, исходящие не выгружены; модель: P(сток)=0.69; получил 163 тыс ₸ от 2 плательщиков; к узлу ведут цепочки переводов от 3 seed",753,,обрыв_4_колена,4,False,2,0,163000.0,0.0,2,0,0.0,True,0.31005,0,3,15.036623,9.2e-05,2,0.000319,0.0,0.0,,2,0,0,0,False,0.324,0.2211,0.223,0.2673,0.0
100000001782980100,peripheral,0.545,26,0.272,"Получил 50 тыс ₸ от 1 плательщика, отдал 596 тыс ₸ 1 получ., пропуск 1192%; пороги ролей не достигнуты",754,,,2,False,1,1,50000.0,596200.0,1,3,11.924,False,1.0,0,1,16999.575011,0.028513,0,0.00037,1e-06,0.0,12.0,1,0,0,0,False,0.0545,0.0501,0.4678,0.7055,0.0
100000004657034100,terminal,0.717,4,0.2718,"Получил 141 тыс ₸ от 1 плательщика, исходящих нет (исходящие наблюдаемы); к узлу ведут цепочки переводов от 3 seed",755,,,3,False,1,0,141250.0,0.0,1,0,0.0,False,0.0,0,3,168.844888,0.001195,1,0.00029,0.0,0.0,,1,0,0,0,False,0.4302,0.2211,0.196,0.0876,0.0
100000002481974100,peripheral,0.6,9,0.2717,"Получил 89 тыс ₸ от 2 плательщиков, отдал 318 тыс ₸ 2 получ., пропуск 356%; пороги ролей не достигнуты",756,,,3,False,2,2,89447.0,318000.0,2,4,3.555178,False,1.0,0,2,213.833589,0.000672,1,0.000332,3.9e-05,0.380113,7.0,1,0,0,0,False,0.06,0.1395,0.3492,0.7322,0.0
100000005357705100,peripheral,0.582,1,0.2717,"Получил 53 тыс ₸ от 1 плательщика, отдал 387 тыс ₸ 4 получ., пропуск 736%; пороги ролей не достигнуты",757,,быстрый_транзит,3,False,1,4,52595.0,387080.0,1,5,7.359635,False,1.0,0,1,349.835838,0.000904,1,0.000296,7.7e-05,1.0,0.0,1,0,0,1,False,0.0582,0.0,0.3863,0.6223,0.25
100000001065234100,terminal,0.486,14,0.2715,"4-е колено, исходящие не выгружены; модель: P(сток)=0.64; получил 360 тыс ₸ от 1 плательщика",758,,обрыв_4_колена,4,False,1,0,360000.0,0.0,1,0,0.0,True,0.363708,0,1,408.325284,0.001134,0,0.000549,0.0,0.0,,1,0,0,0,False,0.2916,0.0,0.3726,0.4226,0.0
100000002877262100,terminal,0.7,2,0.2709,"Получил 100 тыс ₸ от 1 плательщика, исходящих нет (исходящие наблюдаемы); к узлу ведут цепочки переводов от 3 seed",759,,,3,False,1,0,100000.0,0.0,1,0,0.0,False,0.0,0,3,52.189695,0.000522,1,0.0003,0.0,0.0,,1,0,0,0,False,0.42,0.2211,0.1308,0.1897,0.0
100000002989353100,peripheral,0.56,11,0.2709,"Получил 500 тыс ₸ от 1 плательщика, отдал 321 тыс ₸ 2 получ., пропуск 64%; пороги ролей не достигнуты",760,,,3,False,1,2,500000.0,321160.0,2,2,0.64232,False,1.0,0,2,160.372166,0.000321,1,0.000309,3e-06,0.24232,10.0,1,0,0,0,False,0.056,0.1395,0.4346,0.6219,0.0
100000000922570100,transit,0.728,17,0.2705,"Пропуск 106%: получил 47 тыс ₸ от 1 плательщика, отдал 50 тыс ₸ 1 получ.",761,,,1,False,1,1,47101.0,50000.0,1,1,1.061549,False,1.0,1,1,47101.0,0.94202,1,0.000293,0.0,0.0,,1,0,0,0,False,0.4004,0.1462,0.0,0.5009,0.0
100000003278020100,terminal,0.732,1,0.27,"Получил 190 тыс ₸ от 1 плательщика, исходящих нет (исходящие наблюдаемы)",762,,,2,False,1,0,190000.0,0.0,1,0,0.0,False,0.0,0,1,4106.605351,0.021614,0,0.000325,0.0,0.0,,1,0,0,0,False,0.4392,0.0,0.252,0.2798,0.0
100000003180305100,terminal,0.448,1,0.2699,"4-е колено, исходящие не выгружены; модель: P(сток)=0.62; получил 144 тыс ₸ от 1 плательщика; к узлу ведут цепочки переводов от 3 seed",763,,обрыв_4_колена,4,False,1,0,144000.0,0.0,1,0,0.0,True,0.375776,0,3,308.747504,0.002144,0,0.000528,0.0,0.0,,1,0,0,0,False,0.2688,0.2211,0.1996,0.395,0.0
100000008739887100,peripheral,0.603,1,0.2699,"Получил 214 тыс ₸ от 2 плательщиков, отдал 307 тыс ₸ 2 получ., пропуск 143%; пороги ролей не достигнуты",764,,,3,False,2,2,214000.0,307000.0,3,2,1.434579,False,1.0,0,2,1823.382554,0.005939,2,0.000333,3.8e-05,0.341121,5.0,1,0,0,0,False,0.0603,0.1395,0.3425,0.7304,0.0
100000001279272100,peripheral,0.62,10,0.2693,"Получил 250 тыс ₸ от 1 плательщика, отдал 137 тыс ₸ 2 получ., пропуск 55%; пороги ролей не достигнуты",765,,возвратные_циклы,3,False,1,2,250000.0,136758.0,1,2,0.547032,False,1.0,0,1,1212.49015,0.00485,2,0.000308,0.000299,0.52,2.0,1,1,0,0,False,0.062,0.0,0.3038,0.7111,0.25
100000005409680100,terminal,0.758,18,0.2693,"Получил 55 тыс ₸ от 2 плательщиков, исходящих нет (исходящие наблюдаемы); к узлу ведут цепочки переводов от 4 seed",766,,seed,0,True,2,0,55060.0,0.0,2,0,0.0,False,0.0,0,4,3606.066654,1.0,0,0.000634,0.0,0.0,,1,0,0,0,False,0.4548,0.2789,0.0182,0.4475,0.0
100000007129492100,peripheral,0.7,7,0.2689,"Получил 51 тыс ₸ от 2 плательщиков, отдал 37 тыс ₸ 1 получ., пропуск 73%; пороги ролей не достигнуты",767,,,1,False,2,1,50990.0,37000.0,2,1,0.725632,False,1.0,2,8,50990.0,1.0,2,0.000295,2.5e-05,0.509708,0.0,1,0,0,0,False,0.07,0.5721,0.0037,0.5803,0.0
100000007982728100,transit,0.771,8,0.2689,"Признаки передачи средств seed: вход неполон; переправил 1.8 млн ₸ 8 получ., 39% — одному",768,,seed,0,True,0,8,0.0,1804384.0,0,12,,False,1.0,0,0,0.0,1.0,4,0.000286,0.0,0.0,,0,0,0,2,False,0.424,0.0,0.6768,0.0002,0.0
100000002886166100,terminal,0.731,24,0.2687,"Получил 185 тыс ₸ от 1 плательщика, исходящих нет (исходящие наблюдаемы)",769,,,3,False,1,0,185000.0,0.0,3,0,0.0,False,0.0,0,1,436.055041,0.002357,1,0.000325,0.0,0.0,,1,0,0,0,False,0.4386,0.0,0.2469,0.2802,0.0
100000005519347100,peripheral,0.7,3,0.2682,"Получил 73 тыс ₸ от 2 плательщиков, отдал 99 тыс ₸ 1 получ.; пороги ролей не достигнуты; seed: вход занижен",770,,seed,0,True,2,1,73100.0,99000.0,2,1,1.354309,False,1.0,1,4,73097.884059,1.0,1,0.000557,2e-06,0.0,6.0,1,0,0,0,False,0.07,0.4667,0.1289,0.8121,0.0
100000004235471100,terminal,0.46,4,0.2677,"4-е колено, исходящие не выгружены; модель: P(сток)=0.63; получил 180 тыс ₸ от 1 плательщика; к узлу ведут цепочки переводов от 3 seed",771,,обрыв_4_колена,4,False,1,0,180000.0,0.0,1,0,0.0,True,0.369419,0,3,99.185165,0.000551,0,0.000349,0.0,0.0,,1,0,0,0,False,0.276,0.2211,0.2418,0.3123,0.0
100000002212494100,terminal,0.724,25,0.2676,"Получил 160 тыс ₸ от 1 плательщика, исходящих нет (исходящие наблюдаемы)",772,,,3,False,1,0,160000.0,0.0,1,0,0.0,False,0.0,0,1,735.584686,0.004597,0,0.000357,0.0,0.0,,1,0,0,0,False,0.4344,0.0,0.2195,0.3194,0.0
100000002475601100,terminal,0.742,9,0.2676,"Получил 232 тыс ₸ от 1 плательщика, исходящих нет (исходящие наблюдаемы)",773,,,3,False,1,0,232301.0,0.0,1,0,0.0,False,0.0,0,1,501.003354,0.002157,1,0.000302,0.0,0.0,,1,0,0,0,False,0.4452,0.0,0.2899,0.2037,0.0
100000005507142100,peripheral,0.583,38,0.2674,"Получил 51 тыс ₸ от 3 плательщиков, отдал 100 тыс ₸ 3 получ., пропуск 196%; пороги ролей не достигнуты",774,,возвратные_циклы,2,False,3,3,51000.0,100000.0,3,4,1.960784,False,1.0,0,1,25260.115607,0.252601,0,0.000559,5e-06,0.0,8.0,1,2,0,0,False,0.0583,0.0874,0.1308,0.8223,0.25
100000003128638100,terminal,0.587,2,0.2668,"4-е колено, исходящие не выгружены; модель: P(сток)=0.78; получил 300 тыс ₸ от 1 плательщика",775,,обрыв_4_колена,4,False,1,0,300000.0,0.0,1,0,0.0,True,0.222731,0,1,1.551725,5e-06,1,0.000358,0.0,0.0,,1,0,0,0,False,0.3522,0.0,0.3382,0.3214,0.0
100000001541418100,terminal,0.758,6,0.2664,"Получил 97 тыс ₸ от 2 плательщиков, исходящих нет (исходящие наблюдаемы)",776,,,2,False,2,0,96900.0,0.0,2,0,0.0,False,0.0,0,2,5755.275488,0.059394,2,0.000304,0.0,0.0,,1,0,0,0,False,0.4548,0.1395,0.1249,0.2124,0.0
100000005546031100,peripheral,0.583,37,0.2664,"Получил 67 тыс ₸ от 3 плательщиков, отдал 8 тыс ₸ 1 получ., пропуск 12%; пороги ролей не достигнуты",777,,возвратные_циклы,1,False,3,1,66800.0,8000.0,6,1,0.11976,False,1.0,1,1,50939.41056,0.762566,0,0.000713,1e-06,0.11976,2.0,2,1,0,0,False,0.0583,0.1536,0.0547,0.8298,0.25
100000001329153100,terminal,0.721,1,0.2657,"Получил 151 тыс ₸ от 1 плательщика, исходящих нет (исходящие наблюдаемы)",778,,,3,False,1,0,150687.0,0.0,1,0,0.0,False,0.0,0,2,127.547893,0.000846,1,0.000294,0.0,0.0,,1,0,0,0,False,0.4326,0.1395,0.2082,0.1415,0.0
100000001746925100,peripheral,0.737,5,0.2656,"Получил 65 тыс ₸ от 1 плательщика, отдал 5 тыс ₸ 1 получ., пропуск 8%; пороги ролей не достигнуты",779,,,1,False,1,1,65250.0,5000.0,1,1,0.076628,False,1.0,1,4,65250.0,1.0,1,0.000299,0.000119,0.0,,1,0,0,0,False,0.0737,0.4559,0.0502,0.6475,0.0
100000001633685100,terminal,0.792,14,0.2652,"Получил 45 тыс ₸ от 3 плательщиков, исходящих нет (исходящие наблюдаемы); к узлу ведут цепочки переводов от 3 seed",780,,,2,False,3,0,45000.0,0.0,3,0,0.0,False,0.0,0,3,1097.492963,0.024389,2,0.000306,0.0,0.0,,1,0,0,0,False,0.4752,0.2211,0.0,0.2222,0.0
100000008223661100,peripheral,0.616,2,0.265,"Получил 202 тыс ₸ от 2 плательщиков, отдал 263 тыс ₸ 5 получ., пропуск 130%; пороги ролей не достигнуты",781,,,3,False,2,5,202000.0,262580.0,2,5,1.299901,False,1.0,0,2,314.549092,0.001198,7,0.000315,0.000325,0.243718,0.0,2,0,0,0,False,0.0616,0.1395,0.313,0.7398,0.0
100000002762076100,peripheral,0.671,6,0.2645,"Получил 140 тыс ₸ от 2 плательщиков, отдал 30 тыс ₸ 1 получ., пропуск 21%; пороги ролей не достигнуты",782,,,1,False,2,1,140350.0,30000.0,2,1,0.213751,False,1.0,2,2,140350.0,1.0,2,0.000299,0.0,0.0,,1,0,0,0,False,0.0671,0.3888,0.1948,0.5514,0.0
100000004662806100,peripheral,0.694,17,0.2643,"Получил 107 тыс ₸ от 2 плательщиков, отдал 60 тыс ₸ 2 получ., пропуск 56%; пороги ролей не достигнуты",783,,,1,False,2,2,106585.0,59900.0,2,3,0.561993,False,1.0,1,2,97587.049501,0.91558,2,0.000305,3.9e-05,0.552658,2.0,1,0,0,1,False,0.0694,0.3545,0.1429,0.6606,0.0
100000002170580100,terminal,0.72,15,0.2639,"Получил 150 тыс ₸ от 1 плательщика, исходящих нет (исходящие наблюдаемы)",784,,,2,False,1,0,150000.0,0.0,1,0,0.0,False,0.0,0,1,3497.177883,0.023315,1,0.000357,0.0,0.0,,1,0,0,0,False,0.432,0.0,0.2074,0.3201,0.0
100000002600345100,terminal,0.758,3,0.2639,"Получил 52 тыс ₸ от 2 плательщиков (seed: 1), исходящих нет (исходящие наблюдаемы)",785,,,1,False,2,0,52400.0,0.0,2,0,0.0,False,0.0,1,2,47480.359412,0.906114,1,0.000296,0.0,0.0,,1,0,0,0,False,0.4548,0.2865,0.0088,0.157,0.0
100000001788284100,peripheral,0.606,30,0.2637,"Получил 8 тыс ₸ от 1 плательщика, отдал 297 тыс ₸ 5 получ., пропуск 3709%; пороги ролей не достигнуты",786,,возвратные_циклы,3,False,1,5,8000.0,296700.0,1,8,37.0875,False,1.0,0,1,153.059185,0.000516,0,0.000299,5.9e-05,1.0,0.0,1,1,0,2,False,0.0606,0.0,0.3361,0.6399,0.25
100000005815602100,peripheral,0.657,3,0.2634,"Получил 20 тыс ₸ от 1 плательщика, отдал 165 тыс ₸ 1 получ., пропуск 825%; пороги ролей не достигнуты",787,,,3,False,1,1,20000.0,165000.0,1,1,8.25,False,1.0,0,2,3188.842654,0.019326,0,0.000552,1.9e-05,0.0,19.0,1,0,0,0,False,0.0657,0.1395,0.2253,0.8396,0.0
100000001819396100,terminal,0.725,27,0.2631,"Получил 166 тыс ₸ от 1 плательщика, исходящих нет (исходящие наблюдаемы)",788,,,3,False,1,0,166080.0,0.0,1,0,0.0,False,0.0,0,1,53.597103,0.000323,0,0.000327,0.0,0.0,,1,0,0,0,False,0.435,0.0,0.2266,0.2838,0.0
100000003044431100,terminal,0.758,1,0.2631,"Получил 60 тыс ₸ от 2 плательщиков, исходящих нет (исходящие наблюдаемы); к узлу ведут цепочки переводов от 3 seed",789,,,2,False,2,0,60000.0,0.0,2,0,0.0,False,0.0,0,3,1204.867904,0.020081,2,0.000302,0.0,0.0,,1,0,0,0,False,0.4548,0.2211,0.0344,0.206,0.0
100000007071852100,terminal,0.464,1,0.2631,"4-е колено, исходящие не выгружены; модель: P(сток)=0.63; получил 195 тыс ₸ от 1 плательщика",790,,обрыв_4_колена,4,False,1,0,195000.0,0.0,1,0,0.0,True,0.367631,0,2,304.23557,0.00156,0,0.000444,0.0,0.0,,1,0,0,0,False,0.2784,0.1395,0.2569,0.3708,0.0
100000001957974100,terminal,0.503,16,0.2629,"4-е колено, исходящие не выгружены; модель: P(сток)=0.64; получил 500 тыс ₸ от 1 плательщика",791,,обрыв_4_колена,4,False,1,0,500000.0,0.0,1,0,0.0,True,0.355945,0,1,51.904547,0.000104,0,0.00032,0.0,0.0,,1,0,0,0,False,0.3018,0.0,0.4346,0.2716,0.0
100000003631015100,terminal,0.475,35,0.2625,"4-е колено, исходящие не выгружены; модель: P(сток)=0.63; получил 266 тыс ₸ от 1 плательщика",792,,обрыв_4_колена,4,False,1,0,266000.0,0.0,1,0,0.0,True,0.365325,0,2,1.225874,5e-06,0,0.000322,0.0,0.0,,1,0,0,0,False,0.285,0.1395,0.3155,0.2762,0.0
100000001049200100,peripheral,0.659,18,0.2624,"Получил 77 тыс ₸ от 2 плательщиков, отдал 36 тыс ₸ 4 получ., пропуск 47%; пороги ролей не достигнуты",793,,возвратные_циклы,1,False,2,4,76624.0,36000.0,2,5,0.469827,False,1.0,1,3,6537.797421,0.085323,4,0.000298,0.00116,0.0,5.0,1,2,0,0,False,0.0659,0.2211,0.0806,0.6681,0.25
100000005888829100,terminal,0.566,2,0.2624,"4-е колено, исходящие не выгружены; модель: P(сток)=0.77; получил 197 тыс ₸ от 1 плательщика",794,,обрыв_4_колена,4,False,1,0,197000.0,0.0,1,0,0.0,True,0.229047,0,2,130.486785,0.000662,1,0.000311,0.0,0.0,,1,0,0,0,False,0.3396,0.1395,0.2588,0.2418,0.0
100000008619159100,terminal,0.485,3,0.2624,"4-е колено, исходящие не выгружены; модель: P(сток)=0.63; получил 446 тыс ₸ от 1 плательщика",795,,обрыв_4_колена,4,False,1,0,446400.0,0.0,2,0,0.0,True,0.373795,0,1,56.792529,0.000127,0,0.000357,0.0,0.0,,1,0,0,0,False,0.291,0.0,0.4132,0.319,0.0
100000004750321100,terminal,0.758,15,0.2623,"Получил 50 тыс ₸ от 2 плательщиков, исходящих нет (исходящие наблюдаемы); к узлу ведут цепочки переводов от 3 seed",796,,,3,False,2,0,50185.0,0.0,2,0,0.0,False,0.0,0,3,138.720381,0.002764,1,0.000313,0.0,0.0,,1,0,0,0,False,0.4548,0.2211,0.0007,0.246,0.0
100000006122699100,terminal,0.758,3,0.2622,"Получил 46 тыс ₸ от 2 плательщиков, исходящих нет (исходящие наблюдаемы)",797,,,2,False,2,0,45865.0,0.0,2,0,0.0,False,0.0,0,2,5973.034174,0.130231,0,0.000405,0.0,0.0,,2,0,0,0,False,0.4548,0.1395,0.0,0.3554,0.0
100000004184158100,terminal,0.736,10,0.262,"Получил 204 тыс ₸ от 1 плательщика, исходящих нет (исходящие наблюдаемы)",798,,,3,False,1,0,203805.0,0.0,1,0,0.0,False,0.0,0,1,988.44622,0.00485,1,0.000304,0.0,0.0,,1,0,0,0,False,0.4416,0.0,0.2652,0.2131,0.0
100000004877085100,peripheral,0.704,13,0.262,"Получил 25 тыс ₸ от 1 плательщика, отдал 96 тыс ₸ 3 получ., пропуск 382%; пороги ролей не достигнуты",799,,быстрый_транзит,3,False,1,3,25000.0,95600.0,1,9,3.824,False,1.0,0,3,270.146734,0.002826,1,0.000295,5.8e-05,1.0,0.0,1,0,0,2,False,0.0704,0.2211,0.1223,0.6014,0.25
100000003037476100,peripheral,0.41,2,0.2614,4-е колено (обход оборван): 3 поступл. на 555 тыс ₸ от 3 плательщиков; P(передаёт дальше)=0.51 — порогов ролей не достигает,800,,аномалия_колена;обрыв_4_колена,4,False,3,0,555000.0,0.0,3,0,0.0,True,0.513923,0,2,259.414721,0.000467,3,0.000359,0.0,0.0,,2,0,0,0,True,0.041,0.1395,0.4543,0.3227,0.25
100000005602999100,peripheral,0.78,7,0.2606,"Получил 5 тыс ₸ от 1 плательщика, отдал 16 тыс ₸ 2 получ., пропуск 320%; пороги ролей не достигнуты",801,,возвратные_циклы,2,False,1,2,5000.0,16000.0,1,3,3.2,False,1.0,0,4,961.192604,0.060075,0,0.000305,4.2e-05,1.0,2.0,1,1,0,0,False,0.078,0.2789,0.0,0.6644,0.25
100000005241556100,terminal,0.7,2,0.2598,"Получил 100 тыс ₸ от 1 плательщика, исходящих нет (исходящие наблюдаемы)",802,,,3,False,1,0,100000.0,0.0,1,0,0.0,False,0.0,0,1,6362.441092,0.063624,0,0.000549,0.0,0.0,,1,0,0,0,False,0.42,0.0,0.1308,0.4233,0.0
100000002445750100,peripheral,0.731,1,0.2597,"Получил 70 тыс ₸ от 1 плательщика, отдал 10 тыс ₸ 1 получ., пропуск 14%; пороги ролей не достигнуты",803,,,2,False,1,1,70000.0,10000.0,1,1,0.142857,False,1.0,0,2,46943.858313,0.670627,0,0.000537,1.9e-05,0.0,,1,0,0,0,False,0.0731,0.2854,0.0635,0.8258,0.0
100000001311175100,terminal,0.481,11,0.2586,"4-е колено, исходящие не выгружены; модель: P(сток)=0.64; получил 300 тыс ₸ от 1 плательщика",804,,обрыв_4_колена,4,False,1,0,300000.0,0.0,1,0,0.0,True,0.36285,0,1,96.2233,0.000321,0,0.000532,0.0,0.0,,1,0,0,0,False,0.2886,0.0,0.3382,0.403,0.0
100000003134474100,terminal,0.707,4,0.2579,"Получил 116 тыс ₸ от 1 плательщика, исходящих нет (исходящие наблюдаемы); к узлу ведут цепочки переводов от 3 seed",805,,,3,False,1,0,116000.0,0.0,1,0,0.0,False,0.0,0,3,138.661997,0.001195,1,0.000289,0.0,0.0,,1,0,0,0,False,0.4242,0.2211,0.1588,0.0723,0.0
100000007034089100,terminal,0.516,2,0.2577,"4-е колено, исходящие не выгружены; модель: P(сток)=0.65; получил 198 тыс ₸ от 2 плательщиков",806,,обрыв_4_колена,4,False,2,0,198000.0,0.0,2,0,0.0,True,0.348507,0,2,33.249401,0.000168,2,0.000321,0.0,0.0,,2,0,0,0,False,0.3096,0.1395,0.2598,0.2747,0.0
100000002306369100,peripheral,0.589,1,0.2576,"Получил 73 тыс ₸ от 1 плательщика, отдал 261 тыс ₸ 6 получ., пропуск 357%; пороги ролей не достигнуты",807,,всплеск_активности,1,False,1,6,73166.0,260900.0,1,9,3.565864,False,1.0,1,1,73166.0,0.280437,6,0.000299,7e-05,0.0,17.0,1,0,0,1,False,0.0589,0.1878,0.3118,0.6417,0.0
100000008417029100,terminal,0.7,2,0.2575,"Получил 100 тыс ₸ от 1 плательщика, исходящих нет (исходящие наблюдаемы)",808,,,3,False,1,0,100000.0,0.0,1,0,0.0,False,0.0,0,2,548.51076,0.005485,0,0.000307,0.0,0.0,,1,0,0,0,False,0.42,0.1395,0.1308,0.2244,0.0
100000002242455100,terminal,0.438,4,0.2573,"4-е колено, исходящие не выгружены; модель: P(сток)=0.62; получил 110 тыс ₸ от 1 плательщика; к узлу ведут цепочки переводов от 3 seed",809,,обрыв_4_колена,4,False,1,0,110000.0,0.0,1,0,0.0,True,0.378979,0,3,131.489825,0.001195,0,0.000532,0.0,0.0,,1,0,0,0,False,0.2628,0.2211,0.1488,0.4052,0.0
100000000703894100,peripheral,0.684,26,0.2572,"Получил 120 тыс ₸ от 1 плательщика, отдал 35 тыс ₸ 1 получ., пропуск 29%; пороги ролей не достигнуты",810,,,1,False,1,1,120000.0,35000.0,1,1,0.291667,False,1.0,1,1,120000.0,1.0,0,0.000477,1e-06,0.0,,1,0,0,0,False,0.0684,0.2345,0.1652,0.7533,0.0
100000007311010100,peripheral,0.7,5,0.2571,"Получил 64 тыс ₸ от 2 плательщиков, отдал 20 тыс ₸ 1 получ., пропуск 31%; пороги ролей не достигнуты",811,,,1,False,2,1,64480.0,20000.0,2,1,0.310174,False,1.0,1,4,41944.922522,0.650511,2,0.000309,2.4e-05,0.0,,1,0,0,0,False,0.07,0.4142,0.048,0.6666,0.0
100000004976946100,terminal,0.471,35,0.2569,"4-е колено, исходящие не выгружены; модель: P(сток)=0.63; получил 246 тыс ₸ от 1 плательщика",812,,обрыв_4_колена,4,False,1,0,246000.0,0.0,1,0,0.0,True,0.367673,0,2,1.133703,5e-06,0,0.000319,0.0,0.0,,1,0,0,0,False,0.2826,0.1395,0.3007,0.2698,0.0
100000008714412100,terminal,0.726,15,0.2567,"Получил 169 тыс ₸ от 1 плательщика, исходящих нет (исходящие наблюдаемы)",813,,,3,False,1,0,169000.0,0.0,1,0,0.0,False,0.0,0,1,136.18951,0.000806,0,0.000312,0.0,0.0,,1,0,0,0,False,0.4356,0.0,0.2299,0.2427,0.0
100000004386331100,peripheral,0.78,17,0.2566,"Получил 20 тыс ₸ от 1 плательщика, отдал 18 тыс ₸ 2 получ., пропуск 88%; пороги ролей не достигнуты",814,,возвратные_циклы,3,False,1,2,20000.0,17500.0,1,2,0.875,False,1.0,0,2,11108.791595,0.55544,0,0.000513,2e-05,0.0,,1,1,0,0,False,0.078,0.1494,0.0,0.8149,0.25
100000003190207100,peripheral,0.585,7,0.2564,"Получил 5 тыс ₸ от 1 плательщика, отдал 377 тыс ₸ 1 получ., пропуск 7540%; пороги ролей не достигнуты",815,,,3,False,1,1,5000.0,377000.0,1,8,75.4,False,1.0,0,2,422.100856,0.00112,0,0.000299,2.1e-05,1.0,2.0,1,0,0,1,False,0.0585,0.1395,0.3813,0.6074,0.0
100000001445848100,peripheral,0.553,14,0.2562,"Получил 546 тыс ₸ от 1 плательщика, отдал 352 тыс ₸ 1 получ., пропуск 64%; пороги ролей не достигнуты",816,,возвратные_циклы,3,False,1,1,546000.0,351850.0,13,14,0.644414,False,1.0,0,1,1750.597766,0.003206,0,0.000702,0.0,0.257326,2.0,1,1,0,2,False,0.0553,0.0,0.4512,0.4555,0.25
100000002435265100,terminal,0.714,1,0.2561,"Получил 133 тыс ₸ от 1 плательщика, исходящих нет (исходящие наблюдаемы)",817,,,3,False,1,0,132628.0,0.0,3,0,0.0,False,0.0,0,2,112.261987,0.000846,1,0.000293,0.0,0.0,,1,0,0,0,False,0.4284,0.1395,0.1841,0.1288,0.0
100000004420041100,peripheral,0.537,17,0.256,"Получил 70 тыс ₸ от 1 плательщика, отдал 652 тыс ₸ 7 получ., пропуск 936%; пороги ролей не достигнуты",818,,,3,False,1,7,69638.0,651830.0,1,11,9.360263,False,1.0,0,1,463.197415,0.000711,2,0.0003,0.000154,0.0,,1,0,0,0,False,0.0537,0.0,0.4846,0.6633,0.0
100000004450649100,peripheral,0.643,4,0.2559,"Получил 193 тыс ₸ от 2 плательщиков, отдал 47 тыс ₸ 2 получ., пропуск 24%; пороги ролей не достигнуты",819,,,3,False,2,2,192528.0,46527.0,2,2,0.241664,False,1.0,0,3,550.976515,0.002862,3,0.000299,0.000139,0.0,4.0,1,0,0,0,False,0.0643,0.2211,0.2545,0.6532,0.0
100000005904580100,terminal,0.758,17,0.2557,"Получил 72 тыс ₸ от 2 плательщиков, исходящих нет (исходящие наблюдаемы)",820,,,2,False,2,0,72000.0,0.0,2,0,0.0,False,0.0,0,1,11675.162371,0.162155,0,0.000523,0.0,0.0,,2,0,0,0,False,0.4548,0.0146,0.0688,0.3939,0.0
100000004659919100,peripheral,0.692,44,0.2556,"Получил 110 тыс ₸ от 1 плательщика, отдал 39 тыс ₸ 1 получ., пропуск 35%; пороги ролей не достигнуты",821,,,3,False,1,1,110000.0,39000.0,2,1,0.354545,False,1.0,0,2,4782.608696,0.043478,0,0.000725,2.4e-05,0.0,14.0,1,0,0,0,False,0.0692,0.1395,0.1488,0.8917,0.0
100000008343874100,peripheral,0.609,9,0.2555,"Получил 284 тыс ₸ от 2 плательщиков, отдал 176 тыс ₸ 2 получ., пропуск 62%; пороги ролей не достигнуты",822,,,3,False,2,2,283535.0,176400.0,2,5,0.622145,False,1.0,0,2,902.870172,0.003184,2,0.000308,3.9e-05,0.35269,2.0,1,0,0,1,False,0.0609,0.1395,0.3275,0.6697,0.0
100000003242795100,terminal,0.705,4,0.2545,"Получил 111 тыс ₸ от 1 плательщика, исходящих нет (исходящие наблюдаемы); к узлу ведут цепочки переводов от 3 seed",823,,,3,False,1,0,111000.0,0.0,1,0,0.0,False,0.0,0,3,132.685187,0.001195,1,0.000289,0.0,0.0,,1,0,0,0,False,0.423,0.2211,0.1505,0.0669,0.0
100000000967918100,terminal,0.7,1,0.2543,"Получил 21 тыс ₸ от 1 плательщика, исходящих нет (исходящие наблюдаемы)",824,,,2,False,1,0,21200.0,0.0,3,0,0.0,False,0.0,0,2,2364.167505,0.111517,1,0.000479,0.0,0.0,,1,0,0,0,False,0.42,0.1395,0.0,0.3812,0.0
100000001439416100,peripheral,0.657,20,0.254,"Получил 10 тыс ₸ от 1 плательщика, отдал 165 тыс ₸ 2 получ., пропуск 1650%; пороги ролей не достигнуты",825,,возвратные_циклы,3,False,1,2,10000.0,165000.0,1,3,16.5,False,1.0,0,1,213.994897,0.001297,0,0.000341,2e-05,0.0,18.0,1,1,0,0,False,0.0657,0.0,0.2253,0.7235,0.25
100000006689603100,terminal,0.53,9,0.2539,"4-е колено, исходящие не выгружены; модель: P(сток)=0.69; получил 400 тыс ₸ от 1 плательщика",826,,обрыв_4_колена,4,False,1,0,400000.0,0.0,2,0,0.0,True,0.311646,0,1,17.119243,4.3e-05,1,0.000312,0.0,0.0,,1,0,0,0,False,0.318,0.0,0.3925,0.2456,0.0
100000002528544100,terminal,0.733,9,0.2535,"Получил 193 тыс ₸ от 1 плательщика, исходящих нет (исходящие наблюдаемы)",827,,,3,False,1,0,192912.0,0.0,1,0,0.0,False,0.0,0,1,416.053133,0.002157,1,0.000299,0.0,0.0,,1,0,0,0,False,0.4398,0.0,0.2548,0.1837,0.0
100000003321895100,peripheral,0.551,3,0.2531,"Получил 24 тыс ₸ от 1 плательщика, отдал 554 тыс ₸ 2 получ., пропуск 2308%; пороги ролей не достигнуты",828,,,3,False,1,2,24000.0,553830.0,1,3,23.07625,False,1.0,0,1,784.520943,0.001417,0,0.000311,4e-05,0.0,11.0,1,0,0,0,False,0.0551,0.0,0.4539,0.6855,0.0
100000004508696100,peripheral,0.691,41,0.2518,"Получил 7 тыс ₸ от 1 плательщика, отдал 111 тыс ₸ 3 получ., пропуск 1586%; пороги ролей не достигнуты",829,,возвратные_циклы,3,False,1,3,7000.0,111000.0,1,4,15.857143,False,1.0,0,1,1524.881071,0.013738,0,0.000423,3.9e-05,1.0,0.0,1,1,0,0,False,0.0691,0.0,0.1505,0.8043,0.25
100000002769809100,terminal,0.706,18,0.2514,"Получил 113 тыс ₸ от 1 плательщика, исходящих нет (исходящие наблюдаемы)",830,,,3,False,1,0,113422.0,0.0,1,0,0.0,False,0.0,0,1,1351.881821,0.011919,0,0.000378,0.0,0.0,,1,0,0,0,False,0.4236,0.0,0.1546,0.3379,0.0
100000003760160100,terminal,0.702,4,0.2507,"Получил 104 тыс ₸ от 1 плательщика, исходящих нет (исходящие наблюдаемы); к узлу ведут цепочки переводов от 3 seed",831,,,3,False,1,0,104470.0,0.0,1,0,0.0,False,0.0,0,3,124.879472,0.001195,1,0.000289,0.0,0.0,,1,0,0,0,False,0.4212,0.2211,0.1391,0.0645,0.0
100000000640800100,peripheral,0.557,9,0.2503,"Получил 80 тыс ₸ от 1 плательщика, отдал 518 тыс ₸ 4 получ., пропуск 648%; пороги ролей не достигнуты",832,,,3,False,1,4,80000.0,518135.0,1,6,6.476688,False,1.0,0,1,133.698139,0.000258,2,0.000303,0.000145,0.2014,6.0,1,0,0,0,False,0.0557,0.0,0.4413,0.6855,0.0
100000005745873100,terminal,0.468,35,0.25,"4-е колено, исходящие не выгружены; модель: P(сток)=0.63; получил 223 тыс ₸ от 1 плательщика",833,,обрыв_4_колена,4,False,1,0,223000.0,0.0,1,0,0.0,True,0.367721,0,2,1.027706,5e-06,0,0.000316,0.0,0.0,,1,0,0,0,False,0.2808,0.1395,0.2822,0.2598,0.0
100000002194320100,terminal,0.475,14,0.2499,"4-е колено, исходящие не выгружены; модель: P(сток)=0.63; получил 275 тыс ₸ от 1 плательщика",834,,обрыв_4_колена,4,False,1,0,275000.0,0.0,1,0,0.0,True,0.367065,0,1,311.915147,0.001134,0,0.000487,0.0,0.0,,1,0,0,0,False,0.285,0.0,0.3218,0.3837,0.0
100000001837130100,terminal,0.727,10,0.2497,"Получил 173 тыс ₸ от 1 плательщика, исходящих нет (исходящие наблюдаемы)",835,,,3,False,1,0,172900.0,0.0,1,0,0.0,False,0.0,0,1,838.558188,0.00485,1,0.000301,0.0,0.0,,1,0,0,0,False,0.4362,0.0,0.2342,0.1973,0.0
100000002969048100,terminal,0.704,8,0.2497,"Получил 108 тыс ₸ от 1 плательщика, исходящих нет (исходящие наблюдаемы)",836,,,2,False,1,0,108470.0,0.0,1,0,0.0,False,0.0,0,1,26033.494227,0.240006,1,0.000306,0.0,0.0,,1,0,0,0,False,0.4224,0.0903,0.1462,0.2218,0.0
100000005893892100,terminal,0.701,4,0.2495,"Получил 103 тыс ₸ от 1 плательщика, исходящих нет (исходящие наблюдаемы); к узлу ведут цепочки переводов от 3 seed",837,,,3,False,1,0,102780.0,0.0,1,0,0.0,False,0.0,0,3,122.859311,0.001195,1,0.000289,0.0,0.0,,1,0,0,0,False,0.4206,0.2211,0.136,0.0636,0.0
100000008306857100,terminal,0.711,11,0.2493,"Получил 125 тыс ₸ от 1 плательщика, исходящих нет (исходящие наблюдаемы)",838,,,3,False,1,0,125000.0,0.0,1,0,0.0,False,0.0,0,2,40.093041,0.000321,1,0.000292,0.0,0.0,,1,0,0,0,False,0.4266,0.1395,0.1729,0.1101,0.0
100000003988112100,peripheral,0.707,16,0.2489,"Получил 92 тыс ₸ от 1 плательщика, отдал 64 тыс ₸ 1 получ., пропуск 70%; пороги ролей не достигнуты",839,,возвратные_циклы,2,False,1,1,92000.0,64000.0,2,5,0.695652,False,1.0,0,3,32515.622017,0.353431,0,0.000505,0.0,0.478261,1.0,1,1,0,2,False,0.0707,0.3323,0.1151,0.3895,0.25
100000001934935100,terminal,0.709,1,0.2484,"Получил 119 тыс ₸ от 1 плательщика, исходящих нет (исходящие наблюдаемы)",840,,,3,False,1,0,118935.0,0.0,1,0,0.0,False,0.0,0,2,100.671648,0.000846,1,0.000292,0.0,0.0,,1,0,0,0,False,0.4254,0.1395,0.1636,0.1199,0.0
100000008596924100,terminal,0.7,8,0.2482,"Получил 100 тыс ₸ от 1 плательщика, исходящих нет (исходящие наблюдаемы)",841,,,3,False,1,0,100000.0,0.0,1,0,0.0,False,0.0,0,1,3789.57474,0.037896,0,0.000416,0.0,0.0,,1,0,0,0,False,0.42,0.0,0.1308,0.3592,0.0
100000001427082100,peripheral,0.62,28,0.248,"Получил 5 тыс ₸ от 1 плательщика, отдал 125 тыс ₸ 5 получ., пропуск 2498%; пороги ролей не достигнуты",842,,,3,False,1,5,5000.0,124900.0,1,6,24.98,False,1.0,0,2,1075.252202,0.008609,0,0.000439,7.8e-05,0.0,3.0,1,0,0,0,False,0.062,0.1395,0.1728,0.8323,0.0
100000007357489100,terminal,0.531,2,0.2477,"4-е колено, исходящие не выгружены; модель: P(сток)=0.68; получил 164 тыс ₸ от 2 плательщиков",843,,обрыв_4_колена,4,False,2,0,164500.0,0.0,2,0,0.0,True,0.322227,0,2,49.704663,0.000302,2,0.000313,0.0,0.0,,2,0,0,0,False,0.3186,0.1395,0.2248,0.2478,0.0
100000005505655100,peripheral,0.7,30,0.2476,"Получил 33 тыс ₸ от 2 плательщиков, отдал 20 тыс ₸ 1 получ., пропуск 60%; пороги ролей не достигнуты",844,,возвратные_циклы,1,False,2,1,33070.0,20000.0,2,1,0.604778,False,1.0,1,2,13452.647963,0.406793,1,0.000322,0.000269,0.0,3.0,1,1,0,0,False,0.07,0.1675,0.0,0.7567,0.25
100000003647799100,terminal,0.7,4,0.2473,"Получил 100 тыс ₸ от 1 плательщика, исходящих нет (исходящие наблюдаемы); к узлу ведут цепочки переводов от 3 seed",845,,,3,False,1,0,100000.0,0.0,1,0,0.0,False,0.0,0,3,119.536204,0.001195,1,0.000289,0.0,0.0,,1,0,0,0,False,0.42,0.2211,0.1308,0.0596,0.0
100000004676985100,transit,0.687,1,0.2472,"Пропуск 84%: получил 32 тыс ₸ от 1 плательщика, отдал 27 тыс ₸ 1 получ.",846,,,3,False,1,1,32260.0,27102.0,1,1,0.840112,False,1.0,0,2,27.306238,0.000846,1,0.000287,1.9e-05,0.0,3.0,1,0,0,0,False,0.3779,0.1395,0.0,0.4264,0.0
100000003071649100,terminal,0.732,2,0.2471,"Получил 190 тыс ₸ от 1 плательщика, исходящих нет (исходящие наблюдаемы)",847,,,3,False,1,0,189500.0,0.0,1,0,0.0,False,0.0,0,1,238.910549,0.001261,1,0.000295,0.0,0.0,,1,0,0,0,False,0.4392,0.0,0.2515,0.1537,0.0
100000005316708100,peripheral,0.618,8,0.2465,"Получил 90 тыс ₸ от 1 плательщика, отдал 258 тыс ₸ 2 получ., пропуск 286%; пороги ролей не достигнуты",848,,,1,False,1,2,90000.0,257500.0,1,4,2.861111,False,1.0,1,1,90000.0,0.349515,2,0.000298,1e-06,0.0,,1,0,0,1,False,0.0618,0.2074,0.3093,0.5516,0.0
100000007472293100,peripheral,0.592,2,0.2465,"Получил 5 тыс ₸ от 1 плательщика, отдал 346 тыс ₸ 3 получ., пропуск 6918%; пороги ролей не достигнуты",849,,,3,False,1,3,5000.0,345900.0,1,3,69.18,False,1.0,0,3,26.349846,7.6e-05,1,0.000286,4.8e-05,0.0,4.0,1,0,0,0,False,0.0592,0.2211,0.365,0.4644,0.0
100000008097580100,terminal,0.758,1,0.2462,"Получил 32 тыс ₸ от 2 плательщиков, исходящих нет (исходящие наблюдаемы)",850,,,3,False,2,0,32000.0,0.0,4,0,0.0,False,0.0,0,1,310.522269,0.009704,1,0.000675,0.0,0.0,,1,0,0,0,False,0.4548,0.0,0.0,0.4526,0.0
100000001893287100,peripheral,0.663,8,0.2455,"Получил 18 тыс ₸ от 1 плательщика, отдал 153 тыс ₸ 1 получ., пропуск 848%; пороги ролей не достигнуты",851,,возвратные_циклы;дробление,3,False,1,1,18000.0,152700.0,3,14,8.483333,False,1.0,0,1,1477.323225,0.009675,0,0.000618,0.0,1.0,0.0,1,1,0,3,False,0.0663,0.0,0.2107,0.4448,0.5
100000004652395100,peripheral,0.443,1,0.2453,4-е колено (обход оборван): 5 поступл. на 102 тыс ₸ от 3 плательщиков; P(передаёт дальше)=0.48 — порогов ролей не достигает,852,,синхронный_сбор;аномалия_колена;обрыв_4_колена,4,False,3,0,101528.0,0.0,5,0,0.0,True,0.479559,0,3,162.959639,0.001605,3,0.000336,0.0,0.0,,3,0,0,0,True,0.0443,0.2211,0.1337,0.2958,0.5
100000005628518100,terminal,0.7,18,0.2448,"Получил 77 тыс ₸ от 1 плательщика, исходящих нет (исходящие наблюдаемы)",853,,,3,False,1,0,77000.0,0.0,3,0,0.0,False,0.0,0,1,492.335664,0.006394,0,0.000533,0.0,0.0,,1,0,0,0,False,0.42,0.0,0.0815,0.4061,0.0
100000005767403100,peripheral,0.387,22,0.2447,4-е колено (обход оборван): 2 поступл. на 1.1 млн ₸ от 1 плательщика; P(передаёт дальше)=0.45 — порогов ролей не достигает,854,,обрыв_4_колена,4,False,1,0,1100000.0,0.0,2,0,0.0,True,0.451095,0,1,11799.833449,0.010727,0,0.001082,0.0,0.0,,1,0,0,0,False,0.0387,0.0156,0.5834,0.4782,0.0
100000004388983100,transit,0.715,43,0.2442,"Признаки передачи средств seed: вход неполон; переправил 451 тыс ₸ 2 получ., 57% — одному",855,,всплеск_активности;дробление;seed,0,True,0,2,0.0,450816.0,0,23,,False,1.0,0,0,0.0,1.0,0,0.000286,0.0,0.0,,0,0,0,5,False,0.3932,0.0,0.415,0.0002,0.25
100000002596039100,terminal,0.582,9,0.2435,"4-е колено, исходящие не выгружены; модель: P(сток)=0.77; получил 280 тыс ₸ от 1 плательщика",856,,обрыв_4_колена,4,False,1,0,280000.0,0.0,1,0,0.0,True,0.225284,0,1,11.98347,4.3e-05,1,0.000304,0.0,0.0,,1,0,0,0,False,0.3492,0.0,0.3252,0.2153,0.0
100000008595687100,peripheral,0.738,3,0.2434,"Получил 64 тыс ₸ от 1 плательщика, отдал 10 тыс ₸ 1 получ., пропуск 16%; пороги ролей не достигнуты",857,,возвратные_циклы,3,False,1,1,64395.0,10400.0,1,1,0.161503,False,1.0,0,2,671.784036,0.010432,2,0.000305,0.000301,0.161503,1.0,1,2,0,0,False,0.0738,0.1395,0.0478,0.6995,0.25
100000002612809100,peripheral,0.689,38,0.2426,"Получил 30 тыс ₸ от 1 плательщика, отдал 114 тыс ₸ 3 получ., пропуск 380%; пороги ролей не достигнуты",858,,возвратные_циклы,3,False,1,3,30000.0,114000.0,2,4,3.8,False,1.0,0,1,7578.034682,0.066474,0,0.000428,2e-06,0.0,3.0,1,1,0,0,False,0.0689,0.0,0.1556,0.7476,0.25
100000000724540100,peripheral,0.7,2,0.2424,"Получил 50 тыс ₸ от 1 плательщика, отдал 100 тыс ₸ 1 получ., пропуск 200%; пороги ролей не достигнуты",859,,,2,False,1,1,50000.0,100000.0,1,1,2.0,False,1.0,0,4,6362.441092,0.063624,0,0.00031,2e-05,0.0,,1,0,0,0,False,0.07,0.2789,0.1308,0.6548,0.0
100000004644615100,peripheral,0.584,11,0.2423,"Получил 51 тыс ₸ от 1 плательщика, отдал 380 тыс ₸ 2 получ., пропуск 747%; пороги ролей не достигнуты",860,,,3,False,1,2,50810.0,379665.0,1,14,7.47225,False,1.0,0,1,250.325927,0.000659,0,0.000374,1e-06,0.342452,6.0,1,0,0,1,False,0.0584,0.0,0.3826,0.714,0.0
100000008760098100,peripheral,0.582,2,0.2423,"Получил 7 тыс ₸ от 1 плательщика, отдал 390 тыс ₸ 1 получ., пропуск 5571%; пороги ролей не достигнуты",861,,,3,False,1,1,7000.0,390000.0,1,1,55.714286,False,1.0,0,3,36.889784,9.5e-05,1,0.000287,7e-06,0.0,4.0,1,0,0,0,False,0.0582,0.2211,0.3877,0.4128,0.0
100000001363952100,peripheral,0.641,9,0.2419,"Получил 197 тыс ₸ от 2 плательщиков, отдал 91 тыс ₸ 1 получ., пропуск 46%; пороги ролей не достигнуты",862,,,1,False,2,1,196655.0,91000.0,2,2,0.462739,False,1.0,1,1,69160.456759,0.351684,2,0.000307,1.9e-05,0.05085,0.0,1,0,0,0,False,0.0641,0.1825,0.2585,0.6223,0.0
100000003073635100,terminal,0.713,1,0.2418,"Получил 129 тыс ₸ от 1 плательщика, исходящих нет (исходящие наблюдаемы)",863,,,3,False,1,0,129231.0,0.0,1,0,0.0,False,0.0,0,1,859.580476,0.006652,1,0.000312,0.0,0.0,,1,0,0,0,False,0.4278,0.0,0.1792,0.2435,0.0
100000001688676100,terminal,0.715,18,0.2415,"Получил 134 тыс ₸ от 1 плательщика, исходящих нет (исходящие наблюдаемы)",864,,,3,False,1,0,133700.0,0.0,1,0,0.0,False,0.0,0,1,991.810158,0.007418,1,0.000308,0.0,0.0,,1,0,0,0,False,0.429,0.0,0.1856,0.2309,0.0
100000003271151100,terminal,0.712,1,0.2405,"Получил 127 тыс ₸ от 1 плательщика, исходящих нет (исходящие наблюдаемы)",865,,,3,False,1,0,127294.0,0.0,1,0,0.0,False,0.0,0,1,846.696513,0.006652,1,0.000311,0.0,0.0,,1,0,0,0,False,0.4272,0.0,0.1764,0.2415,0.0
100000003448713100,terminal,0.58,9,0.2403,"4-е колено, исходящие не выгружены; модель: P(сток)=0.77; получил 267 тыс ₸ от 1 плательщика",866,,обрыв_4_колена,4,False,1,0,266750.0,0.0,1,0,0.0,True,0.225739,0,1,11.416395,4.3e-05,1,0.000303,0.0,0.0,,1,0,0,0,False,0.348,0.0,0.316,0.2122,0.0
100000007745062100,terminal,0.436,17,0.2402,"4-е колено, исходящие не выгружены; модель: P(сток)=0.62; получил 100 тыс ₸ от 1 плательщика",867,,обрыв_4_колена,4,False,1,0,100000.0,0.0,1,0,0.0,True,0.377007,0,2,5554.395798,0.055544,0,0.000625,0.0,0.0,,1,0,0,0,False,0.2616,0.1395,0.1308,0.4457,0.0
100000008571243100,terminal,0.715,15,0.2401,"Получил 134 тыс ₸ от 1 плательщика, исходящих нет (исходящие наблюдаемы)",868,,,3,False,1,0,134000.0,0.0,1,0,0.0,False,0.0,0,1,107.984582,0.000806,0,0.000306,0.0,0.0,,1,0,0,0,False,0.429,0.0,0.1861,0.2224,0.0
100000002934441100,terminal,0.758,1,0.2398,"Получил 61 тыс ₸ от 2 плательщиков (seed: 1), исходящих нет (исходящие наблюдаемы)",869,,,1,False,2,0,60845.6,0.0,2,0,0.0,False,0.0,1,1,36087.396969,0.593098,2,0.000302,0.0,0.0,,2,0,0,0,False,0.4548,0.1211,0.0371,0.2064,0.0
100000002214383100,terminal,0.467,19,0.2397,"4-е колено, исходящие не выгружены; модель: P(сток)=0.63; получил 213 тыс ₸ от 1 плательщика",870,,обрыв_4_колена,4,False,1,0,213000.0,0.0,1,0,0.0,True,0.366725,0,1,11.429532,5.4e-05,0,0.000531,0.0,0.0,,1,0,0,0,False,0.2802,0.0,0.2735,0.4012,0.0
100000003178549100,peripheral,0.62,14,0.2396,"Получил 250 тыс ₸ от 2 плательщиков, отдал 89 тыс ₸ 4 получ., пропуск 36%; пороги ролей не достигнуты",871,,,3,False,2,4,250000.0,89080.0,2,4,0.35632,False,1.0,0,1,1868.581545,0.007474,4,0.000352,0.000272,0.0,,1,0,0,0,False,0.062,0.0,0.3038,0.7969,0.0
100000005198906100,peripheral,0.628,4,0.2396,"Получил 228 тыс ₸ от 1 плательщика, отдал 60 тыс ₸ 1 получ., пропуск 26%; пороги ролей не достигнуты",872,,,3,False,1,1,227970.0,60000.0,1,1,0.263193,False,1.0,0,3,272.506685,0.001195,1,0.000293,1.9e-05,0.0,,1,0,0,0,False,0.0628,0.2211,0.2864,0.5238,0.0
100000002906470100,terminal,0.713,18,0.2395,"Получил 130 тыс ₸ от 1 плательщика, исходящих нет (исходящие наблюдаемы)",873,,,3,False,1,0,130000.0,0.0,1,0,0.0,False,0.0,0,1,964.362906,0.007418,1,0.000308,0.0,0.0,,1,0,0,0,False,0.4278,0.0,0.1803,0.2291,0.0
100000001222245100,peripheral,0.351,4,0.2393,4-е колено (обход оборван): 5 поступл. на 420 тыс ₸ от 1 плательщика; P(передаёт дальше)=0.78 — порогов ролей не достигает,874,,обрыв_4_колена,4,False,1,0,420000.0,0.0,5,0,0.0,True,0.781336,0,3,502.052057,0.001195,0,0.000549,0.0,0.0,,1,0,0,0,False,0.0351,0.2211,0.4017,0.4235,0.0
100000008070101100,terminal,0.7,2,0.2393,"Получил 100 тыс ₸ от 1 плательщика, исходящих нет (исходящие наблюдаемы)",875,,,3,False,1,0,100000.0,0.0,1,0,0.0,False,0.0,0,2,112.42618,0.001124,1,0.000293,0.0,0.0,,1,0,0,0,False,0.42,0.1395,0.1308,0.1237,0.0
100000000190228100,peripheral,0.809,6,0.2388,"Получил 5 тыс ₸ от 1 плательщика, отдал 29 тыс ₸ 1 получ., пропуск 571%; пороги ролей не достигнуты",876,,,2,False,1,1,5000.0,28560.0,1,1,5.712,False,1.0,0,3,2390.844394,0.083713,0,0.000582,2.2e-05,0.0,,1,0,0,0,False,0.0809,0.2211,0.0,0.8652,0.0
100000003843844100,peripheral,0.625,13,0.2388,"Получил 17 тыс ₸ от 1 плательщика, отдал 238 тыс ₸ 1 получ., пропуск 1427%; пороги ролей не достигнуты",877,,,3,False,1,1,16680.0,238000.0,1,1,14.268585,False,1.0,0,3,180.241901,0.000757,1,0.000292,1.9e-05,0.0,9.0,1,0,0,0,False,0.0625,0.2211,0.2945,0.5089,0.0
100000000297649100,peripheral,0.73,17,0.2385,"Получил 40 тыс ₸ от 1 плательщика, отдал 71 тыс ₸ 1 получ., пропуск 176%; пороги ролей не достигнуты",878,,возвратные_циклы,2,False,1,1,40000.0,70600.0,1,2,1.765,False,1.0,0,4,3402.645813,0.048196,1,0.000809,0.0,0.0,8.0,1,1,0,0,False,0.073,0.2789,0.0651,0.4649,0.25
100000003235780100,terminal,0.758,1,0.2381,"Получил 65 тыс ₸ от 2 плательщиков (seed: 1), исходящих нет (исходящие наблюдаемы)",879,,,1,False,2,0,65000.0,0.0,2,0,0.0,False,0.0,1,2,15042.322129,0.23142,2,0.000291,0.0,0.0,,1,0,0,0,False,0.4548,0.178,0.0495,0.1045,0.0
100000002575080100,peripheral,0.877,3,0.2377,"Получил 13 тыс ₸ от 1 плательщика, отдал 12 тыс ₸ 1 получ., пропуск 96%; пороги ролей не достигнуты",880,,,3,False,1,1,13000.0,12500.0,1,1,0.961538,False,1.0,0,3,291.992863,0.022461,0,0.000552,2e-05,0.961538,0.0,1,0,0,0,False,0.0877,0.2211,0.0,0.8452,0.0
100000008599354100,peripheral,0.65,1,0.2377,"Получил 177 тыс ₸ от 1 плательщика, отдал 38 тыс ₸ 1 получ., пропуск 22%; пороги ролей не достигнуты",881,,,3,False,1,1,177000.0,38200.0,1,2,0.215819,False,1.0,0,2,2147.084026,0.01213,1,0.000332,4e-06,0.0,10.0,1,0,0,0,False,0.065,0.1395,0.2386,0.6815,0.0
100000005413948100,peripheral,0.7,2,0.2368,"Получил 28 тыс ₸ от 2 плательщиков, отдал 5 тыс ₸ 1 получ., пропуск 18%; пороги ролей не достигнуты",882,,возвратные_циклы,2,False,2,1,28215.0,5000.0,2,1,0.177211,False,1.0,0,1,1762.976817,0.062484,0,0.001852,2.2e-05,0.0,10.0,1,1,0,0,False,0.07,0.0,0.0,0.9204,0.25
100000005175148100,peripheral,0.7,3,0.2367,"Получил 79 тыс ₸ от 2 плательщиков, отдал 15 тыс ₸ 1 получ., пропуск 19%; пороги ролей не достигнуты",883,,возвратные_циклы,2,False,2,1,79000.0,15000.0,4,1,0.189873,False,1.0,0,3,15121.486806,0.191411,1,0.000718,0.0,0.189873,1.0,1,2,0,0,False,0.07,0.2601,0.0863,0.4577,0.25
100000005272139100,terminal,0.457,3,0.2367,"4-е колено, исходящие не выгружены; модель: P(сток)=0.63; получил 165 тыс ₸ от 1 плательщика",884,,обрыв_4_колена,4,False,1,0,165000.0,0.0,1,0,0.0,True,0.370312,0,1,3188.842654,0.019326,0,0.000756,0.0,0.0,,1,0,0,0,False,0.2742,0.0,0.2253,0.4609,0.0
100000003497735100,terminal,0.711,18,0.2364,"Получил 125 тыс ₸ от 1 плательщика, исходящих нет (исходящие наблюдаемы)",885,,,3,False,1,0,125000.0,0.0,1,0,0.0,False,0.0,0,1,927.272025,0.007418,1,0.000307,0.0,0.0,,1,0,0,0,False,0.4266,0.0,0.1729,0.2246,0.0
100000008699083100,terminal,0.576,2,0.2363,"4-е колено, исходящие не выгружены; модель: P(сток)=0.78; получил 238 тыс ₸ от 1 плательщика",886,,обрыв_4_колена,4,False,1,0,238500.0,0.0,1,0,0.0,True,0.224726,0,1,0.961407,4e-06,1,0.000306,0.0,0.0,,1,0,0,0,False,0.3456,0.0,0.2949,0.2231,0.0
100000002540623100,terminal,0.7,15,0.2362,"Получил 100 тыс ₸ от 1 плательщика, исходящих нет (исходящие наблюдаемы)",887,,,2,False,1,0,100000.0,0.0,1,0,0.0,False,0.0,0,1,2331.451922,0.023315,1,0.000333,0.0,0.0,,1,0,0,0,False,0.42,0.0,0.1308,0.2927,0.0
100000001074553100,terminal,0.758,6,0.2358,"Получил 29 тыс ₸ от 2 плательщиков (seed: 2), исходящих нет (исходящие наблюдаемы)",888,,,1,False,2,0,28971.0,0.0,2,0,0.0,False,0.0,2,2,28971.0,1.0,2,0.000289,0.0,0.0,,1,0,0,0,False,0.4548,0.2399,0.0,0.0754,0.0
100000003823811100,peripheral,0.709,16,0.2358,"Получил 30 тыс ₸ от 1 плательщика, отдал 66 тыс ₸ 3 получ., пропуск 220%; пороги ролей не достигнуты",889,,,2,False,1,3,30000.0,66130.0,1,3,2.204333,False,1.0,0,3,10602.920223,0.160334,0,0.000357,0.000125,0.0,,1,0,0,0,False,0.0709,0.2266,0.0528,0.7907,0.0
100000002884708100,peripheral,0.382,2,0.2353,4-е колено (обход оборван): 2 поступл. на 1.2 млн ₸ от 1 плательщика; P(передаёт дальше)=0.47 — порогов ролей не достигает,890,,обрыв_4_колена,4,False,1,0,1171644.0,0.0,2,0,0.0,True,0.472033,0,1,102.530775,8.8e-05,0,0.000563,0.0,0.0,,1,0,0,0,False,0.0382,0.0,0.5953,0.4317,0.0
100000004005964100,peripheral,0.583,24,0.235,"Получил 98 тыс ₸ от 3 плательщиков, отдал 72 тыс ₸ 3 получ., пропуск 74%; пороги ролей не достигнуты",891,,возвратные_циклы,1,False,3,3,97900.0,72000.0,9,5,0.735444,False,1.0,1,1,13422.285208,0.137102,1,0.000405,0.0,0.153218,5.0,1,9,0,0,False,0.0583,0.0278,0.1268,0.7278,0.25
100000008333492100,terminal,0.469,2,0.235,"4-е колено, исходящие не выгружены; модель: P(сток)=0.64; получил 216 тыс ₸ от 1 плательщика",892,,обрыв_4_колена,4,False,1,0,216400.0,0.0,1,0,0.0,True,0.36496,0,1,16.484841,7.6e-05,0,0.000438,0.0,0.0,,1,0,0,0,False,0.2814,0.0,0.2765,0.3692,0.0
100000004552204100,peripheral,0.78,8,0.2346,"Получил 22 тыс ₸ от 1 плательщика, отдал 10 тыс ₸ 2 получ., пропуск 44%; пороги ролей не достигнуты",893,,возвратные_циклы,3,False,1,2,22500.0,10000.0,2,2,0.444444,False,1.0,0,1,3350.330909,0.148904,0,0.000865,2e-05,0.0,8.0,1,1,0,0,False,0.078,0.0,0.0,0.8921,0.25
100000007689942100,peripheral,0.78,18,0.2345,"Получил 5 тыс ₸ от 1 плательщика, отдал 25 тыс ₸ 2 получ., пропуск 500%; пороги ролей не достигнуты",894,,возвратные_циклы,3,False,1,2,5000.0,25000.0,1,2,5.0,False,1.0,0,1,105.783772,0.004231,1,0.000893,2e-05,0.0,,1,1,0,0,False,0.078,0.0,0.0,0.8917,0.25
100000006100920100,terminal,0.7,1,0.2344,"Получил 100 тыс ₸ от 1 плательщика, исходящих нет (исходящие наблюдаемы)",895,,,3,False,1,0,100000.0,0.0,1,0,0.0,False,0.0,0,1,78.284295,0.000783,1,0.000327,0.0,0.0,,1,0,0,0,False,0.42,0.0,0.1308,0.2825,0.0
100000002529877100,terminal,0.575,2,0.2343,"4-е колено, исходящие не выгружены; модель: P(сток)=0.77; получил 232 тыс ₸ от 1 плательщика",896,,обрыв_4_колена,4,False,1,0,232000.0,0.0,1,0,0.0,True,0.225427,0,1,0.935205,4e-06,1,0.000306,0.0,0.0,,1,0,0,0,False,0.345,0.0,0.2897,0.2206,0.0
100000008293431100,peripheral,0.605,10,0.234,"Получил 15 тыс ₸ от 1 плательщика, отдал 297 тыс ₸ 5 получ., пропуск 1980%; пороги ролей не достигнуты",897,,возвратные_циклы,3,False,1,5,15000.0,297000.0,1,7,19.8,False,1.0,0,1,72.749409,0.000245,2,0.000287,5.7e-05,0.0,,1,1,0,0,False,0.0605,0.0,0.3363,0.4758,0.25
100000003112578100,terminal,0.701,11,0.2339,"Получил 101 тыс ₸ от 1 плательщика, исходящих нет (исходящие наблюдаемы)",898,,,3,False,1,0,101080.0,0.0,1,0,0.0,False,0.0,0,2,32.420837,0.000321,1,0.00029,0.0,0.0,,1,0,0,0,False,0.4206,0.1395,0.1329,0.0903,0.0
100000001164648100,terminal,0.758,32,0.2334,"Получил 14 тыс ₸ от 2 плательщиков (seed: 1), исходящих нет (исходящие наблюдаемы); к узлу ведут цепочки переводов от 3 seed",899,,,1,False,2,0,13660.0,0.0,2,0,0.0,False,0.0,1,3,6400.351275,0.468547,2,0.00029,0.0,0.0,,1,0,0,0,False,0.4548,0.2211,0.0,0.0874,0.0
100000006852430100,peripheral,0.786,7,0.2332,Получил 37 тыс ₸ от 1 плательщика; пороги ролей не достигнуты,900,,,2,False,1,0,37000.0,0.0,1,0,0.0,False,0.0,0,8,37000.0,1.0,0,0.000536,0.0,0.0,,1,0,0,0,False,0.0786,0.5419,0.0,0.411,0.0
100000001726614100,terminal,0.716,10,0.2331,"Получил 139 тыс ₸ от 1 плательщика, исходящих нет (исходящие наблюдаемы)",901,,,3,False,1,0,138717.0,0.0,1,0,0.0,False,0.0,0,1,672.771985,0.00485,1,0.000298,0.0,0.0,,1,0,0,0,False,0.4296,0.0,0.1926,0.1739,0.0
100000002671326100,peripheral,0.387,13,0.2331,4-е колено (обход оборван): 2 поступл. на 1.1 млн ₸ от 1 плательщика; P(передаёт дальше)=0.45 — порогов ролей не достигает,902,,обрыв_4_колена,4,False,1,0,1050000.0,0.0,2,0,0.0,True,0.453444,0,1,1023.682812,0.000975,0,0.000629,0.0,0.0,,1,0,0,0,False,0.0387,0.0,0.5746,0.4466,0.0
100000007322059100,peripheral,0.7,8,0.2329,"Получил 29 тыс ₸ от 2 плательщиков, отдал 22 тыс ₸ 1 получ., пропуск 78%; пороги ролей не достигнуты",903,,возвратные_циклы,2,False,2,1,29000.0,22500.0,2,2,0.775862,False,1.0,0,1,4318.204283,0.148904,0,0.00068,4e-05,0.534483,0.0,1,1,0,0,False,0.07,0.0,0.0,0.899,0.25
100000008136608100,terminal,0.456,15,0.2327,"4-е колено, исходящие не выгружены; модель: P(сток)=0.63; получил 170 тыс ₸ от 1 плательщика",904,,обрыв_4_колена,4,False,1,0,170000.0,0.0,1,0,0.0,True,0.372106,0,1,870.710503,0.005122,0,0.000564,0.0,0.0,,1,0,0,0,False,0.2736,0.0,0.231,0.4324,0.0
100000000817146100,peripheral,0.731,3,0.2325,Получил 70 тыс ₸ от 1 плательщика; пороги ролей не достигнуты,905,,,1,False,1,0,70020.0,0.0,1,0,0.0,False,0.0,1,4,70020.0,1.0,0,0.000589,0.0,0.0,,1,0,0,0,False,0.0731,0.4626,0.0636,0.4388,0.0
100000005037490100,peripheral,0.78,13,0.2318,"Получил 15 тыс ₸ от 1 плательщика, отдал 30 тыс ₸ 2 получ., пропуск 200%; пороги ролей не достигнуты",906,,возвратные_циклы,3,False,1,2,15000.0,30000.0,1,3,2.0,False,1.0,0,2,119.869238,0.003996,0,0.000323,1.9e-05,0.933333,0.0,1,1,0,0,False,0.078,0.1395,0.0,0.6911,0.25
100000005911352100,peripheral,0.7,41,0.2314,"Получил 15 тыс ₸ от 2 плательщиков, отдал 24 тыс ₸ 3 получ., пропуск 160%; пороги ролей не достигнуты",907,,возвратные_циклы,2,False,2,3,15000.0,24000.0,2,3,1.6,False,1.0,0,1,5228.163671,0.21784,0,0.000552,9.7e-05,0.0,8.0,1,1,0,0,False,0.07,0.0,0.0,0.8908,0.25
100000001275752100,terminal,0.721,2,0.2308,"Получил 152 тыс ₸ от 1 плательщика, исходящих нет (исходящие наблюдаемы)",908,,,3,False,1,0,151500.0,0.0,1,0,0.0,False,0.0,0,1,191.002365,0.001261,1,0.000293,0.0,0.0,,1,0,0,0,False,0.4326,0.0,0.2092,0.1332,0.0
100000002914245100,terminal,0.717,9,0.2308,"Получил 141 тыс ₸ от 1 плательщика, исходящих нет (исходящие наблюдаемы)",909,,,3,False,1,0,140611.0,0.0,1,0,0.0,False,0.0,0,1,303.255615,0.002157,1,0.000296,0.0,0.0,,1,0,0,0,False,0.4302,0.0,0.1952,0.1566,0.0
100000004591973100,peripheral,0.7,17,0.2308,"Получил 10 тыс ₸ от 1 плательщика, отдал 100 тыс ₸ 1 получ., пропуск 1000%; пороги ролей не достигнуты",910,,,3,False,1,1,10000.0,100000.0,1,1,10.0,False,1.0,0,2,5554.395798,0.055544,0,0.000399,2e-05,0.0,,1,0,0,0,False,0.07,0.1395,0.1308,0.7767,0.0
100000003985389100,peripheral,0.289,9,0.2304,4-е колено (обход оборван): 16 поступл. на 423 тыс ₸ от 1 плательщика; P(передаёт дальше)=0.99 — порогов ролей не достигает,911,,обрыв_4_колена,4,False,1,0,422698.0,0.0,16,0,0.0,True,0.993552,0,3,154.84624,0.000366,0,0.00049,0.0,0.0,,1,0,0,0,False,0.0289,0.2211,0.4029,0.385,0.0
100000003025903100,peripheral,0.346,9,0.2301,4-е колено (обход оборван): 6 поступл. на 386 тыс ₸ от 1 плательщика; P(передаёт дальше)=0.81 — порогов ролей не достигает,912,,обрыв_4_колена,4,False,1,0,386300.0,0.0,6,0,0.0,True,0.811711,0,3,567.872499,0.00147,0,0.000526,0.0,0.0,,1,0,0,0,False,0.0346,0.2211,0.3859,0.3948,0.0
100000006595426100,terminal,0.7,1,0.2291,"Получил 85 тыс ₸ от 1 плательщика, исходящих нет (исходящие наблюдаемы)",913,,,2,False,1,0,84800.0,0.0,3,0,0.0,False,0.0,0,1,1992.949471,0.023502,1,0.000334,0.0,0.0,,1,0,0,0,False,0.42,0.0,0.0997,0.2947,0.0
100000000764836100,peripheral,0.62,1,0.2286,"Получил 252 тыс ₸ от 1 плательщика, отдал 50 тыс ₸ 2 получ., пропуск 20%; пороги ролей не достигнуты",914,,,3,False,1,2,251716.0,50000.0,1,2,0.198637,False,1.0,0,1,1674.289908,0.006652,1,0.000337,3.8e-05,0.099318,0.0,1,0,0,0,False,0.062,0.0,0.3051,0.7344,0.0
100000007953156100,peripheral,0.849,16,0.2286,"Получил 18 тыс ₸ от 1 плательщика, отдал 10 тыс ₸ 1 получ., пропуск 56%; пороги ролей не достигнуты",915,,,2,False,1,1,18000.0,10000.0,1,1,0.555556,False,1.0,0,3,7087.069429,0.393726,1,0.000478,2e-05,0.0,11.0,1,0,0,0,False,0.0849,0.2211,0.0,0.8003,0.0
100000008336318100,terminal,0.561,2,0.2284,"4-е колено, исходящие не выгружены; модель: P(сток)=0.77; получил 170 тыс ₸ от 1 плательщика",916,,обрыв_4_колена,4,False,1,0,170000.0,0.0,1,0,0.0,True,0.228359,0,1,0.879311,5e-06,1,0.000327,0.0,0.0,,1,0,0,0,False,0.3366,0.0,0.231,0.2827,0.0
100000003068941100,peripheral,0.583,1,0.228,"Получил 94 тыс ₸ от 3 плательщиков, отдал 25 тыс ₸ 1 получ., пропуск 27%; пороги ролей не достигнуты",917,,,2,False,3,1,94000.0,25000.0,3,2,0.265957,False,1.0,0,3,7327.214164,0.077949,2,0.00032,2e-05,0.117021,4.0,1,0,0,0,False,0.0583,0.2211,0.1191,0.6915,0.0
100000004292885100,terminal,0.706,19,0.228,"Получил 113 тыс ₸ от 1 плательщика, исходящих нет (исходящие наблюдаемы)",918,,,3,False,1,0,112700.0,0.0,1,0,0.0,False,0.0,0,1,74.890016,0.000665,1,0.000303,0.0,0.0,,1,0,0,0,False,0.4236,0.0,0.1534,0.2097,0.0
100000001822650100,terminal,0.542,2,0.2277,"4-е колено, исходящие не выгружены; модель: P(сток)=0.77; получил 112 тыс ₸ от 1 плательщика",919,,обрыв_4_колена,4,False,1,0,112000.0,0.0,1,0,0.0,True,0.231734,0,2,16.476052,0.000147,1,0.000306,0.0,0.0,,1,0,0,0,False,0.3252,0.1395,0.1522,0.2209,0.0
100000005394708100,peripheral,0.737,7,0.2275,"Получил 26 тыс ₸ от 1 плательщика, отдал 65 тыс ₸ 1 получ., пропуск 250%; пороги ролей не достигнуты",920,,быстрый_транзит,1,False,1,1,26000.0,65000.0,1,1,2.5,False,1.0,1,1,26000.0,0.4,0,0.000345,0.0,1.0,1.0,1,0,0,0,False,0.0737,0.0902,0.0495,0.675,0.25
100000008737958100,terminal,0.758,12,0.2274,"Получил 53 тыс ₸ от 2 плательщиков (seed: 1), исходящих нет (исходящие наблюдаемы)",921,,,1,False,2,0,53373.0,0.0,2,0,0.0,False,0.0,1,1,31751.070228,0.59489,2,0.0003,0.0,0.0,,1,0,0,0,False,0.4548,0.109,0.0123,0.1871,0.0
100000005620225100,terminal,0.758,1,0.2273,"Получил 50 тыс ₸ от 2 плательщиков (seed: 1), исходящих нет (исходящие наблюдаемы)",922,,,1,False,2,0,49845.66,0.0,2,0,0.0,False,0.0,1,1,43927.636513,0.881273,2,0.000296,0.0,0.0,,1,0,0,0,False,0.4548,0.1397,0.0,0.1619,0.0
100000005317181100,peripheral,0.67,1,0.2266,"Получил 141 тыс ₸ от 1 плательщика, отдал 14 тыс ₸ 1 получ., пропуск 10%; пороги ролей не достигнуты",923,,,3,False,1,1,141250.0,14500.0,1,1,0.102655,False,1.0,0,2,1713.421574,0.01213,1,0.000322,1.9e-05,0.0,,1,0,0,0,False,0.067,0.1395,0.196,0.6728,0.0
100000005572303100,peripheral,0.725,3,0.2261,"Получил 75 тыс ₸ от 1 плательщика, отдал 20 тыс ₸ 1 получ., пропуск 27%; пороги ролей не достигнуты",924,,,2,False,1,1,75000.0,20000.0,1,1,0.266667,False,1.0,0,3,11958.159953,0.159442,0,0.000313,3.8e-05,0.0,,1,0,0,0,False,0.0725,0.2379,0.0765,0.6868,0.0
100000004407753100,peripheral,0.62,22,0.2258,"Получил 250 тыс ₸ от 1 плательщика, отдал 100 тыс ₸ 1 получ., пропуск 40%; пороги ролей не достигнуты",925,,возвратные_циклы,3,False,1,1,250000.0,100000.0,4,1,0.4,False,1.0,0,1,2760.200671,0.011041,0,0.000879,0.0,0.4,1.0,1,1,0,0,False,0.062,0.0,0.3038,0.4704,0.25
100000003148220100,peripheral,0.773,45,0.2254,"Получил 6 тыс ₸ от 1 плательщика, отдал 43 тыс ₸ 2 получ., пропуск 768%; пороги ролей не достигнуты",926,,возвратные_циклы,1,False,1,2,5650.0,43400.0,1,4,7.681416,False,1.0,1,1,5650.0,0.130184,0,0.000918,0.0,1.0,2.0,1,1,0,0,False,0.0773,0.0,0.0,0.8427,0.25
100000005264874100,peripheral,0.722,38,0.2251,"Получил 30 тыс ₸ от 1 плательщика, отдал 78 тыс ₸ 2 получ., пропуск 260%; пороги ролей не достигнуты",927,,возвратные_циклы,3,False,1,2,30000.0,78000.0,1,3,2.6,False,1.0,0,1,7578.034682,0.097154,0,0.000428,1e-06,0.0,,1,1,0,0,False,0.0722,0.0,0.0839,0.7393,0.25
100000002550141100,terminal,0.7,9,0.2249,"Получил 101 тыс ₸ от 1 плательщика, исходящих нет (исходящие наблюдаемы)",928,,,3,False,1,0,100586.0,0.0,1,0,0.0,False,0.0,0,1,168.102013,0.001671,1,0.000308,0.0,0.0,,1,0,0,0,False,0.42,0.0,0.1319,0.2289,0.0
100000003873332100,peripheral,0.609,18,0.2246,"Получил 23 тыс ₸ от 1 плательщика, отдал 286 тыс ₸ 4 получ., пропуск 1219%; пороги ролей не достигнуты",929,,,1,False,1,4,23468.0,286000.0,1,8,12.186808,False,1.0,1,1,23468.0,0.082056,2,0.00029,0.000894,0.0,3.0,1,0,0,0,False,0.0609,0.0805,0.3292,0.575,0.0
100000005342513100,peripheral,0.626,12,0.2246,"Получил 235 тыс ₸ от 1 плательщика, отдал 30 тыс ₸ 1 получ., пропуск 13%; пороги ролей не достигнуты",930,,возвратные_циклы,3,False,1,1,235000.0,30000.0,2,1,0.12766,False,1.0,0,1,320.497088,0.001364,0,0.001082,0.0,0.12766,0.0,1,1,0,0,False,0.0626,0.0,0.2921,0.478,0.25
100000004500444100,peripheral,0.649,16,0.2243,"Получил 180 тыс ₸ от 2 плательщиков, отдал 74 тыс ₸ 1 получ., пропуск 41%; пороги ролей не достигнуты",931,,,3,False,2,1,180000.0,74000.0,7,5,0.411111,False,1.0,0,1,199.021101,0.001106,1,0.000464,1.9e-05,0.133333,5.0,1,0,0,2,False,0.0649,0.0,0.2418,0.7894,0.0
100000003718715100,peripheral,0.359,13,0.2239,4-е колено (обход оборван): 3 поступл. на 915 тыс ₸ от 1 плательщика; P(передаёт дальше)=0.58 — порогов ролей не достигает,932,,обрыв_4_колена,4,False,1,0,915000.0,0.0,3,0,0.0,True,0.584887,0,1,175.808216,0.000192,0,0.000576,0.0,0.0,,1,0,0,0,False,0.0359,0.0,0.5486,0.4355,0.0
100000008560263100,terminal,0.434,4,0.2239,"4-е колено, исходящие не выгружены; модель: P(сток)=0.62; получил 100 тыс ₸ от 1 плательщика; к узлу ведут цепочки переводов от 3 seed",933,,обрыв_4_колена,4,False,1,0,100000.0,0.0,1,0,0.0,True,0.380584,0,3,55.915876,0.000559,0,0.000313,0.0,0.0,,1,0,0,0,False,0.2604,0.2211,0.1308,0.2491,0.0
100000003292191100,terminal,0.706,2,0.2236,"Получил 112 тыс ₸ от 1 плательщика, исходящих нет (исходящие наблюдаемы)",934,,,3,False,1,0,112000.0,0.0,1,0,0.0,False,0.0,0,1,26.071713,0.000233,1,0.0003,0.0,0.0,,1,0,0,0,False,0.4236,0.0,0.1522,0.1873,0.0
100000004035925100,peripheral,0.395,3,0.223,4-е колено (обход оборван): 2 поступл. на 1.1 млн ₸ от 1 плательщика; P(передаёт дальше)=0.42 — порогов ролей не достигает,935,,обрыв_4_колена,4,False,1,0,1111588.0,0.0,2,0,0.0,True,0.41831,0,1,141.420013,0.000127,0,0.000462,0.0,0.0,,1,0,0,0,False,0.0395,0.0,0.5854,0.3748,0.0
100000001330595100,peripheral,0.583,24,0.2225,"Получил 87 тыс ₸ от 3 плательщиков, отдал 154 тыс ₸ 1 получ., пропуск 177%; пороги ролей не достигнуты",936,,,2,False,3,1,87000.0,154000.0,6,1,1.770115,False,1.0,0,1,744.068569,0.004832,1,0.000676,1e-06,0.0,11.0,2,0,0,0,False,0.0583,0.0,0.2123,0.8316,0.0
100000001066017100,peripheral,0.659,1,0.2221,"Получил 136 тыс ₸ от 2 плательщиков, отдал 82 тыс ₸ 4 получ., пропуск 61%; пороги ролей не достигнуты",937,,,3,False,2,4,136123.0,82500.0,3,4,0.60607,False,1.0,0,2,556.683283,0.00409,2,0.000301,7.7e-05,0.024808,4.0,1,0,0,0,False,0.0659,0.1395,0.189,0.6595,0.0
100000004315838100,peripheral,0.7,5,0.2219,"Получил 50 тыс ₸ от 2 плательщиков, отдал 18 тыс ₸ 1 получ., пропуск 36%; пороги ролей не достигнуты",938,,,1,False,2,1,50000.0,18000.0,2,1,0.36,False,1.0,1,5,25029.884051,0.500598,2,0.000291,2.4e-05,0.0,,1,0,0,0,False,0.07,0.4104,0.0,0.5409,0.0
100000005454368100,terminal,0.758,13,0.2219,"Получил 49 тыс ₸ от 2 плательщиков, исходящих нет (исходящие наблюдаемы)",939,,seed,0,True,2,0,48600.0,0.0,2,0,0.0,False,0.0,0,2,1608.187162,1.0,0,0.000394,0.0,0.0,,1,0,0,0,False,0.4548,0.1395,0.0,0.349,0.0
100000008104567100,peripheral,0.583,16,0.2219,"Получил 54 тыс ₸ от 3 плательщиков, отдал 40 тыс ₸ 3 получ., пропуск 75%; пороги ролей не достигнуты",940,,,2,False,3,3,53550.0,40000.0,3,4,0.746965,False,1.0,0,2,7722.987693,0.14422,4,0.000538,0.002026,0.084034,6.0,1,0,0,1,False,0.0583,0.1395,0.0129,0.9081,0.0
100000002954780100,terminal,0.714,2,0.2215,"Получил 133 тыс ₸ от 1 плательщика, исходящих нет (исходящие наблюдаемы)",941,,,3,False,1,0,133400.0,0.0,1,0,0.0,False,0.0,0,1,168.182941,0.001261,1,0.000292,0.0,0.0,,1,0,0,0,False,0.4284,0.0,0.1852,0.1219,0.0
100000001110358100,terminal,0.758,1,0.2211,"Получил 32 тыс ₸ от 2 плательщиков, исходящих нет (исходящие наблюдаемы)",942,,,3,False,2,0,32000.0,0.0,2,0,0.0,False,0.0,0,2,301.129061,0.00941,2,0.000293,0.0,0.0,,2,0,0,0,False,0.4548,0.1395,0.0,0.1281,0.0
100000005897462100,peripheral,0.701,7,0.2211,Получил 98 тыс ₸ от 1 плательщика; пороги ролей не достигнуты,943,,,1,False,1,0,98400.0,0.0,1,0,0.0,False,0.0,1,5,98400.0,1.0,1,0.0003,0.0,0.0,,1,0,0,0,False,0.0701,0.5396,0.1278,0.1935,0.0
100000008469048100,peripheral,0.364,10,0.2211,4-е колено (обход оборван): 7 поступл. на 265 тыс ₸ от 1 плательщика; P(передаёт дальше)=0.82 — порогов ролей не достигает,944,,обрыв_4_колена,4,False,1,0,265200.0,0.0,7,0,0.0,True,0.818276,0,3,1506.979177,0.005682,1,0.000579,0.0,0.0,,1,0,0,0,False,0.0364,0.2211,0.3149,0.4362,0.0
100000003230329100,terminal,0.54,2,0.221,"4-е колено, исходящие не выгружены; модель: P(сток)=0.77; получил 110 тыс ₸ от 1 плательщика",945,,обрыв_4_колена,4,False,1,0,110000.0,0.0,1,0,0.0,True,0.233565,0,2,72.860642,0.000662,1,0.0003,0.0,0.0,,1,0,0,0,False,0.324,0.1395,0.1488,0.1904,0.0
100000000979923100,peripheral,0.702,7,0.2208,Получил 98 тыс ₸ от 1 плательщика; пороги ролей не достигнуты,946,,,1,False,1,0,97900.0,0.0,1,0,0.0,False,0.0,1,5,97900.0,1.0,1,0.0003,0.0,0.0,,1,0,0,0,False,0.0702,0.5391,0.1268,0.1933,0.0
100000001299323100,terminal,0.541,2,0.2206,"4-е колено, исходящие не выгружены; модель: P(сток)=0.77; получил 109 тыс ₸ от 1 плательщика",947,,обрыв_4_колена,4,False,1,0,109000.0,0.0,1,0,0.0,True,0.232446,0,2,72.198272,0.000662,1,0.0003,0.0,0.0,,1,0,0,0,False,0.3246,0.1395,0.1471,0.1893,0.0
100000007865484100,peripheral,0.427,35,0.2204,4-е колено (обход оборван): 2 поступл. на 585 тыс ₸ от 1 плательщика; P(передаёт дальше)=0.44 — порогов ролей не достигает,948,,обрыв_4_колена,4,False,1,0,584600.0,0.0,2,0,0.0,True,0.438887,0,2,2.694157,5e-06,0,0.000366,0.0,0.0,,1,0,0,0,False,0.0427,0.1395,0.4641,0.3294,0.0
100000000803368100,terminal,0.449,16,0.2203,"4-е колено, исходящие не выгружены; модель: P(сток)=0.63; получил 140 тыс ₸ от 1 плательщика",949,,обрыв_4_колена,4,False,1,0,139503.0,0.0,1,0,0.0,True,0.373999,0,1,154.24467,0.001106,0,0.000548,0.0,0.0,,1,0,0,0,False,0.2694,0.0,0.1937,0.4219,0.0
100000002812641100,peripheral,0.9,6,0.2202,"Получил 10 тыс ₸ от 1 плательщика, отдал 7 тыс ₸ 1 получ., пропуск 70%; пороги ролей не достигнуты",950,,возвратные_циклы,2,False,1,1,10000.0,7023.95,1,1,0.702395,False,1.0,0,3,7274.860214,0.727486,1,0.002064,0.0,0.702395,1.0,1,1,0,0,False,0.09,0.2211,0.0,0.494,0.25
100000005053653100,peripheral,0.7,13,0.22,"Получил 63 тыс ₸ от 2 плательщиков, отдал 25 тыс ₸ 1 получ., пропуск 40%; пороги ролей не достигнуты",951,,,2,False,2,1,63073.0,25000.0,2,1,0.396366,False,1.0,0,4,1503.860735,0.023843,2,0.000314,1.9e-05,0.0,,1,0,0,0,False,0.07,0.2789,0.0438,0.6472,0.0
100000005375968100,peripheral,0.654,1,0.2194,"Получил 170 тыс ₸ от 1 плательщика, отдал 86 тыс ₸ 2 получ., пропуск 51%; пороги ролей не достигнуты",952,,,3,False,1,2,170082.0,86000.0,1,4,0.505638,False,1.0,0,2,143.964647,0.000846,1,0.000295,3.8e-05,0.176386,0.0,1,0,0,0,False,0.0654,0.1395,0.2311,0.5894,0.0
100000007653003100,terminal,0.7,14,0.2194,"Получил 100 тыс ₸ от 1 плательщика, исходящих нет (исходящие наблюдаемы)",953,,,3,False,1,0,100000.0,0.0,1,0,0.0,False,0.0,0,1,245.882693,0.002459,1,0.000301,0.0,0.0,,1,0,0,0,False,0.42,0.0,0.1308,0.2,0.0
100000008579978100,peripheral,0.723,4,0.2193,"Получил 34 тыс ₸ от 1 плательщика, отдал 77 тыс ₸ 1 получ., пропуск 226%; пороги ролей не достигнуты",954,,быстрый_транзит,3,False,1,1,34000.0,77000.0,1,6,2.264706,False,1.0,0,3,40.642309,0.000528,1,0.000287,1.9e-05,0.794118,1.0,1,0,0,2,False,0.0723,0.2211,0.0815,0.4157,0.25
100000008598972100,terminal,0.709,9,0.2192,"Получил 120 тыс ₸ от 1 плательщика, исходящих нет (исходящие наблюдаемы)",955,,,3,False,1,0,120000.0,0.0,1,0,0.0,False,0.0,0,1,258.80389,0.002157,1,0.000294,0.0,0.0,,1,0,0,0,False,0.4254,0.0,0.1652,0.1421,0.0
100000001287955100,peripheral,0.602,11,0.2184,"Получил 18 тыс ₸ от 1 плательщика, отдал 310 тыс ₸ 4 получ., пропуск 1769%; пороги ролей не достигнуты",956,,,2,False,1,4,17520.0,310000.0,1,5,17.694064,False,1.0,0,1,408.470377,0.001318,4,0.000294,0.00068,1.0,1.0,1,0,0,0,False,0.0602,0.0,0.3444,0.6292,0.0
100000006638021100,peripheral,0.436,2,0.2182,4-е колено (обход оборван): 2 поступл. на 388 тыс ₸ от 2 плательщиков; P(передаёт дальше)=0.50 — порогов ролей не достигает,957,,обрыв_4_колена,4,False,2,0,388500.0,0.0,2,0,0.0,True,0.502514,0,2,117.488866,0.000302,0,0.000544,0.0,0.0,,2,0,0,0,False,0.0436,0.1395,0.387,0.4186,0.0
100000004671609100,terminal,0.7,2,0.218,"Получил 100 тыс ₸ от 1 плательщика, исходящих нет (исходящие наблюдаемы)",958,,,3,False,1,0,100000.0,0.0,1,0,0.0,False,0.0,0,1,357.367613,0.003574,1,0.0003,0.0,0.0,,1,0,0,0,False,0.42,0.0,0.1308,0.1917,0.0
100000001063678100,peripheral,0.709,23,0.2178,"Получил 35 тыс ₸ от 1 плательщика, отдал 90 тыс ₸ 2 получ., пропуск 257%; пороги ролей не достигнуты",959,,,3,False,1,2,35000.0,90000.0,1,2,2.571429,False,1.0,0,2,1696.591852,0.018851,0,0.000328,4e-05,0.571429,2.0,1,0,0,0,False,0.0709,0.1395,0.1109,0.7295,0.0
100000008172721100,terminal,0.458,1,0.2178,"4-е колено, исходящие не выгружены; модель: P(сток)=0.63; получил 168 тыс ₸ от 1 плательщика",960,,обрыв_4_колена,4,False,1,0,168335.0,0.0,1,0,0.0,True,0.369864,0,1,152.1381,0.000904,0,0.000395,0.0,0.0,,1,0,0,0,False,0.2748,0.0,0.2291,0.3503,0.0
100000002648315100,peripheral,0.676,6,0.2174,"Получил 132 тыс ₸ от 1 плательщика, отдал 76 тыс ₸ 2 получ., пропуск 58%; пороги ролей не достигнуты",961,,,1,False,1,2,132000.0,76000.0,1,3,0.575758,False,1.0,1,1,132000.0,1.0,1,0.000293,0.0,0.0,6.0,1,0,0,0,False,0.0676,0.2435,0.1832,0.4989,0.0
100000005932987100,terminal,0.7,22,0.2172,"Получил 25 тыс ₸ от 1 плательщика, исходящих нет (исходящие наблюдаемы)",962,,,2,False,1,0,25000.0,0.0,3,0,0.0,False,0.0,0,1,10332.421833,0.413297,0,0.000412,0.0,0.0,,1,0,0,0,False,0.42,0.0031,0.0,0.3581,0.0
100000003074515100,terminal,0.537,2,0.2171,"4-е колено, исходящие не выгружены; модель: P(сток)=0.76; получил 105 тыс ₸ от 1 плательщика",963,,обрыв_4_колена,4,False,1,0,105000.0,0.0,1,0,0.0,True,0.235074,0,2,69.548794,0.000662,1,0.000299,0.0,0.0,,1,0,0,0,False,0.3222,0.1395,0.14,0.1844,0.0
100000003237045100,peripheral,0.594,3,0.2169,"Получил 340 тыс ₸ от 1 плательщика, отдал 150 тыс ₸ 1 получ., пропуск 44%; пороги ролей не достигнуты",964,,возвратные_циклы,2,False,1,1,340200.0,150000.0,2,1,0.440917,False,1.0,0,1,9616.003424,0.028266,0,0.000394,0.0,0.0,,1,1,0,0,False,0.0594,0.0,0.3619,0.3488,0.25
100000001785161100,terminal,0.758,11,0.2167,"Получил 30 тыс ₸ от 2 плательщиков, исходящих нет (исходящие наблюдаемы)",965,,,3,False,2,0,30000.0,0.0,2,0,0.0,False,0.0,0,1,49.500558,0.00165,0,0.000331,0.0,0.0,,1,0,0,0,False,0.4548,0.0,0.0,0.2894,0.0
100000008183752100,terminal,0.451,2,0.2167,"4-е колено, исходящие не выгружены; модель: P(сток)=0.63; получил 140 тыс ₸ от 1 плательщика",966,,обрыв_4_колена,4,False,1,0,140000.0,0.0,1,0,0.0,True,0.371388,0,1,3.491747,2.5e-05,0,0.00053,0.0,0.0,,1,0,0,0,False,0.2706,0.0,0.1943,0.3988,0.0
100000008713270100,peripheral,0.644,8,0.2167,"Получил 30 тыс ₸ от 1 плательщика, отдал 190 тыс ₸ 3 получ., пропуск 633%; пороги ролей не достигнуты",967,,быстрый_транзит,2,False,1,3,30000.0,190000.0,1,3,6.333333,False,1.0,0,1,7200.192005,0.037896,1,0.000291,1e-06,1.0,2.0,1,0,0,0,False,0.0644,0.0,0.252,0.4844,0.25
100000001169666100,peripheral,0.632,15,0.2166,"Получил 220 тыс ₸ от 1 плательщика, отдал 24 тыс ₸ 1 получ., пропуск 11%; пороги ролей не достигнуты",968,,,3,False,1,1,220000.0,24000.0,2,1,0.109091,False,1.0,0,1,177.288119,0.000806,0,0.00032,2.2e-05,0.0,12.0,1,0,0,0,False,0.0632,0.0,0.2796,0.6995,0.0
100000003971049100,terminal,0.7,14,0.2163,"Получил 56 тыс ₸ от 1 плательщика, исходящих нет (исходящие наблюдаемы)",969,,,2,False,1,0,55900.0,0.0,7,0,0.0,False,0.0,0,2,2179.471841,0.038989,1,0.000294,0.0,0.0,,1,0,0,0,False,0.42,0.1395,0.0211,0.143,0.0
100000006165886100,peripheral,0.647,10,0.2162,"Получил 184 тыс ₸ от 2 плательщиков, отдал 75 тыс ₸ 1 получ., пропуск 41%; пороги ролей не достигнуты",970,,,3,False,2,1,184481.0,75000.0,2,1,0.406546,False,1.0,0,2,478.091472,0.002592,2,0.000299,1e-06,0.0,11.0,1,0,0,0,False,0.0647,0.1395,0.2464,0.5523,0.0
100000002659265100,terminal,0.552,2,0.2157,"4-е колено, исходящие не выгружены; модель: P(сток)=0.77; получил 141 тыс ₸ от 1 плательщика",971,,обрыв_4_колена,4,False,1,0,141000.0,0.0,1,0,0.0,True,0.230136,0,1,0.729311,5e-06,1,0.00032,0.0,0.0,,1,0,0,0,False,0.3312,0.0,0.1957,0.2705,0.0
100000002970466100,peripheral,0.706,1,0.2157,"Получил 23 тыс ₸ от 1 плательщика, отдал 93 тыс ₸ 2 получ., пропуск 399%; пороги ролей не достигнуты",972,,быстрый_транзит,3,False,1,2,23317.0,93000.0,1,3,3.988506,False,1.0,0,2,19.736502,0.000212,1,0.000287,3.8e-05,1.0,2.0,1,0,0,0,False,0.0706,0.1395,0.1171,0.4602,0.25
100000003180820100,terminal,0.536,2,0.2143,"4-е колено, исходящие не выгружены; модель: P(сток)=0.76; получил 101 тыс ₸ от 1 плательщика",973,,обрыв_4_колена,4,False,1,0,101000.0,0.0,1,0,0.0,True,0.235298,0,2,66.899316,0.000662,1,0.000299,0.0,0.0,,1,0,0,0,False,0.3216,0.1395,0.1327,0.1797,0.0
100000006445501100,peripheral,0.708,7,0.2143,Получил 91 тыс ₸ от 1 плательщика; пороги ролей не достигнуты,974,,,1,False,1,0,91000.0,0.0,1,0,0.0,False,0.0,1,5,91000.0,1.0,1,0.000299,0.0,0.0,,1,0,0,0,False,0.0708,0.5322,0.113,0.1839,0.0
100000002748180100,peripheral,0.534,11,0.2141,"Получил 10 тыс ₸ от 1 плательщика, отдал 680 тыс ₸ 8 получ., пропуск 6866%; пороги ролей не достигнуты",975,,,1,False,1,8,9900.0,679743.0,1,9,68.660909,False,1.0,1,1,9900.0,0.014564,3,0.000287,9e-06,1.0,0.0,1,0,0,1,False,0.0534,0.0,0.4926,0.421,0.0
100000008376785100,peripheral,0.49,4,0.2141,4-е колено (обход оборван): 2 поступл. на 234 тыс ₸ от 1 плательщика; P(передаёт дальше)=0.44 — порогов ролей не достигает,976,,обрыв_4_колена,4,False,1,0,234250.0,0.0,2,0,0.0,True,0.435162,0,3,139.49875,0.000596,0,0.000532,0.0,0.0,,1,0,0,0,False,0.049,0.2211,0.2915,0.4035,0.0
100000000910216100,peripheral,0.73,1,0.214,"Получил 71 тыс ₸ от 1 плательщика, отдал 52 тыс ₸ 1 получ., пропуск 73%; пороги ролей не достигнуты",977,,,2,False,1,1,71000.0,52010.0,3,1,0.732535,False,1.0,0,2,2766.650002,0.038967,2,0.000323,0.00048,0.0,8.0,1,0,0,0,False,0.073,0.1395,0.0662,0.764,0.0
100000003001564100,peripheral,0.649,3,0.2139,"Получил 24 тыс ₸ от 1 плательщика, отдал 180 тыс ₸ 1 получ., пропуск 765%; пороги ролей не достигнуты",978,,,1,False,1,1,23520.0,180000.0,1,1,7.653061,False,1.0,1,2,23520.0,0.130667,1,0.000288,1.9e-05,0.0,5.0,1,0,0,0,False,0.0649,0.2202,0.2418,0.4382,0.0
100000001246806100,terminal,0.447,2,0.2137,"4-е колено, исходящие не выгружены; модель: P(сток)=0.63; получил 130 тыс ₸ от 1 плательщика",979,,обрыв_4_колена,4,False,1,0,130000.0,0.0,1,0,0.0,True,0.373305,0,1,126.214111,0.000971,0,0.000533,0.0,0.0,,1,0,0,0,False,0.2682,0.0,0.1803,0.4059,0.0
100000000961900100,terminal,0.758,1,0.213,"Получил 36 тыс ₸ от 2 плательщиков (seed: 1), исходящих нет (исходящие наблюдаемы)",980,,,1,False,2,0,36000.0,0.0,3,0,0.0,False,0.0,1,1,27007.045587,0.750196,2,0.000294,0.0,0.0,,1,0,0,0,False,0.4548,0.0938,0.0,0.1441,0.0
100000003246024100,peripheral,0.82,1,0.2127,"Получил 25 тыс ₸ от 1 плательщика, отдал 5 тыс ₸ 1 получ., пропуск 20%; пороги ролей не достигнуты",981,,,2,False,1,1,25000.0,5000.0,1,1,0.2,False,1.0,0,2,2207.108541,0.088284,1,0.000371,0.001612,0.2,0.0,1,0,0,0,False,0.082,0.1395,0.0,0.827,0.0
100000004403641100,terminal,0.561,2,0.2127,"4-е колено, исходящие не выгружены; модель: P(сток)=0.77; получил 172 тыс ₸ от 1 плательщика",982,,обрыв_4_колена,4,False,1,0,171500.0,0.0,1,0,0.0,True,0.22783,0,1,0.691326,4e-06,1,0.000301,0.0,0.0,,1,0,0,0,False,0.3366,0.0,0.2326,0.194,0.0
100000000802149100,terminal,0.702,10,0.2125,"Получил 104 тыс ₸ от 1 плательщика, исходящих нет (исходящие наблюдаемы)",983,,,3,False,1,0,104128.0,0.0,1,0,0.0,False,0.0,0,1,505.016697,0.00485,1,0.000295,0.0,0.0,,1,0,0,0,False,0.4212,0.0,0.1385,0.1488,0.0
100000004193835100,peripheral,0.766,3,0.2116,"Получил 47 тыс ₸ от 1 плательщика, отдал 5 тыс ₸ 1 получ.; пороги ролей не достигнуты; seed: вход занижен",984,,seed,0,True,1,1,47000.0,5000.0,1,1,0.106383,False,1.0,0,3,35339.646702,1.0,1,0.00047,7e-06,0.106383,0.0,1,0,0,0,False,0.0766,0.3402,0.0,0.7711,0.0
100000004586598100,peripheral,0.353,13,0.2115,4-е колено (обход оборван): 4 поступл. на 761 тыс ₸ от 1 плательщика; P(передаёт дальше)=0.65 — порогов ролей не достигает,985,,обрыв_4_колена,4,False,1,0,761255.0,0.0,4,0,0.0,True,0.652342,0,1,39.956413,5.2e-05,0,0.000539,0.0,0.0,,1,0,0,0,False,0.0353,0.0,0.5139,0.4148,0.0
100000002132479100,peripheral,0.805,16,0.2113,"Получил 30 тыс ₸ от 1 плательщика, отдал 20 тыс ₸ 1 получ., пропуск 67%; пороги ролей не достигнуты",986,,возвратные_циклы,2,False,1,1,30000.0,20000.0,2,1,0.666667,False,1.0,0,3,11811.782381,0.393726,1,0.000606,0.0,0.0,7.0,1,1,0,0,False,0.0805,0.2368,0.0,0.4424,0.25
100000006912294100,peripheral,0.78,6,0.2108,"Получил 6 тыс ₸ от 1 плательщика, отдал 30 тыс ₸ 2 получ., пропуск 474%; пороги ролей не достигнуты",987,,возвратные_циклы,2,False,1,2,6335.09,30000.0,1,2,4.735529,False,1.0,0,1,3552.235912,0.118408,0,0.000499,1e-06,0.0,,1,1,0,0,False,0.078,0.0,0.0,0.7605,0.25
100000008730238100,terminal,0.441,2,0.2108,"4-е колено, исходящие не выгружены; модель: P(сток)=0.62; получил 113 тыс ₸ от 1 плательщика",988,,обрыв_4_колена,4,False,1,0,113000.0,0.0,1,0,0.0,True,0.375664,0,1,41.224344,0.000365,0,0.000563,0.0,0.0,,1,0,0,0,False,0.2646,0.0,0.1539,0.4322,0.0
100000005530114100,peripheral,0.673,14,0.2107,"Получил 137 тыс ₸ от 2 плательщиков, отдал 25 тыс ₸ 1 получ., пропуск 18%; пороги ролей не достигнуты",989,,,3,False,2,1,136970.0,25000.0,2,1,0.182522,False,1.0,0,1,197.027986,0.001438,1,0.000495,4e-06,0.182522,2.0,1,0,0,0,False,0.0673,0.0,0.1902,0.7778,0.0
100000007484343100,terminal,0.758,1,0.21,"Получил 27 тыс ₸ от 2 плательщиков, исходящих нет (исходящие наблюдаемы)",990,,,3,False,2,0,26757.0,0.0,2,0,0.0,False,0.0,0,2,136.131207,0.005088,2,0.000289,0.0,0.0,,2,0,0,0,False,0.4548,0.1395,0.0,0.0663,0.0
100000002530224100,terminal,0.706,2,0.2099,"Получил 113 тыс ₸ от 1 плательщика, исходящих нет (исходящие наблюдаемы)",991,,,3,False,1,0,113000.0,0.0,1,0,0.0,False,0.0,0,1,142.46381,0.001261,1,0.000291,0.0,0.0,,1,0,0,0,False,0.4236,0.0,0.1539,0.1092,0.0
100000002659103100,terminal,0.455,34,0.2096,"4-е колено, исходящие не выгружены; модель: P(сток)=0.63; получил 165 тыс ₸ от 1 плательщика",992,,обрыв_4_колена,4,False,1,0,165000.0,0.0,1,0,0.0,True,0.373073,0,1,24.249728,0.000147,0,0.00035,0.0,0.0,,1,0,0,0,False,0.273,0.0,0.2253,0.3134,0.0
100000001632325100,terminal,0.7,19,0.2088,"Получил 86 тыс ₸ от 1 плательщика, исходящих нет (исходящие наблюдаемы)",993,,,3,False,1,0,85600.0,0.0,3,0,0.0,False,0.0,0,1,56.881858,0.000665,1,0.000299,0.0,0.0,,1,0,0,0,False,0.42,0.0,0.1015,0.1799,0.0
100000004580254100,terminal,0.758,14,0.2087,"Получил 28 тыс ₸ от 2 плательщиков, исходящих нет (исходящие наблюдаемы)",994,,,3,False,2,0,27940.0,0.0,2,0,0.0,False,0.0,0,1,115.636285,0.004139,1,0.000312,0.0,0.0,,1,0,0,0,False,0.4548,0.0,0.0,0.2453,0.0
100000003975102100,peripheral,0.711,3,0.2082,"Получил 26 тыс ₸ от 1 плательщика, отдал 88 тыс ₸ 2 получ.; пороги ролей не достигнуты; seed: вход занижен",995,,быстрый_транзит;seed,0,True,1,2,25650.0,88500.0,1,2,3.450292,False,1.0,0,1,25647.640265,1.0,1,0.000345,6e-06,1.0,1.0,1,0,0,0,False,0.0711,0.0889,0.1078,0.7013,0.25
100000008722541100,peripheral,0.416,4,0.2082,4-е колено (обход оборван): 4 поступл. на 280 тыс ₸ от 1 плательщика; P(передаёт дальше)=0.64 — порогов ролей не достигает,996,,обрыв_4_колена,4,False,1,0,280000.0,0.0,4,0,0.0,True,0.637502,0,3,154.288035,0.000551,0,0.000384,0.0,0.0,,1,0,0,0,False,0.0416,0.2211,0.3252,0.3405,0.0
100000005475379100,peripheral,0.693,1,0.2081,"Получил 108 тыс ₸ от 1 плательщика, отдал 81 тыс ₸ 3 получ., пропуск 75%; пороги ролей не достигнуты",997,,,3,False,1,3,108370.0,81000.0,1,3,0.747439,False,1.0,0,1,546.415224,0.005042,1,0.000422,6.5e-05,0.0,9.0,1,0,0,0,False,0.0693,0.0,0.146,0.8185,0.0
100000004071444100,peripheral,0.621,10,0.2078,"Получил 247 тыс ₸ от 1 плательщика, отдал 100 тыс ₸ 1 получ., пропуск 40%; пороги ролей не достигнуты",998,,,3,False,1,1,247350.0,100000.0,1,1,0.404285,False,1.0,0,1,1199.637754,0.00485,1,0.000308,1.9e-05,0.0,,1,0,0,0,False,0.0621,0.0,0.3018,0.6237,0.0
100000006745291100,peripheral,0.717,7,0.2064,Получил 83 тыс ₸ от 1 плательщика; пороги ролей не достигнуты,999,,,1,False,1,0,82534.0,0.0,1,0,0.0,False,0.0,1,5,82534.0,1.0,1,0.000298,0.0,0.0,,1,0,0,0,False,0.0717,0.523,0.0946,0.175,0.0
100000000806727100,peripheral,0.769,9,0.2061,"Получил 45 тыс ₸ от 1 плательщика, отдал 5 тыс ₸ 1 получ., пропуск 11%; пороги ролей не достигнуты",1000,,,2,False,1,1,45000.0,5000.0,1,1,0.111111,False,1.0,0,8,25898.735083,0.575527,0,0.000346,0.0,0.0,21.0,1,0,0,0,False,0.0769,0.5082,0.0,0.3092,0.0
100000005386383100,peripheral,0.7,7,0.2061,"Получил 38 тыс ₸ от 2 плательщиков, отдал 29 тыс ₸ 1 получ.; пороги ролей не достигнуты; seed: вход занижен",1001,,seed,0,True,2,1,37500.0,29000.0,2,1,0.773333,False,1.0,0,4,504.810101,1.0,1,0.000524,2.9e-05,0.0,,2,0,0,0,False,0.07,0.2789,0.0,0.8296,0.0
100000005041905100,peripheral,0.5,19,0.2056,"Получил 5 тыс ₸ от 1 плательщика, отдал 1.1 млн ₸ 1 получ., пропуск 21607%; пороги ролей не достигнуты",1002,,возвратные_циклы,3,False,1,1,5000.0,1080351.0,1,5,216.0702,False,1.0,0,1,3.322538,3e-06,1,0.000286,0.0,0.0,,1,1,0,1,False,0.05,0.0,0.58,0.0147,0.25
100000001831496100,peripheral,0.586,7,0.2047,"Получил 25 тыс ₸ от 1 плательщика, отдал 373 тыс ₸ 1 получ., пропуск 1492%; пороги ролей не достигнуты",1003,,,3,False,1,1,25000.0,373000.0,1,1,14.92,False,1.0,0,1,27.64182,7.4e-05,1,0.000293,2e-06,0.0,18.0,1,0,0,0,False,0.0586,0.0,0.3793,0.51,0.0
100000008174521100,peripheral,0.717,3,0.2047,Получил 82 тыс ₸ от 1 плательщика; пороги ролей не достигнуты,1004,,,2,False,1,0,82110.0,0.0,1,0,0.0,False,0.0,0,3,48770.806805,0.593969,0,0.000441,0.0,0.0,,1,0,0,0,False,0.0717,0.3706,0.0936,0.3703,0.0
100000008168850100,peripheral,0.485,4,0.2045,4-е колено (обход оборван): 2 поступл. на 188 тыс ₸ от 1 плательщика; P(передаёт дальше)=0.50 — порогов ролей не достигает,1005,,обрыв_4_колена,4,False,1,0,187910.0,0.0,2,0,0.0,True,0.495925,0,3,194.616894,0.001036,0,0.000533,0.0,0.0,,1,0,0,0,False,0.0485,0.2211,0.2499,0.4066,0.0
100000004891562100,terminal,0.536,32,0.2042,"4-е колено, исходящие не выгружены; модель: P(сток)=0.76; получил 103 тыс ₸ от 1 плательщика",1006,,обрыв_4_колена,4,False,1,0,103400.0,0.0,1,0,0.0,True,0.236136,0,1,5.003003,4.8e-05,1,0.000341,0.0,0.0,,1,0,0,0,False,0.3216,0.0,0.1371,0.304,0.0
100000008675322100,peripheral,0.405,4,0.2037,4-е колено (обход оборван): 4 поступл. на 340 тыс ₸ от 1 плательщика; P(передаёт дальше)=0.64 — порогов ролей не достигает,1007,,обрыв_4_колена,4,False,1,0,340000.0,0.0,4,0,0.0,True,0.637093,0,3,16.431639,4.8e-05,0,0.000319,0.0,0.0,,1,0,0,0,False,0.0405,0.2211,0.3618,0.2689,0.0
100000008501413100,peripheral,0.9,7,0.2028,"Получил 5 тыс ₸ от 1 плательщика, отдал 5 тыс ₸ 1 получ., пропуск 102%; пороги ролей не достигнуты",1008,,,3,False,1,1,5000.0,5100.0,1,1,1.02,False,1.0,0,2,300.372689,0.058897,0,0.000367,2.1e-05,1.0,2.0,1,0,0,0,False,0.09,0.1395,0.0,0.7562,0.0
100000004840086100,terminal,0.444,10,0.2027,"4-е колено, исходящие не выгружены; модель: P(сток)=0.63; получил 100 тыс ₸ от 1 плательщика",1009,,обрыв_4_колена,4,False,1,0,100000.0,0.0,2,0,0.0,True,0.365012,0,1,484.99606,0.00485,0,0.000539,0.0,0.0,,1,0,0,0,False,0.2664,0.0,0.1308,0.4146,0.0
100000001537524100,terminal,0.555,2,0.2025,"4-е колено, исходящие не выгружены; модель: P(сток)=0.77; получил 150 тыс ₸ от 1 плательщика",1010,,обрыв_4_колена,4,False,1,0,150000.0,0.0,1,0,0.0,True,0.229099,0,1,0.604659,4e-06,1,0.000299,0.0,0.0,,1,0,0,0,False,0.333,0.0,0.2074,0.1784,0.0
100000001299828100,terminal,0.437,10,0.2024,"4-е колено, исходящие не выгружены; модель: P(сток)=0.62; получил 100 тыс ₸ от 1 плательщика",1011,,обрыв_4_колена,4,False,1,0,100000.0,0.0,1,0,0.0,True,0.376016,0,1,484.99606,0.00485,0,0.000547,0.0,0.0,,1,0,0,0,False,0.2622,0.0,0.1308,0.421,0.0
100000000733940100,peripheral,0.399,25,0.2023,4-е колено (обход оборван): 2 поступл. на 752 тыс ₸ от 1 плательщика; P(передаёт дальше)=0.48 — порогов ролей не достигает,1012,,обрыв_4_колена,4,False,1,0,752000.0,0.0,2,0,0.0,True,0.478977,0,1,258.891045,0.000344,0,0.000411,0.0,0.0,,1,0,0,0,False,0.0399,0.0,0.5116,0.3574,0.0
100000008583360100,peripheral,0.654,15,0.2023,"Получил 113 тыс ₸ от 1 плательщика, отдал 170 тыс ₸ 1 получ., пропуск 151%; пороги ролей не достигнуты",1013,,,3,False,1,1,112843.0,170000.0,1,1,1.506518,False,1.0,0,1,870.710503,0.005122,1,0.000328,1.9e-05,0.0,5.0,1,0,0,0,False,0.0654,0.0,0.231,0.6808,0.0
100000002448088100,peripheral,0.583,28,0.2021,"Получил 20 тыс ₸ от 3 плательщиков, отдал 25 тыс ₸ 1 получ., пропуск 125%; пороги ролей не достигнуты",1014,,,3,False,3,1,20000.0,25000.0,3,1,1.25,False,1.0,0,2,1343.964514,0.053759,0,0.000509,2.1e-05,0.5,0.0,2,0,0,0,False,0.0583,0.1395,0.0,0.8158,0.0
100000001138283100,peripheral,0.717,1,0.202,"Получил 82 тыс ₸ от 1 плательщика, отдал 50 тыс ₸ 2 получ., пропуск 61%; пороги ролей не достигнуты",1015,,возвратные_циклы,3,False,1,2,81805.0,50000.0,1,2,0.61121,False,1.0,0,1,544.126261,0.006652,1,0.000302,1.9e-05,0.488968,0.0,1,1,0,0,False,0.0717,0.0,0.0929,0.6008,0.25
100000008632060100,peripheral,0.518,1,0.2012,"Получил 6 тыс ₸ от 1 плательщика, отдал 339 тыс ₸ 9 получ., пропуск 5653%; пороги ролей не достигнуты",1016,,,3,False,1,9,6000.0,339200.0,1,12,56.533333,False,1.0,0,1,4.697058,1.4e-05,9,0.000288,0.000537,0.0,4.0,1,0,0,0,False,0.0518,0.0,0.3614,0.5278,0.0
100000005799271100,peripheral,0.769,7,0.2009,Получил 45 тыс ₸ от 1 плательщика; пороги ролей не достигнуты,1017,,,2,False,1,0,45000.0,0.0,2,0,0.0,False,0.0,0,4,40037.507703,0.889722,0,0.000537,0.0,0.0,,1,0,0,0,False,0.0769,0.4099,0.0,0.4115,0.0
100000003147719100,terminal,0.7,2,0.2007,"Получил 100 тыс ₸ от 1 плательщика, исходящих нет (исходящие наблюдаемы)",1018,,,3,False,1,0,100000.0,0.0,1,0,0.0,False,0.0,0,1,126.074169,0.001261,1,0.000291,0.0,0.0,,1,0,0,0,False,0.42,0.0,0.1308,0.0963,0.0
100000008003034100,peripheral,0.659,13,0.2006,"Получил 12 тыс ₸ от 1 плательщика, отдал 135 тыс ₸ 4 получ., пропуск 1106%; пороги ролей не достигнуты",1019,,,1,False,1,4,12201.0,135000.0,1,4,11.064667,False,1.0,1,2,12201.0,0.090378,3,0.000287,0.001993,1.0,0.0,1,0,0,0,False,0.0659,0.1582,0.1875,0.5176,0.0
100000005268319100,peripheral,0.62,1,0.2002,"Получил 20 тыс ₸ от 1 плательщика, отдал 91 тыс ₸ 5 получ., пропуск 462%; пороги ролей не достигнуты",1020,,возвратные_циклы,3,False,1,5,19712.8,91000.0,2,10,4.61629,False,1.0,0,1,15.432026,0.00017,3,0.000294,4e-05,0.921625,0.0,1,1,0,2,False,0.062,0.0,0.113,0.583,0.25
100000008551752100,peripheral,0.442,35,0.1999,4-е колено (обход оборван): 2 поступл. на 406 тыс ₸ от 1 плательщика; P(передаёт дальше)=0.47 — порогов ролей не достигает,1021,,обрыв_4_колена,4,False,1,0,406000.0,0.0,2,0,0.0,True,0.470042,0,2,1.871071,5e-06,0,0.000342,0.0,0.0,,1,0,0,0,False,0.0442,0.1395,0.3953,0.3047,0.0
100000004475818100,peripheral,0.709,4,0.1998,"Получил 13 тыс ₸ от 1 плательщика, отдал 54 тыс ₸ 3 получ., пропуск 415%; пороги ролей не достигнуты",1022,,возвратные_циклы,3,False,1,3,13000.0,53989.0,1,3,4.153,False,1.0,0,1,78.650028,0.001457,1,0.00031,6.9e-05,1.0,0.0,1,1,0,0,False,0.0709,0.0,0.0145,0.6946,0.25
100000004318918100,peripheral,0.724,7,0.1994,Получил 76 тыс ₸ от 1 плательщика; пороги ролей не достигнуты,1023,,,1,False,1,0,75600.0,0.0,1,0,0.0,False,0.0,1,5,75600.0,1.0,1,0.000297,0.0,0.0,,1,0,0,0,False,0.0724,0.5147,0.078,0.1684,0.0
100000001362940100,peripheral,0.718,5,0.1993,Получил 81 тыс ₸ от 1 плательщика; пороги ролей не достигнуты,1024,,,1,False,1,0,81000.0,0.0,1,0,0.0,False,0.0,1,4,81000.0,1.0,1,0.000302,0.0,0.0,,1,0,0,0,False,0.0718,0.4764,0.0911,0.2028,0.0
100000005222360100,peripheral,0.814,16,0.1985,"Получил 5 тыс ₸ от 1 плательщика, отдал 27 тыс ₸ 1 получ., пропуск 540%; пороги ролей не достигнуты",1025,,,3,False,1,1,5000.0,27000.0,1,1,5.4,False,1.0,0,1,441.421708,0.016349,1,0.000601,0.001909,0.0,4.0,1,0,0,0,False,0.0814,0.0,0.0,0.9359,0.0
100000007591246100,peripheral,0.684,13,0.198,"Получил 12 тыс ₸ от 1 плательщика, отдал 120 тыс ₸ 1 получ., пропуск 984%; пороги ролей не достигнуты",1026,,,3,False,1,1,12190.0,120000.0,1,1,9.844135,False,1.0,0,2,195.916247,0.001633,0,0.000298,1e-06,0.0,,1,0,0,0,False,0.0684,0.1395,0.1652,0.5527,0.0
100000007797290100,peripheral,0.7,14,0.1979,"Получил 100 тыс ₸ от 1 плательщика, отдал 20 тыс ₸ 1 получ., пропуск 20%; пороги ролей не достигнуты",1027,,,2,False,1,1,100000.0,20000.0,1,1,0.2,False,1.0,0,2,3898.876282,0.038989,1,0.000301,1.9e-05,0.0,9.0,1,0,0,0,False,0.07,0.1395,0.1308,0.595,0.0
100000002734815100,terminal,0.541,2,0.1973,"4-е колено, исходящие не выгружены; модель: P(сток)=0.77; получил 110 тыс ₸ от 1 плательщика",1028,,обрыв_4_колена,4,False,1,0,110000.0,0.0,1,0,0.0,True,0.23281,0,1,0.568966,5e-06,1,0.000312,0.0,0.0,,1,0,0,0,False,0.3246,0.0,0.1488,0.2442,0.0
100000003782913100,terminal,0.464,16,0.197,"4-е колено, исходящие не выгружены; модель: P(сток)=0.63; получил 200 тыс ₸ от 1 плательщика",1029,,обрыв_4_колена,4,False,1,0,200000.0,0.0,1,0,0.0,True,0.368886,0,1,20.761819,0.000104,0,0.000299,0.0,0.0,,1,0,0,0,False,0.2784,0.0,0.2616,0.1846,0.0
100000007536804100,peripheral,0.7,6,0.1964,"Получил 100 тыс ₸ от 1 плательщика, отдал 55 тыс ₸ 2 получ., пропуск 55%; пороги ролей не достигнуты",1030,,,1,False,1,2,100000.0,55000.0,1,2,0.55,False,1.0,1,1,100000.0,1.0,1,0.000291,1e-06,0.45,2.0,1,0,0,0,False,0.07,0.2173,0.1308,0.4824,0.0
100000002686226100,peripheral,0.446,4,0.1954,4-е колено (обход оборван): 2 поступл. на 430 тыс ₸ от 1 плательщика; P(передаёт дальше)=0.44 — порогов ролей не достигает,1031,,обрыв_4_колена,4,False,1,0,430000.0,0.0,2,0,0.0,True,0.442395,0,1,1416.929727,0.003295,0,0.000655,0.0,0.0,,1,0,0,0,False,0.0446,0.0,0.4061,0.4508,0.0
100000003819173100,terminal,0.552,9,0.1953,"4-е колено, исходящие не выгружены; модель: P(сток)=0.77; получил 144 тыс ₸ от 1 плательщика",1032,,обрыв_4_колена,4,False,1,0,143777.0,0.0,1,0,0.0,True,0.231599,0,1,6.153384,4.3e-05,1,0.000295,0.0,0.0,,1,0,0,0,False,0.3312,0.0,0.1994,0.1528,0.0
100000003636627100,peripheral,0.723,8,0.195,"Получил 77 тыс ₸ от 1 плательщика, отдал 10 тыс ₸ 1 получ., пропуск 13%; пороги ролей не достигнуты",1033,,возвратные_циклы,3,False,1,1,77000.0,10000.0,8,1,0.12987,False,1.0,0,1,19288.13311,0.250495,0,0.001976,0.0,0.0,12.0,1,1,0,0,False,0.0723,0.062,0.0815,0.4931,0.25
100000004813068100,transit,0.74,21,0.1939,"Признаки передачи средств seed: вход неполон; переправил 297 тыс ₸ 3 получ., 84% — одному",1034,,seed,0,True,0,3,0.0,297000.0,0,5,,False,1.0,0,0,0.0,1.0,0,0.000286,0.0,0.0,,0,0,0,0,False,0.407,0.0,0.3363,0.0002,0.0
100000004800648100,terminal,0.444,17,0.1938,"4-е колено, исходящие не выгружены; модель: P(сток)=0.62; получил 131 тыс ₸ от 1 плательщика",1035,,обрыв_4_колена,4,False,1,0,131000.0,0.0,1,0,0.0,True,0.377168,0,1,93.09001,0.000711,0,0.000337,0.0,0.0,,1,0,0,0,False,0.2664,0.0,0.1818,0.2972,0.0
100000003003821100,peripheral,0.78,5,0.1936,Получил 40 тыс ₸ от 1 плательщика; пороги ролей не достигнуты,1036,,,2,False,1,0,40000.0,0.0,1,0,0.0,False,0.0,0,4,40000.0,1.0,0,0.000438,0.0,0.0,,1,0,0,0,False,0.078,0.4098,0.0,0.369,0.0
100000000723383100,peripheral,0.725,28,0.1935,"Получил 7 тыс ₸ от 1 плательщика, отдал 75 тыс ₸ 2 получ., пропуск 1103%; пороги ролей не достигнуты",1037,,,2,False,1,2,6800.0,75000.0,1,2,11.029412,False,1.0,0,1,6205.864156,0.082745,0,0.000389,0.000239,0.0,,1,0,0,0,False,0.0725,0.0,0.0765,0.8238,0.0
100000004418967100,terminal,0.436,2,0.1935,"4-е колено, исходящие не выгружены; модель: P(сток)=0.62; получил 100 тыс ₸ от 1 плательщика",1038,,обрыв_4_колена,4,False,1,0,100000.0,0.0,1,0,0.0,True,0.376611,0,1,200.042852,0.002,0,0.000453,0.0,0.0,,1,0,0,0,False,0.2616,0.0,0.1308,0.3734,0.0
100000005539201100,peripheral,0.768,3,0.1935,"Получил 46 тыс ₸ от 1 плательщика, отдал 25 тыс ₸ 1 получ., пропуск 55%; пороги ролей не достигнуты",1039,,,1,False,1,1,45504.0,25000.0,1,1,0.549402,False,1.0,1,2,45504.0,1.0,1,0.00029,4.2e-05,0.0,,1,0,0,0,False,0.0768,0.2825,0.0,0.5405,0.0
100000002677201100,peripheral,0.665,2,0.193,"Получил 150 тыс ₸ от 1 плательщика, отдал 88 тыс ₸ 1 получ., пропуск 58%; пороги ролей не достигнуты",1040,,,3,False,1,1,150000.0,87750.0,1,1,0.585,False,1.0,0,1,470.530159,0.003137,1,0.000309,2.1e-05,0.0,9.0,1,0,0,0,False,0.0665,0.0,0.2074,0.6586,0.0
100000005849100100,peripheral,0.796,5,0.193,Получил 33 тыс ₸ от 1 плательщика; пороги ролей не достигнуты,1041,,,2,False,1,0,33300.0,0.0,1,0,0.0,False,0.0,0,4,33300.0,1.0,0,0.000491,0.0,0.0,,1,0,0,0,False,0.0796,0.3925,0.0,0.3855,0.0
100000008671929100,peripheral,0.725,5,0.1928,Получил 75 тыс ₸ от 1 плательщика; пороги ролей не достигнуты,1042,,,1,False,1,0,75000.0,0.0,2,0,0.0,False,0.0,1,4,75000.0,1.0,1,0.000301,0.0,0.0,,1,0,0,0,False,0.0725,0.4691,0.0765,0.1944,0.0
100000004071070100,peripheral,0.7,1,0.1927,"Получил 41 тыс ₸ от 2 плательщиков, отдал 6 тыс ₸ 1 получ., пропуск 15%; пороги ролей не достигнуты",1043,,возвратные_циклы,2,False,2,1,41000.0,6000.0,5,1,0.146341,False,1.0,0,2,10769.979314,0.262682,2,0.001188,0.0,0.0,11.0,1,1,0,0,False,0.07,0.1465,0.0,0.4811,0.25
100000004321983100,peripheral,0.78,2,0.1927,"Получил 11 тыс ₸ от 1 плательщика, отдал 36 тыс ₸ 2 получ., пропуск 334%; пороги ролей не достигнуты",1044,,возвратные_циклы,3,False,1,2,10840.0,36200.0,1,3,3.339483,False,1.0,0,1,707.5703,0.019546,1,0.000324,1e-06,0.0,4.0,1,1,0,1,False,0.078,0.0,0.0,0.6604,0.25
100000003692843100,peripheral,0.421,3,0.1926,4-е колено (обход оборван): 2 поступл. на 510 тыс ₸ от 1 плательщика; P(передаёт дальше)=0.49 — порогов ролей не достигает,1045,,обрыв_4_колена,4,False,1,0,510000.0,0.0,2,0,0.0,True,0.493298,0,1,722.434106,0.001417,0,0.000529,0.0,0.0,,1,0,0,0,False,0.0421,0.0,0.4383,0.397,0.0
100000001825934100,peripheral,0.703,38,0.1925,"Получил 40 тыс ₸ от 1 плательщика, отдал 97 тыс ₸ 1 получ., пропуск 242%; пороги ролей не достигнуты",1046,,,3,False,1,1,40000.0,97000.0,1,1,2.425,False,1.0,0,1,10104.046243,0.104165,0,0.000476,1e-06,0.0,,1,0,0,0,False,0.0703,0.001,0.1251,0.7565,0.0
100000005958064100,peripheral,0.657,16,0.192,"Получил 6 тыс ₸ от 1 плательщика, отдал 164 тыс ₸ 2 получ., пропуск 2854%; пороги ролей не достигнуты",1047,,,1,False,1,2,5746.0,163986.84,1,3,28.539304,False,1.0,1,2,5746.0,0.035039,1,0.000286,2.5e-05,0.0,26.0,1,0,0,1,False,0.0657,0.1395,0.2242,0.4462,0.0
100000004629688100,peripheral,0.865,3,0.1918,"Получил 5 тыс ₸ от 1 плательщика, отдал 15 тыс ₸ 1 получ., пропуск 300%; пороги ролей не достигнуты",1048,,возвратные_циклы,3,False,1,1,5000.0,15000.0,1,2,3.0,False,1.0,0,3,112.304947,0.007487,0,0.000388,0.0,0.0,3.0,1,1,0,0,False,0.0865,0.2211,0.0,0.3434,0.25
100000001641789100,peripheral,0.85,8,0.1914,Получил 18 тыс ₸ от 1 плательщика; пороги ролей не достигнуты,1049,,,1,False,1,0,17826.0,0.0,1,0,0.0,False,0.0,1,5,17826.0,1.0,1,0.00049,0.0,0.0,,1,0,0,0,False,0.085,0.3784,0.0,0.3846,0.0
100000002933386100,peripheral,0.747,1,0.1914,"Получил 15 тыс ₸ от 1 плательщика, отдал 58 тыс ₸ 1 получ., пропуск 387%; пороги ролей не достигнуты",1050,,,3,False,1,1,15000.0,58000.0,1,1,3.866667,False,1.0,0,1,299.159116,0.005158,1,0.000653,2e-05,0.0,,1,0,0,0,False,0.0747,0.0,0.028,0.8726,0.0
100000004580202100,peripheral,0.709,23,0.1914,"Получил 9 тыс ₸ от 1 плательщика, отдал 45 тыс ₸ 3 получ., пропуск 500%; пороги ролей не достигнуты",1051,,,2,False,1,3,9000.0,45000.0,1,4,5.0,False,1.0,0,2,1586.906741,0.035265,1,0.000322,5.9e-05,0.555556,2.0,1,0,0,0,False,0.0709,0.1395,0.0,0.7315,0.0
100000002794374100,terminal,0.442,2,0.1912,"4-е колено, исходящие не выгружены; модель: P(сток)=0.63; получил 111 тыс ₸ от 1 плательщика",1052,,обрыв_4_колена,4,False,1,0,111000.0,0.0,1,0,0.0,True,0.373317,0,1,8.455718,7.6e-05,0,0.000364,0.0,0.0,,1,0,0,0,False,0.2652,0.0,0.1505,0.3272,0.0
100000001490461100,peripheral,0.84,15,0.1911,"Получил 20 тыс ₸ от 1 плательщика, отдал 5 тыс ₸ 1 получ., пропуск 25%; пороги ролей не достигнуты",1053,,,2,False,1,1,20000.0,5000.0,1,1,0.25,False,1.0,0,2,1002.752347,0.050138,0,0.000321,2.2e-05,0.0,12.0,1,0,0,0,False,0.084,0.1395,0.0,0.7035,0.0
100000008436257100,terminal,0.758,14,0.1909,"Получил 35 тыс ₸ от 2 плательщиков, исходящих нет (исходящие наблюдаемы)",1054,,,3,False,2,0,35000.0,0.0,2,0,0.0,False,0.0,0,1,235.815613,0.006738,1,0.000295,0.0,0.0,,2,0,0,0,False,0.4548,0.0,0.0,0.1468,0.0
100000006385877100,peripheral,0.754,6,0.1901,"Получил 54 тыс ₸ от 1 плательщика, отдал 37 тыс ₸ 1 получ., пропуск 68%; пороги ролей не достигнуты",1055,,возвратные_циклы,2,False,1,1,53706.62,36602.93,5,5,0.681535,False,1.0,0,1,30114.581524,0.560724,0,0.002094,0.0,0.093098,15.0,1,1,0,0,False,0.0754,0.104,0.0135,0.4944,0.25
100000008002020100,peripheral,0.726,17,0.1901,"Получил 74 тыс ₸ от 1 плательщика, отдал 17 тыс ₸ 1 получ., пропуск 23%; пороги ролей не достигнуты",1056,,,1,False,1,1,73860.0,17000.0,1,1,0.230165,False,1.0,1,1,73860.0,1.0,1,0.000298,2e-06,0.0,7.0,1,0,0,0,False,0.0726,0.1887,0.0736,0.5572,0.0
100000005481280100,peripheral,0.709,3,0.1889,"Получил 33 тыс ₸ от 1 плательщика, отдал 50 тыс ₸ 3 получ., пропуск 153%; пороги ролей не достигнуты",1057,,,2,False,1,3,32700.0,50000.0,1,3,1.529052,False,1.0,0,3,906.454209,0.018129,1,0.000296,4.4e-05,0.519878,1.0,1,0,0,0,False,0.0709,0.2211,0.0,0.6085,0.0
100000008337304100,terminal,0.447,1,0.1881,"4-е колено, исходящие не выгружены; модель: P(сток)=0.64; получил 105 тыс ₸ от 1 плательщика",1058,,обрыв_4_колена,4,False,1,0,105465.0,0.0,2,0,0.0,True,0.363423,0,1,95.317342,0.000904,0,0.000354,0.0,0.0,,1,0,0,0,False,0.2682,0.0,0.1409,0.3169,0.0
100000000534581100,peripheral,0.7,1,0.1872,"Получил 56 тыс ₸ от 2 плательщиков, отдал 40 тыс ₸ 1 получ., пропуск 71%; пороги ролей не достигнуты",1059,,,3,False,2,1,55960.0,40000.0,2,1,0.714796,False,1.0,0,3,409.557586,0.007319,2,0.000298,1.9e-05,0.0,5.0,1,0,0,0,False,0.07,0.2211,0.0213,0.5727,0.0
100000002666248100,peripheral,0.731,5,0.187,Получил 70 тыс ₸ от 1 плательщика; пороги ролей не достигнуты,1060,,,1,False,1,0,70032.0,0.0,1,0,0.0,False,0.0,1,4,70032.0,1.0,1,0.0003,0.0,0.0,,1,0,0,0,False,0.0731,0.4626,0.0636,0.1868,0.0
100000008088082100,peripheral,0.76,13,0.1868,"Получил 39 тыс ₸ от 1 плательщика, отдал 50 тыс ₸ 1 получ., пропуск 128%; пороги ролей не достигнуты",1061,,,3,False,1,1,39138.0,50000.0,1,1,1.277531,False,1.0,0,3,422.920115,0.008458,1,0.0003,1.9e-05,0.0,20.0,1,0,0,0,False,0.076,0.2211,0.0,0.5872,0.0
100000003284932100,peripheral,0.731,5,0.1867,Получил 70 тыс ₸ от 1 плательщика; пороги ролей не достигнуты,1062,,,1,False,1,0,69925.0,0.0,1,0,0.0,False,0.0,1,4,69925.0,1.0,1,0.0003,0.0,0.0,,1,0,0,0,False,0.0731,0.4625,0.0633,0.1862,0.0
100000003252446100,terminal,0.539,2,0.1865,"4-е колено, исходящие не выгружены; модель: P(сток)=0.77; получил 109 тыс ₸ от 1 плательщика",1063,,обрыв_4_колена,4,False,1,0,108600.0,0.0,1,0,0.0,True,0.234597,0,1,0.918116,8e-06,1,0.0003,0.0,0.0,,1,0,0,0,False,0.3234,0.0,0.1464,0.1899,0.0
100000005608515100,terminal,0.7,6,0.1865,"Получил 64 тыс ₸ от 1 плательщика, исходящих нет (исходящие наблюдаемы)",1064,,,2,False,1,0,64000.0,0.0,4,0,0.0,False,0.0,0,1,5220.328213,0.081568,0,0.000293,0.0,0.0,,1,0,0,0,False,0.42,0.0,0.0466,0.1299,0.0
100000001987030100,peripheral,0.7,3,0.1856,"Получил 31 тыс ₸ от 2 плательщиков, отдал 19 тыс ₸ 1 получ., пропуск 62%; пороги ролей не достигнуты",1065,,,1,False,2,1,30864.0,19000.0,2,1,0.615604,False,1.0,1,3,7852.084349,0.254409,3,0.000294,5.7e-05,0.0,13.0,1,0,0,0,False,0.07,0.2211,0.0,0.5921,0.0
100000006523053100,peripheral,0.9,5,0.1854,Получил 5 тыс ₸ от 1 плательщика; пороги ролей не достигнуты,1066,,,2,False,1,0,5000.0,0.0,1,0,0.0,False,0.0,0,5,3439.367753,0.687874,0,0.000539,0.0,0.0,,1,0,0,0,False,0.09,0.3238,0.0,0.4139,0.0
100000003066385100,terminal,0.758,1,0.1844,"Получил 20 тыс ₸ от 2 плательщиков (seed: 1), исходящих нет (исходящие наблюдаемы)",1067,,,1,False,2,0,20000.0,0.0,2,0,0.0,False,0.0,1,1,10007.828429,0.500391,2,0.000292,0.0,0.0,,1,0,0,0,False,0.4548,0.0001,0.0,0.1105,0.0
100000007629121100,peripheral,0.808,5,0.184,Получил 29 тыс ₸ от 1 плательщика; пороги ролей не достигнуты,1068,,,2,False,1,0,29000.0,0.0,1,0,0.0,False,0.0,0,4,29000.0,1.0,0,0.000396,0.0,0.0,,1,0,0,0,False,0.0808,0.3794,0.0,0.3508,0.0
100000003215448100,peripheral,0.681,1,0.1838,"Получил 91 тыс ₸ от 1 плательщика, отдал 124 тыс ₸ 2 получ., пропуск 136%; пороги ролей не достигнуты",1069,,,3,False,1,2,91309.0,124000.0,1,4,1.358026,False,1.0,0,1,607.342152,0.004898,1,0.000304,3.8e-05,0.087615,1.0,1,0,0,0,False,0.0681,0.0,0.1714,0.6521,0.0
100000003470579100,peripheral,0.442,27,0.1837,4-е колено (обход оборван): 2 поступл. на 357 тыс ₸ от 1 плательщика; P(передаёт дальше)=0.50 — порогов ролей не достигает,1070,,обрыв_4_колена,4,False,1,0,357000.0,0.0,2,0,0.0,True,0.499292,0,1,115.210537,0.000323,0,0.000569,0.0,0.0,,1,0,0,0,False,0.0442,0.0,0.371,0.4333,0.0
100000000288317100,peripheral,0.7,14,0.1836,"Получил 100 тыс ₸ от 2 плательщиков, отдал 54 тыс ₸ 3 получ., пропуск 54%; пороги ролей не достигнуты",1071,,,3,False,2,3,100000.0,53500.0,2,3,0.535,False,1.0,0,1,1067.72685,0.010677,1,0.000313,5.8e-05,0.165,5.0,1,0,0,0,False,0.07,0.0,0.1308,0.7015,0.0
100000004806903100,peripheral,0.849,5,0.1823,Получил 18 тыс ₸ от 1 плательщика; пороги ролей не достигнуты,1072,,,2,False,1,0,18000.0,0.0,1,0,0.0,False,0.0,0,5,9010.758258,0.500598,0,0.000534,0.0,0.0,,1,0,0,0,False,0.0849,0.3238,0.0,0.4073,0.0
100000008695157100,peripheral,0.415,9,0.1823,4-е колено (обход оборван): 3 поступл. на 426 тыс ₸ от 1 плательщика; P(передаёт дальше)=0.55 — порогов ролей не достигает,1073,,обрыв_4_колена,4,False,1,0,425546.0,0.0,3,0,0.0,True,0.554761,0,1,109.806727,0.000258,0,0.000498,0.0,0.0,,1,0,0,0,False,0.0415,0.0,0.4042,0.387,0.0
100000001223977100,peripheral,0.849,44,0.1822,"Получил 5 тыс ₸ от 1 плательщика, отдал 18 тыс ₸ 1 получ., пропуск 360%; пороги ролей не достигнуты",1074,,,3,False,1,1,5000.0,18000.0,1,1,3.6,False,1.0,0,2,217.391304,0.012077,0,0.000306,2.4e-05,0.0,19.0,1,0,0,0,False,0.0849,0.1395,0.0,0.6524,0.0
100000003934614100,peripheral,0.7,22,0.182,"Получил 17 тыс ₸ от 2 плательщиков, отдал 12 тыс ₸ 1 получ., пропуск 68%; пороги ролей не достигнуты",1075,,возвратные_циклы,3,False,2,1,17000.0,11500.0,2,2,0.676471,False,1.0,0,1,548.101647,0.032241,0,0.000313,0.0,0.264706,7.0,1,3,0,0,False,0.07,0.0,0.0,0.6172,0.25
100000003989033100,peripheral,0.3,11,0.1819,4-е колено (обход оборван): 13 поступл. на 373 тыс ₸ от 1 плательщика; P(передаёт дальше)=0.98 — порогов ролей не достигает,1076,,обрыв_4_колена,4,False,1,0,373400.0,0.0,13,0,0.0,True,0.975719,0,1,246.195201,0.000659,0,0.000599,0.0,0.0,,1,0,0,0,False,0.03,0.0,0.3795,0.4408,0.0
100000007534354100,peripheral,0.666,11,0.1818,"Получил 50 тыс ₸ от 1 плательщика, отдал 148 тыс ₸ 3 получ., пропуск 296%; пороги ролей не достигнуты",1077,,,2,False,1,3,50000.0,147810.0,1,3,2.9562,False,1.0,0,1,728.216399,0.004927,1,0.000304,2e-06,0.0,,1,0,0,0,False,0.0666,0.0,0.2046,0.6001,0.0
100000004784224100,peripheral,0.7,21,0.1817,"Получил 24 тыс ₸ от 1 плательщика, отдал 100 тыс ₸ 1 получ., пропуск 426%; пороги ролей не достигнуты",1078,,,1,False,1,1,23500.0,100000.0,2,1,4.255319,False,1.0,1,1,23500.0,0.235,0,0.000305,0.0,0.0,6.0,1,0,0,0,False,0.07,0.0806,0.1308,0.5836,0.0
100000003221510100,peripheral,0.684,1,0.1816,"Получил 24 тыс ₸ от 1 плательщика, отдал 120 тыс ₸ 2 получ., пропуск 500%; пороги ролей не достигнуты",1079,,,3,False,1,2,24000.0,120000.0,1,3,5.0,False,1.0,0,2,20.314622,0.000169,1,0.000287,3.8e-05,0.0,,1,0,0,1,False,0.0684,0.1395,0.1652,0.4617,0.0
100000004959752100,peripheral,0.831,9,0.1809,Получил 22 тыс ₸ от 1 плательщика; пороги ролей не достигнуты,1080,,,3,False,1,0,22200.0,0.0,1,0,0.0,False,0.0,0,4,5755.274463,0.259247,0,0.000785,0.0,0.0,,1,0,0,0,False,0.0831,0.2789,0.0,0.4629,0.0
100000004825069100,terminal,0.7,12,0.1804,"Получил 30 тыс ₸ от 1 плательщика, исходящих нет (исходящие наблюдаемы)",1081,,,2,False,1,0,30000.0,0.0,4,0,0.0,False,0.0,0,1,515.550311,0.017185,1,0.000296,0.0,0.0,,1,0,0,0,False,0.42,0.0,0.0,0.1581,0.0
100000006232642100,peripheral,0.391,20,0.1804,4-е колено (обход оборван): 4 поступл. на 456 тыс ₸ от 1 плательщика; P(передаёт дальше)=0.63 — порогов ролей не достигает,1082,,обрыв_4_колена,4,False,1,0,456000.0,0.0,4,0,0.0,True,0.625291,0,1,401.967585,0.000882,0,0.000428,0.0,0.0,,1,0,0,0,False,0.0391,0.0,0.4172,0.3637,0.0
100000003134550100,terminal,0.536,2,0.1802,"4-е колено, исходящие не выгружены; модель: P(сток)=0.77; получил 100 тыс ₸ от 1 плательщика",1083,,обрыв_4_колена,4,False,1,0,100000.0,0.0,1,0,0.0,True,0.234939,0,1,0.845411,8e-06,1,0.000299,0.0,0.0,,1,0,0,0,False,0.3216,0.0,0.1308,0.1795,0.0
100000004441291100,peripheral,0.84,5,0.18,Получил 20 тыс ₸ от 1 плательщика; пороги ролей не достигнуты,1084,,,2,False,1,0,20000.0,0.0,1,0,0.0,False,0.0,0,4,13010.2117,0.650511,0,0.000549,0.0,0.0,,1,0,0,0,False,0.084,0.3038,0.0,0.423,0.0
100000007018630100,transit,0.746,40,0.1797,"Признаки передачи средств seed: вход неполон; переправил 200 тыс ₸ 1 получ., 100% — одному",1085,,seed,0,True,0,1,0.0,200000.0,0,5,,False,1.0,0,0,0.0,1.0,0,0.000286,0.0,0.0,,0,0,0,1,False,0.4103,0.0,0.2616,0.0002,0.0
100000001471706100,peripheral,0.322,7,0.1787,4-е колено (обход оборван): 8 поступл. на 377 тыс ₸ от 1 плательщика; P(передаёт дальше)=0.90 — порогов ролей не достигает,1086,,обрыв_4_колена,4,False,1,0,377000.0,0.0,8,0,0.0,True,0.897826,0,1,422.100856,0.00112,0,0.00054,0.0,0.0,,1,0,0,0,False,0.0322,0.0,0.3813,0.4161,0.0
100000002593038100,peripheral,0.809,17,0.178,Получил 28 тыс ₸ от 1 плательщика; пороги ролей не достигнуты,1087,,,2,False,1,0,28500.0,0.0,1,0,0.0,False,0.0,0,4,2424.385142,0.085066,1,0.000659,0.0,0.0,,1,0,0,0,False,0.0809,0.2789,0.0,0.4515,0.0
100000002580377100,peripheral,0.785,3,0.1778,"Получил 38 тыс ₸ от 1 плательщика, отдал 5 тыс ₸ 1 получ., пропуск 13%; пороги ролей не достигнуты",1088,,,1,False,1,1,37750.0,5000.0,2,1,0.13245,False,1.0,1,2,37750.0,1.0,1,0.00029,1.9e-05,0.0,9.0,1,0,0,0,False,0.0785,0.2648,0.0,0.4738,0.0
100000005485830100,transit,0.655,42,0.1767,"Признаки передачи средств seed: вход неполон; переправил 276 тыс ₸ 5 получ., 43% — одному",1089,,seed,0,True,0,5,0.0,275885.0,0,9,,False,1.0,0,0,0.0,1.0,0,0.000286,0.0,0.0,,0,0,0,0,False,0.3603,0.0,0.3224,0.0002,0.0
100000001533161100,terminal,0.436,34,0.1766,"4-е колено, исходящие не выгружены; модель: P(сток)=0.62; получил 100 тыс ₸ от 1 плательщика",1090,,обрыв_4_колена,4,False,1,0,100000.0,0.0,1,0,0.0,True,0.376611,0,1,14.696805,0.000147,0,0.000324,0.0,0.0,,1,0,0,0,False,0.2616,0.0,0.1308,0.2796,0.0
100000006612238100,peripheral,0.659,12,0.1765,"Получил 160 тыс ₸ от 1 плательщика, отдал 25 тыс ₸ 1 получ., пропуск 16%; пороги ролей не достигнуты",1091,,возвратные_циклы,2,False,1,1,160000.0,25000.0,1,1,0.15625,False,1.0,0,1,2749.601658,0.017185,1,0.00034,0.0,0.15625,0.0,1,1,0,0,False,0.0659,0.0,0.2195,0.3023,0.25
100000004613582100,peripheral,0.9,6,0.1764,"Получил 5 тыс ₸ от 1 плательщика, отдал 10 тыс ₸ 1 получ., пропуск 190%; пороги ролей не достигнуты",1092,,,3,False,1,1,5000.0,9500.0,1,1,1.9,False,1.0,0,1,2702.702703,0.284495,0,0.000553,0.0,0.0,15.0,1,0,0,0,False,0.09,0.0,0.0,0.7963,0.0
100000008486520100,peripheral,0.789,3,0.1761,"Получил 36 тыс ₸ от 1 плательщика, отдал 14 тыс ₸ 1 получ., пропуск 39%; пороги ролей не достигнуты",1093,,,1,False,1,1,35720.0,14000.0,2,1,0.391937,False,1.0,1,2,35720.0,1.0,1,0.000289,1.9e-05,0.0,,1,0,0,0,False,0.0789,0.2596,0.0,0.4704,0.0
100000005265073100,peripheral,0.9,7,0.1759,"Получил 5 тыс ₸ от 1 плательщика, отдал 9 тыс ₸ 1 получ., пропуск 180%; пороги ролей не достигнуты",1094,,,3,False,1,1,5000.0,9000.0,1,1,1.8,False,1.0,0,2,422.100856,0.0469,0,0.000299,2.1e-05,0.0,,1,0,0,0,False,0.09,0.1395,0.0,0.6074,0.0
100000006888238100,peripheral,0.805,45,0.1759,"Получил 18 тыс ₸ от 1 плательщика, отдал 30 тыс ₸ 1 получ., пропуск 167%; пороги ролей не достигнуты",1095,,,2,False,1,1,18000.0,30000.0,1,1,1.666667,False,1.0,0,1,2343.317972,0.078111,0,0.00061,0.0,0.0,,1,0,0,0,False,0.0805,0.0,0.0,0.8123,0.0
100000007749092100,peripheral,0.731,3,0.1757,"Получил 8 тыс ₸ от 1 плательщика, отдал 70 тыс ₸ 1 получ., пропуск 920%; пороги ролей не достигнуты",1096,,возвратные_циклы,2,False,1,1,7650.0,70375.0,1,5,9.199346,False,1.0,0,1,845.407556,0.012013,0,0.001804,0.0,0.0,,1,1,0,1,False,0.0731,0.0,0.0645,0.49,0.25
100000005308954100,peripheral,0.732,3,0.1753,"Получил 69 тыс ₸ от 1 плательщика, отдал 30 тыс ₸ 1 получ., пропуск 43%; пороги ролей не достигнуты",1097,,,3,False,1,1,69020.0,30000.0,1,1,0.434657,False,1.0,0,1,2256.151478,0.032688,0,0.000359,2e-05,0.0,5.0,1,0,0,0,False,0.0732,0.0,0.0608,0.7427,0.0
100000001386612100,peripheral,0.741,16,0.1743,Получил 62 тыс ₸ от 1 плательщика; пороги ролей не достигнуты,1098,,,2,False,1,0,62264.0,0.0,1,0,0.0,False,0.0,0,3,22006.007492,0.353431,0,0.000434,0.0,0.0,,1,0,0,0,False,0.0741,0.2955,0.0414,0.3672,0.0
100000004006327100,peripheral,0.427,2,0.1742,4-е колено (обход оборван): 3 поступл. на 300 тыс ₸ от 1 плательщика; P(передаёт дальше)=0.59 — порогов ролей не достигает,1099,,обрыв_4_колена,4,False,1,0,300000.0,0.0,3,0,0.0,True,0.58843,0,1,627.373546,0.002091,0,0.000555,0.0,0.0,,1,0,0,0,False,0.0427,0.0,0.3382,0.4275,0.0
100000005402643100,peripheral,0.679,6,0.1737,"Получил 128 тыс ₸ от 1 плательщика, отдал 90 тыс ₸ 1 получ., пропуск 70%; пороги ролей не достигнуты",1100,,,2,False,1,1,127800.0,90000.0,1,1,0.704225,False,1.0,0,1,14577.940076,0.114068,1,0.000298,0.0,0.0,,1,0,0,0,False,0.0679,0.0356,0.1771,0.5416,0.0
100000004722630100,peripheral,0.463,36,0.1736,4-е колено (обход оборван): 2 поступл. на 340 тыс ₸ от 1 плательщика; P(передаёт дальше)=0.44 — порогов ролей не достигает,1101,,обрыв_4_колена,4,False,1,0,340000.0,0.0,2,0,0.0,True,0.441512,0,1,1631.85533,0.0048,0,0.000492,0.0,0.0,,1,0,0,0,False,0.0463,0.0,0.3618,0.3857,0.0
100000004200745100,peripheral,0.461,17,0.1735,4-е колено (обход оборван): 4 поступл. на 130 тыс ₸ от 1 плательщика; P(передаёт дальше)=0.64 — порогов ролей не достигает,1102,,обрыв_4_колена,4,False,1,0,130000.0,0.0,4,0,0.0,True,0.639115,0,2,5157.653241,0.039674,0,0.000601,0.0,0.0,,1,0,0,0,False,0.0461,0.1395,0.1803,0.4417,0.0
100000008655779100,peripheral,0.766,22,0.1735,"Получил 47 тыс ₸ от 1 плательщика, отдал 25 тыс ₸ 2 получ., пропуск 53%; пороги ролей не достигнуты",1103,,,3,False,1,2,47000.0,24704.0,1,2,0.525617,False,1.0,0,1,518.917726,0.011041,0,0.000397,5.9e-05,0.0,24.0,1,0,0,0,False,0.0766,0.0,0.0,0.8067,0.0
100000004134060100,peripheral,0.711,2,0.1728,Получил 88 тыс ₸ от 1 плательщика; пороги ролей не достигнуты,1104,,,2,False,1,0,88179.0,0.0,1,0,0.0,False,0.0,0,4,11220.67386,0.127249,0,0.000328,0.0,0.0,,1,0,0,0,False,0.0711,0.2898,0.1071,0.2849,0.0
100000003370425100,peripheral,0.673,1,0.1726,4-е колено (обход оборван): 1 поступл. на 20 тыс ₸ от 1 плательщика; P(передаёт дальше)=0.40 — порогов ролей не достигает,1105,,обрыв_4_колена,4,False,1,0,20000.0,0.0,1,0,0.0,True,0.397129,0,4,3339.54751,0.166977,0,0.000648,0.0,0.0,,1,0,0,0,False,0.0673,0.2789,0.0,0.4488,0.0
100000002681449100,peripheral,0.675,10,0.1725,"Получил 95 тыс ₸ от 2 плательщиков, отдал 133 тыс ₸ 2 получ., пропуск 141%; пороги ролей не достигнуты",1106,,,1,False,2,2,94638.0,133000.0,2,2,1.405355,False,1.0,1,1,12301.27604,0.092491,4,0.000295,1.8e-05,0.125742,0.0,1,0,0,0,False,0.0675,0.0195,0.1846,0.5472,0.0
100000001232297100,peripheral,0.769,13,0.1724,"Получил 5 тыс ₸ от 1 плательщика, отдал 45 тыс ₸ 2 получ., пропуск 900%; пороги ролей не достигнуты",1107,,возвратные_циклы,2,False,1,2,5000.0,45000.0,1,2,9.0,False,1.0,0,5,1466.599575,0.032591,0,0.000292,0.0,0.0,3.0,1,2,0,0,False,0.0769,0.3238,0.0,0.1183,0.25
100000008417359100,peripheral,0.691,14,0.1724,"Получил 41 тыс ₸ от 1 плательщика, отдал 111 тыс ₸ 2 получ., пропуск 271%; пороги ролей не достигнуты",1108,,быстрый_транзит;возвратные_циклы,3,False,1,2,40810.0,110760.0,2,3,2.714041,False,1.0,0,1,100.344727,0.000906,1,0.000292,0.0,0.754962,1.0,1,1,0,0,False,0.0691,0.0,0.1501,0.1154,0.5
100000002836052100,peripheral,0.865,9,0.1718,Получил 15 тыс ₸ от 1 плательщика; пороги ролей не достигнуты,1109,,,2,False,1,0,15000.0,0.0,1,0,0.0,False,0.0,0,8,8632.911694,0.575527,0,0.000306,0.0,0.0,,1,0,0,0,False,0.0865,0.4184,0.0,0.22,0.0
100000002860934100,peripheral,0.392,22,0.1714,4-е колено (обход оборван): 4 поступл. на 280 тыс ₸ от 1 плательщика; P(передаёт дальше)=0.72 — порогов ролей не достигает,1110,,обрыв_4_колена,4,False,1,0,279500.0,0.0,4,0,0.0,True,0.716808,0,1,772.353762,0.002763,0,0.000581,0.0,0.0,,1,0,0,0,False,0.0392,0.0,0.3248,0.4368,0.0
100000003739818100,peripheral,0.748,5,0.1707,Получил 57 тыс ₸ от 1 плательщика; пороги ролей не достигнуты,1111,,,1,False,1,0,57293.0,0.0,1,0,0.0,False,0.0,1,4,57293.0,1.0,1,0.000297,0.0,0.0,,1,0,0,0,False,0.0748,0.4437,0.0257,0.169,0.0
100000006714366100,peripheral,0.896,13,0.1707,"Получил 10 тыс ₸ от 1 плательщика, отдал 5 тыс ₸ 1 получ., пропуск 48%; пороги ролей не достигнуты",1112,,,3,False,1,1,10500.0,5000.0,1,1,0.47619,False,1.0,0,3,113.461628,0.010806,1,0.000289,1.9e-05,0.47619,0.0,1,0,0,0,False,0.0896,0.2211,0.0,0.4709,0.0
100000007653094100,peripheral,0.686,1,0.1707,4-е колено (обход оборван): 1 поступл. на 16 тыс ₸ от 1 плательщика; P(передаёт дальше)=0.40 — порогов ролей не достигает,1113,,обрыв_4_колена,4,False,1,0,16000.0,0.0,1,0,0.0,True,0.402845,0,4,2671.638008,0.166977,0,0.000575,0.0,0.0,,1,0,0,0,False,0.0686,0.2789,0.0,0.4353,0.0
100000004451012100,peripheral,0.708,18,0.1706,"Получил 91 тыс ₸ от 1 плательщика, отдал 66 тыс ₸ 3 получ., пропуск 72%; пороги ролей не достигнуты",1114,,,3,False,1,3,91245.0,65740.0,1,3,0.720478,False,1.0,0,1,676.871487,0.007418,1,0.000301,5.8e-05,0.0,,1,0,0,0,False,0.0708,0.0,0.1135,0.6512,0.0
100000000607731100,peripheral,0.735,26,0.1702,"Получил 20 тыс ₸ от 1 плательщика, отдал 67 тыс ₸ 1 получ., пропуск 333%; пороги ролей не достигнуты",1115,,,1,False,1,1,20000.0,66666.0,1,1,3.3333,False,1.0,1,1,20000.0,0.300003,0,0.000318,1e-06,0.0,,1,0,0,0,False,0.0735,0.0654,0.0543,0.6355,0.0
100000008106997100,peripheral,0.7,1,0.17,"Получил 36 тыс ₸ от 2 плательщиков, отдал 21 тыс ₸ 1 получ., пропуск 58%; пороги ролей не достигнуты",1116,,,2,False,2,1,35600.0,20600.0,2,1,0.578652,False,1.0,0,2,1068.639832,0.030018,2,0.000305,1.9e-05,0.578652,0.0,1,0,0,0,False,0.07,0.1395,0.0,0.615,0.0
100000003230328100,peripheral,0.385,1,0.1692,4-е колено (обход оборван): 3 поступл. на 27 тыс ₸ от 3 плательщиков; P(передаёт дальше)=0.68 — порогов ролей не достигает,1117,,аномалия_колена;обрыв_4_колена,4,False,3,0,26572.0,0.0,3,0,0.0,True,0.680251,0,3,52.619882,0.00198,1,0.000352,0.0,0.0,,1,0,0,0,True,0.0385,0.2211,0.0,0.3147,0.25
100000003781406100,peripheral,0.769,17,0.1691,Получил 45 тыс ₸ от 1 плательщика; пороги ролей не достигнуты,1118,,,3,False,1,0,45000.0,0.0,2,0,0.0,False,0.0,0,2,29964.6825,0.665882,0,0.000723,0.0,0.0,,1,0,0,0,False,0.0769,0.243,0.0,0.4582,0.0
100000008738325100,peripheral,0.754,16,0.1683,"Получил 37 тыс ₸ от 1 плательщика, отдал 54 тыс ₸ 1 получ.; пороги ролей не достигнуты; seed: вход занижен",1119,,seed,0,True,1,1,36550.0,54000.0,1,1,1.477428,False,1.0,1,1,36550.0,1.0,0,0.000529,0.0,0.0,,1,0,0,0,False,0.0754,0.1223,0.0145,0.7625,0.0
100000004360785100,peripheral,0.705,3,0.1678,Получил 95 тыс ₸ от 1 плательщика; пороги ролей не достигнуты,1120,,,1,False,1,0,94705.0,0.0,1,0,0.0,False,0.0,1,2,94705.0,1.0,1,0.000296,0.0,0.0,,1,0,0,0,False,0.0705,0.3516,0.1206,0.1579,0.0
100000002185328100,peripheral,0.659,28,0.1677,"Получил 15 тыс ₸ от 1 плательщика, отдал 55 тыс ₸ 4 получ., пропуск 367%; пороги ролей не достигнуты",1121,,,3,False,1,4,15000.0,55000.0,1,4,3.666667,False,1.0,0,1,1241.172831,0.022567,0,0.000352,6.2e-05,0.0,16.0,1,0,0,0,False,0.0659,0.0,0.018,0.7722,0.0
100000003865939100,peripheral,0.718,48,0.1673,Получил 81 тыс ₸ от 1 плательщика; пороги ролей не достигнуты,1122,,,1,False,1,0,81465.0,0.0,1,0,0.0,False,0.0,1,1,81465.0,1.0,0,0.000529,0.0,0.0,,1,0,0,0,False,0.0718,0.1979,0.0921,0.3952,0.0
100000005142492100,peripheral,0.749,8,0.1671,"Получил 10 тыс ₸ от 1 плательщика, отдал 57 тыс ₸ 1 получ., пропуск 570%; пороги ролей не достигнуты",1123,,возвратные_циклы,3,False,1,1,10000.0,57000.0,1,1,5.7,False,1.0,0,1,1224.297905,0.021479,0,0.001908,0.0,1.0,0.0,1,1,0,0,False,0.0749,0.0,0.0247,0.492,0.25
100000000831684100,peripheral,0.76,17,0.1669,"Получил 15 тыс ₸ от 1 плательщика, отдал 50 тыс ₸ 1 получ., пропуск 333%; пороги ролей не достигнуты",1124,,возвратные_циклы,2,False,1,1,15000.0,50000.0,2,3,3.333333,False,1.0,0,1,12669.825348,0.253397,0,0.001891,0.0,1.0,1.0,1,1,0,0,False,0.076,0.0223,0.0,0.4918,0.25
100000008721637100,peripheral,0.679,8,0.1667,"Получил 24 тыс ₸ от 1 плательщика, отдал 127 тыс ₸ 2 получ., пропуск 528%; пороги ролей не достигнуты",1125,,,3,False,1,2,24041.0,127000.0,1,2,5.282642,False,1.0,0,1,159.908801,0.001259,3,0.00029,7.3e-05,0.499147,0.0,1,0,0,0,False,0.0679,0.0,0.1759,0.5523,0.0
100000005367445100,peripheral,0.9,2,0.1664,"Получил 5 тыс ₸ от 1 плательщика, отдал 5 тыс ₸ 1 получ., пропуск 100%; пороги ролей не достигнуты",1126,,возвратные_циклы,3,False,1,1,5000.0,5000.0,1,1,1.0,False,1.0,0,1,312.418362,0.062484,0,0.001843,0.0,1.0,1.0,1,1,0,0,False,0.09,0.0,0.0,0.4909,0.25
100000002774456100,peripheral,0.76,7,0.1663,Получил 50 тыс ₸ от 1 плательщика; пороги ролей не достигнуты,1127,,,1,False,1,0,50363.0,0.0,1,0,0.0,False,0.0,1,5,50363.0,1.0,1,0.000293,0.0,0.0,,1,0,0,0,False,0.076,0.4764,0.0014,0.1312,0.0
100000003664994100,peripheral,0.46,20,0.1661,4-е колено (обход оборван): 2 поступл. на 338 тыс ₸ от 1 плательщика; P(передаёт дальше)=0.45 — порогов ролей не достигает,1128,,обрыв_4_колена,4,False,1,0,338271.0,0.0,2,0,0.0,True,0.451764,0,1,298.188546,0.000882,0,0.000391,0.0,0.0,,1,0,0,0,False,0.046,0.0,0.3608,0.3459,0.0
100000008060273100,peripheral,0.9,9,0.1659,Получил 10 тыс ₸ от 1 плательщика; пороги ролей не достигнуты,1129,,,2,False,1,0,10000.0,0.0,2,0,0.0,False,0.0,0,8,5755.274463,0.575527,0,0.000299,0.0,0.0,,1,0,0,0,False,0.09,0.4184,0.0,0.1804,0.0
100000001083990100,peripheral,0.76,17,0.1658,Получил 50 тыс ₸ от 1 плательщика; пороги ролей не достигнуты,1130,,,2,False,1,0,49900.0,0.0,2,0,0.0,False,0.0,0,2,45687.421026,0.91558,0,0.000502,0.0,0.0,,1,0,0,0,False,0.076,0.2828,0.0,0.3883,0.0
100000003192309100,peripheral,0.634,19,0.1658,"Получил 17 тыс ₸ от 1 плательщика, отдал 213 тыс ₸ 1 получ., пропуск 1238%; пороги ролей не достигнуты",1131,,,3,False,1,1,17200.0,213000.0,1,1,12.383721,False,1.0,0,1,11.429532,5.4e-05,1,0.000288,1e-06,0.0,16.0,1,0,0,0,False,0.0634,0.0,0.2735,0.4262,0.0
100000005186109100,peripheral,0.9,3,0.1657,Получил 5 тыс ₸ от 1 плательщика; пороги ролей не достигнуты,1132,,,3,False,1,0,5000.0,0.0,1,0,0.0,False,0.0,0,3,138.601561,0.02772,0,0.000606,0.0,0.0,,1,0,0,0,False,0.09,0.2211,0.0,0.4422,0.0
100000001554432100,peripheral,0.754,5,0.1656,Получил 54 тыс ₸ от 1 плательщика; пороги ролей не достигнуты,1133,,,1,False,1,0,53920.0,0.0,1,0,0.0,False,0.0,1,4,53920.0,1.0,1,0.000296,0.0,0.0,,1,0,0,0,False,0.0754,0.4379,0.0142,0.1628,0.0
100000008638859100,peripheral,0.637,18,0.1653,4-е колено (обход оборван): 1 поступл. на 34 тыс ₸ от 1 плательщика; P(передаёт дальше)=0.39 — порогов ролей не достигает,1134,,обрыв_4_колена,4,False,1,0,34000.0,0.0,1,0,0.0,True,0.394145,0,4,71.181238,0.002094,0,0.00054,0.0,0.0,,1,0,0,0,False,0.0637,0.2789,0.0,0.4155,0.0
100000004340038100,peripheral,0.762,13,0.1652,"Получил 10 тыс ₸ от 1 плательщика, отдал 49 тыс ₸ 1 получ., пропуск 491%; пороги ролей не достигнуты",1135,,,3,False,1,1,9978.0,49000.0,1,1,4.910804,False,1.0,0,3,107.820964,0.0022,1,0.000289,1.9e-05,0.0,9.0,1,0,0,0,False,0.0762,0.2211,0.0,0.4673,0.0
100000008701944100,peripheral,0.757,7,0.1651,Получил 52 тыс ₸ от 1 плательщика; пороги ролей не достигнуты,1136,,,1,False,1,0,52124.0,0.0,1,0,0.0,False,0.0,1,2,52124.0,1.0,0,0.000412,0.0,0.0,,1,0,0,0,False,0.0757,0.2953,0.0079,0.3579,0.0
100000008352542100,peripheral,0.76,5,0.1649,Получил 50 тыс ₸ от 1 плательщика; пороги ролей не достигнуты,1137,,,2,False,1,0,50220.0,0.0,1,0,0.0,False,0.0,0,4,21708.683473,0.432272,0,0.000331,0.0,0.0,,1,0,0,0,False,0.076,0.3521,0.0008,0.29,0.0
100000003037660100,peripheral,0.755,5,0.1643,Получил 53 тыс ₸ от 1 плательщика; пороги ролей не достигнуты,1138,,,1,False,1,0,53000.0,0.0,1,0,0.0,False,0.0,1,4,53000.0,1.0,1,0.000296,0.0,0.0,,1,0,0,0,False,0.0755,0.4363,0.011,0.1617,0.0
100000003888271100,peripheral,0.78,33,0.1643,"Получил 12 тыс ₸ от 1 плательщика, отдал 26 тыс ₸ 2 получ., пропуск 210%; пороги ролей не достигнуты",1139,,возвратные_циклы,1,False,1,2,12177.0,25590.0,2,3,2.101503,False,1.0,1,1,12177.0,0.47585,0,0.000291,0.0,0.542005,2.0,1,1,0,0,False,0.078,0.0186,0.0,0.4782,0.25
100000003292979100,peripheral,0.762,5,0.1639,Получил 49 тыс ₸ от 1 плательщика; пороги ролей не достигнуты,1140,,,2,False,1,0,48950.0,0.0,1,0,0.0,False,0.0,0,4,21159.698447,0.432272,0,0.00033,0.0,0.0,,1,0,0,0,False,0.0762,0.3497,0.0,0.2885,0.0
100000008522127100,transit,0.725,2,0.1637,"Признаки передачи средств seed: вход неполон; переправил 145 тыс ₸ 1 получ., 100% — одному",1141,,seed,0,True,0,1,0.0,145000.0,0,3,,False,1.0,0,0,0.0,1.0,0,0.000286,0.0,0.0,,0,0,0,0,False,0.3988,0.0,0.201,0.0002,0.0
100000008582730100,peripheral,0.9,18,0.163,"Получил 5 тыс ₸ от 1 плательщика, отдал 5 тыс ₸ 1 получ., пропуск 100%; пороги ролей не достигнуты",1142,,возвратные_циклы,3,False,1,1,5000.0,5000.0,1,1,1.0,False,1.0,0,1,105.783772,0.021157,1,0.000893,0.0,1.0,0.0,1,1,0,0,False,0.09,0.0,0.0,0.472,0.25
100000008655035100,peripheral,0.805,6,0.163,Получил 30 тыс ₸ от 1 плательщика; пороги ролей не достигнуты,1143,,,2,False,1,0,30000.0,0.0,1,0,0.0,False,0.0,0,2,30000.0,1.0,0,0.00054,0.0,0.0,,1,0,0,0,False,0.0805,0.2431,0.0,0.4166,0.0
100000008665380100,peripheral,0.7,1,0.163,"Получил 69 тыс ₸ от 2 плательщиков, отдал 18 тыс ₸ 1 получ., пропуск 26%; пороги ролей не достигнуты",1144,,,1,False,2,1,69100.0,18200.0,2,1,0.263386,False,1.0,1,2,10050.024757,0.145442,2,0.000291,1.9e-05,0.263386,1.0,1,0,0,0,False,0.07,0.1399,0.0611,0.4938,0.0
100000001378288100,peripheral,0.423,9,0.1629,4-е колено (обход оборван): 3 поступл. на 268 тыс ₸ от 1 плательщика; P(передаёт дальше)=0.62 — порогов ролей не достигает,1145,,обрыв_4_колена,4,False,1,0,268000.0,0.0,3,0,0.0,True,0.622497,0,1,180.211955,0.000672,0,0.000523,0.0,0.0,,1,0,0,0,False,0.0423,0.0,0.3169,0.3941,0.0
100000001808684100,peripheral,0.763,8,0.1629,"Получил 48 тыс ₸ от 1 плательщика, отдал 38 тыс ₸ 1 получ., пропуск 78%; пороги ролей не достигнуты",1146,,возвратные_циклы,3,False,1,1,48400.0,37700.0,3,2,0.778926,False,1.0,0,1,11616.309768,0.240006,0,0.001169,0.0,0.413223,0.0,1,1,0,0,False,0.0763,0.0141,0.0,0.4802,0.25
100000001954534100,peripheral,0.78,10,0.1628,"Получил 13 тыс ₸ от 1 плательщика, отдал 40 тыс ₸ 1 получ., пропуск 308%; пороги ролей не достигнуты",1147,,,3,False,1,1,13000.0,40000.0,1,1,3.076923,False,1.0,0,1,1256.466603,0.031412,0,0.000366,2e-05,0.0,21.0,1,0,0,0,False,0.078,0.0,0.0,0.7451,0.0
100000002119762100,peripheral,0.495,4,0.1626,4-е колено (обход оборван): 6 поступл. на 77 тыс ₸ от 1 плательщика; P(передаёт дальше)=0.63 — порогов ролей не достигает,1148,,обрыв_4_колена,4,False,1,0,77000.0,0.0,6,0,0.0,True,0.629469,0,3,40.642309,0.000528,0,0.00053,0.0,0.0,,1,0,0,0,False,0.0495,0.2211,0.0815,0.3972,0.0
100000002947299100,peripheral,0.714,1,0.1624,Получил 85 тыс ₸ от 1 плательщика; пороги ролей не достигнуты,1149,,,2,False,1,0,85000.0,0.0,1,0,0.0,False,0.0,0,3,12663.082113,0.148977,1,0.000338,0.0,0.0,,1,0,0,0,False,0.0714,0.2433,0.1002,0.298,0.0
100000002479804100,peripheral,0.767,5,0.1623,"Получил 46 тыс ₸ от 1 плательщика, отдал 35 тыс ₸ 2 получ., пропуск 77%; пороги ролей не достигнуты",1150,,,1,False,1,2,46000.0,35300.0,1,2,0.767391,False,1.0,1,1,46000.0,1.0,1,0.000297,2e-06,0.5,1.0,1,0,0,0,False,0.0767,0.144,0.0,0.5529,0.0
100000008728457100,peripheral,0.769,7,0.162,Получил 45 тыс ₸ от 1 плательщика; пороги ролей не достигнуты,1151,,,1,False,1,0,45000.0,0.0,1,0,0.0,False,0.0,1,5,45000.0,1.0,1,0.000292,0.0,0.0,,1,0,0,0,False,0.0769,0.4658,0.0,0.1214,0.0
100000007197866100,peripheral,0.84,1,0.1612,"Получил 20 тыс ₸ от 1 плательщика, отдал 15 тыс ₸ 1 получ., пропуск 75%; пороги ролей не достигнуты",1152,,быстрый_транзит,3,False,1,1,20000.0,15000.0,1,1,0.75,False,1.0,0,1,133.030074,0.006652,1,0.00029,1.9e-05,0.75,0.0,1,0,0,0,False,0.084,0.0,0.0,0.474,0.25
100000005809252100,peripheral,0.82,4,0.1611,Получил 25 тыс ₸ от 1 плательщика; пороги ролей не достигнуты,1153,,,2,False,1,0,25000.0,0.0,1,0,0.0,False,0.0,0,3,2189.004644,0.08756,1,0.000567,0.0,0.0,,1,0,0,0,False,0.082,0.2211,0.0,0.4328,0.0
100000008762832100,peripheral,0.665,5,0.1608,"Получил 150 тыс ₸ от 1 плательщика, отдал 85 тыс ₸ 1 получ., пропуск 57%; пороги ролей не достигнуты",1154,,возвратные_циклы,2,False,1,1,150000.0,85000.0,1,4,0.566667,False,1.0,0,1,3248.346706,0.021656,1,0.000308,0.0,0.0,,1,1,0,1,False,0.0665,0.0,0.2074,0.2302,0.25
100000001130176100,peripheral,0.82,1,0.1606,Получил 25 тыс ₸ от 1 плательщика; пороги ролей не достигнуты,1155,,,3,False,1,0,25000.0,0.0,2,0,0.0,False,0.0,0,3,1948.727171,0.077949,0,0.000558,0.0,0.0,,1,0,0,0,False,0.082,0.2211,0.0,0.4302,0.0
100000001194266100,peripheral,0.76,5,0.1594,Получил 50 тыс ₸ от 1 плательщика; пороги ролей не достигнуты,1156,,,1,False,1,0,50000.0,0.0,1,0,0.0,False,0.0,1,4,50000.0,1.0,1,0.000296,0.0,0.0,,1,0,0,0,False,0.076,0.4308,0.0,0.1559,0.0
100000003476560100,peripheral,0.76,5,0.1594,Получил 50 тыс ₸ от 1 плательщика; пороги ролей не достигнуты,1157,,,1,False,1,0,50000.0,0.0,1,0,0.0,False,0.0,1,4,50000.0,1.0,1,0.000296,0.0,0.0,,1,0,0,0,False,0.076,0.4308,0.0,0.1559,0.0
100000002432143100,peripheral,0.718,1,0.1591,Получил 81 тыс ₸ от 1 плательщика; пороги ролей не достигнуты,1158,,,2,False,1,0,81310.0,0.0,1,0,0.0,False,0.0,0,3,12113.355372,0.148977,1,0.000335,0.0,0.0,,1,0,0,0,False,0.0718,0.2391,0.0918,0.2954,0.0
100000004800452100,peripheral,0.715,9,0.1591,4-е колено (обход оборван): 1 поступл. на 7 тыс ₸ от 1 плательщика; P(передаёт дальше)=0.41 — порогов ролей не достигает,1159,,обрыв_4_колена,4,False,1,0,6544.53,0.0,1,0,0.0,True,0.410976,0,3,9.191591,0.001404,0,0.000608,0.0,0.0,,1,0,0,0,False,0.0715,0.2211,0.0,0.4428,0.0
100000008757369100,peripheral,0.747,10,0.1577,"Получил 26 тыс ₸ от 1 плательщика, отдал 58 тыс ₸ 1 получ., пропуск 225%; пороги ролей не достигнуты",1160,,быстрый_транзит,3,False,1,1,25961.0,58398.0,1,3,2.249451,False,1.0,0,1,125.909827,0.002156,1,0.000288,1.9e-05,1.0,0.0,1,0,0,0,False,0.0747,0.0,0.0293,0.4342,0.25
100000004326224100,peripheral,0.601,4,0.1573,4-е колено (обход оборван): 1 поступл. на 60 тыс ₸ от 1 плательщика; P(передаёт дальше)=0.39 — порогов ролей не достигает,1161,,обрыв_4_колена,4,False,1,0,60000.0,0.0,1,0,0.0,True,0.386477,0,3,71.721722,0.001195,0,0.000535,0.0,0.0,,1,0,0,0,False,0.0601,0.2211,0.0344,0.4097,0.0
100000004278574100,peripheral,0.82,4,0.1572,"Получил 25 тыс ₸ от 1 плательщика, отдал 12 тыс ₸ 1 получ., пропуск 50%; пороги ролей не достигнуты",1162,,,3,False,1,1,25000.0,12500.0,1,1,0.5,False,1.0,0,3,29.884051,0.001195,1,0.000286,1.9e-05,0.0,11.0,1,0,0,0,False,0.082,0.2211,0.0,0.4113,0.0
100000004356593100,peripheral,0.76,20,0.157,"Получил 50 тыс ₸ от 1 плательщика, отдал 10 тыс ₸ 1 получ., пропуск 20%; пороги ролей не достигнуты",1163,,,2,False,1,1,50000.0,10000.0,1,1,0.2,False,1.0,0,2,706.858748,0.014137,1,0.000293,1.9e-05,0.0,7.0,1,0,0,0,False,0.076,0.1395,0.0,0.5307,0.0
100000002847207100,peripheral,0.767,5,0.1567,Получил 46 тыс ₸ от 1 плательщика; пороги ролей не достигнуты,1164,,,1,False,1,0,46243.0,0.0,1,0,0.0,False,0.0,1,4,46243.0,1.0,1,0.000295,0.0,0.0,,1,0,0,0,False,0.0767,0.4235,0.0,0.1492,0.0
100000006882208100,peripheral,0.849,3,0.1566,Получил 18 тыс ₸ от 1 плательщика; пороги ролей не достигнуты,1165,,,3,False,1,0,18000.0,0.0,1,0,0.0,False,0.0,0,2,16419.208763,0.912178,0,0.00064,0.0,0.0,,1,0,0,0,False,0.0849,0.1863,0.0,0.4482,0.0
100000006557763100,peripheral,0.9,5,0.1559,Получил 10 тыс ₸ от 1 плательщика; пороги ролей не достигнуты,1166,,,2,False,1,0,10000.0,0.0,1,0,0.0,False,0.0,0,4,10000.0,1.0,0,0.000347,0.0,0.0,,1,0,0,0,False,0.09,0.2789,0.0,0.3107,0.0
100000003677936100,peripheral,0.73,18,0.1558,"Получил 71 тыс ₸ от 1 плательщика, отдал 13 тыс ₸ 1 получ., пропуск 18%; пороги ролей не достигнуты",1167,,,3,False,1,1,71000.0,13000.0,1,2,0.183099,False,1.0,0,1,185.077169,0.002607,1,0.000309,1.9e-05,0.084507,17.0,1,0,0,0,False,0.073,0.0,0.0662,0.6281,0.0
100000006789108100,peripheral,0.785,7,0.1557,Получил 38 тыс ₸ от 1 плательщика; пороги ролей не достигнуты,1168,,,1,False,1,0,37500.0,0.0,1,0,0.0,False,0.0,1,5,37500.0,1.0,1,0.000291,0.0,0.0,,1,0,0,0,False,0.0785,0.4486,0.0,0.1063,0.0
100000004750897100,peripheral,0.9,3,0.1554,Получил 10 тыс ₸ от 1 плательщика; пороги ролей не достигнуты,1169,,,3,False,1,0,10000.0,0.0,1,0,0.0,False,0.0,0,3,224.609895,0.022461,0,0.00049,0.0,0.0,,1,0,0,0,False,0.09,0.2211,0.0,0.3852,0.0
100000002779485100,peripheral,0.708,9,0.1553,Получил 91 тыс ₸ от 1 плательщика; пороги ролей не достигнуты,1170,,,2,False,1,0,91000.0,0.0,2,0,0.0,False,0.0,0,1,32003.262389,0.351684,0,0.000547,0.0,0.0,,1,0,0,0,False,0.0708,0.1098,0.113,0.4206,0.0
100000003736419100,peripheral,0.827,1,0.1552,"Получил 23 тыс ₸ от 1 плательщика, отдал 10 тыс ₸ 1 получ., пропуск 43%; пороги ролей не достигнуты",1171,,,3,False,1,1,23300.0,10000.0,1,1,0.429185,False,1.0,0,2,282.638745,0.01213,1,0.000292,1.9e-05,0.429185,0.0,1,0,0,0,False,0.0827,0.1395,0.0,0.5073,0.0
100000002984403100,peripheral,0.82,30,0.155,"Получил 20 тыс ₸ от 1 плательщика, отдал 25 тыс ₸ 1 получ., пропуск 125%; пороги ролей не достигнуты",1172,,,3,False,1,1,20000.0,25000.0,1,1,1.25,False,1.0,0,1,382.647963,0.015306,0,0.00032,2e-05,0.0,,1,0,0,0,False,0.082,0.0,0.0,0.6937,0.0
100000002728246100,peripheral,0.718,4,0.154,4-е колено (обход оборван): 1 поступл. на 10 тыс ₸ от 1 плательщика; P(передаёт дальше)=0.40 — порогов ролей не достигает,1173,,обрыв_4_колена,4,False,1,0,10000.0,0.0,1,0,0.0,True,0.404861,0,3,11.95362,0.001195,0,0.000539,0.0,0.0,,1,0,0,0,False,0.0718,0.2211,0.0,0.4137,0.0
100000004285800100,peripheral,0.865,10,0.1538,"Получил 5 тыс ₸ от 1 плательщика, отдал 15 тыс ₸ 1 получ., пропуск 300%; пороги ролей не достигнуты",1174,,,2,False,1,1,5000.0,15000.0,1,1,3.0,False,1.0,0,4,1787.162147,0.119144,0,0.000344,0.0,0.0,,1,0,0,0,False,0.0865,0.2789,0.0,0.3063,0.0
100000008738526100,peripheral,0.671,2,0.1538,"Получил 15 тыс ₸ от 1 плательщика, отдал 140 тыс ₸ 1 получ., пропуск 933%; пороги ролей не достигнуты",1175,,,3,False,1,1,15000.0,140000.0,1,1,9.333333,False,1.0,0,1,3.491747,2.5e-05,1,0.000287,2.1e-05,0.0,5.0,1,0,0,0,False,0.0671,0.0,0.1943,0.4577,0.0
100000000557536100,peripheral,0.383,4,0.1534,4-е колено (обход оборван): 7 поступл. на 153 тыс ₸ от 1 плательщика; P(передаёт дальше)=0.85 — порогов ролей не достигает,1176,,обрыв_4_колена,4,False,1,0,153000.0,0.0,7,0,0.0,True,0.845086,0,3,7.394237,4.8e-05,0,0.000301,0.0,0.0,,1,0,0,0,False,0.0383,0.2211,0.2111,0.1962,0.0
100000004931931100,peripheral,0.769,1,0.1534,"Получил 24 тыс ₸ от 1 плательщика, отдал 45 тыс ₸ 1 получ., пропуск 188%; пороги ролей не достигнуты",1177,,,3,False,1,1,23938.0,45000.0,1,1,1.879856,False,1.0,0,2,290.377951,0.006453,1,0.000292,1.9e-05,0.0,3.0,1,0,0,0,False,0.0769,0.1395,0.0,0.5093,0.0
100000006756956100,peripheral,0.452,1,0.1532,4-е колено (обход оборван): 9 поступл. на 121 тыс ₸ от 1 плательщика; P(передаёт дальше)=0.68 — порогов ролей не достигает,1178,,обрыв_4_колена,4,False,1,0,121200.0,0.0,9,0,0.0,True,0.676858,0,3,229.463798,0.001893,1,0.000311,0.0,0.0,,1,0,0,0,False,0.0452,0.2211,0.1671,0.2398,0.0
100000001130553100,peripheral,0.669,4,0.153,4-е колено (обход оборван): 2 поступл. на 18 тыс ₸ от 1 плательщика; P(передаёт дальше)=0.42 — порогов ролей не достигает,1179,,обрыв_4_колена,4,False,1,0,18000.0,0.0,2,0,0.0,True,0.424927,0,3,39.073596,0.002171,1,0.000544,0.0,0.0,,1,0,0,0,False,0.0669,0.2211,0.0,0.4184,0.0
100000002609774100,peripheral,0.812,16,0.1528,"Получил 8 тыс ₸ от 1 плательщика, отдал 28 тыс ₸ 1 получ., пропуск 357%; пороги ролей не достигнуты",1180,,,1,False,1,1,7700.0,27500.0,1,1,3.571429,False,1.0,1,2,7700.0,0.28,1,0.000286,0.00028,0.0,,1,0,0,0,False,0.0812,0.1395,0.0,0.4973,0.0
100000000507799100,peripheral,0.9,41,0.1527,"Получил 5 тыс ₸ от 1 плательщика, отдал 8 тыс ₸ 1 получ., пропуск 156%; пороги ролей не достигнуты",1181,,,1,False,1,1,5132.0,8000.0,1,1,1.558846,False,1.0,1,2,5132.0,0.6415,1,0.000286,0.000115,0.0,3.0,1,0,0,0,False,0.09,0.1395,0.0,0.4791,0.0
100000002208836100,peripheral,0.576,4,0.1527,4-е колено (обход оборван): 1 поступл. на 90 тыс ₸ от 1 плательщика; P(передаёт дальше)=0.38 — порогов ролей не достигает,1182,,обрыв_4_колена,4,False,1,0,90000.0,0.0,1,0,0.0,True,0.375958,0,3,103.557505,0.001151,0,0.00033,0.0,0.0,,1,0,0,0,False,0.0576,0.2211,0.1109,0.2874,0.0
100000006734554100,peripheral,0.82,26,0.1525,"Получил 16 тыс ₸ от 1 плательщика, отдал 25 тыс ₸ 1 получ., пропуск 152%; пороги ролей не достигнуты",1183,,,1,False,1,1,16500.0,25000.0,1,1,1.515152,False,1.0,1,1,16500.0,0.66,0,0.000312,1e-06,0.0,19.0,1,0,0,0,False,0.082,0.0473,0.0,0.6168,0.0
100000000369781100,peripheral,0.712,4,0.1523,4-е колено (обход оборван): 1 поступл. на 5 тыс ₸ от 1 плательщика; P(передаёт дальше)=0.42 — порогов ролей не достигает,1184,,обрыв_4_колена,4,False,1,0,5000.0,0.0,1,0,0.0,True,0.418588,0,3,5.97681,0.001195,0,0.000532,0.0,0.0,,1,0,0,0,False,0.0712,0.2211,0.0,0.4055,0.0
100000005367284100,peripheral,0.763,1,0.1523,"Получил 14 тыс ₸ от 1 плательщика, отдал 48 тыс ₸ 2 получ., пропуск 353%; пороги ролей не достигнуты",1185,,,3,False,1,2,13700.0,48300.0,1,5,3.525547,False,1.0,0,2,166.18673,0.003441,1,0.000289,3.8e-05,1.0,0.0,1,0,0,0,False,0.0763,0.1395,0.0,0.504,0.0
100000005022964100,peripheral,0.84,5,0.1521,Получил 20 тыс ₸ от 1 плательщика; пороги ролей не достигнуты,1186,,,2,False,1,0,20000.0,0.0,1,0,0.0,False,0.0,0,4,11475.409836,0.57377,0,0.000327,0.0,0.0,,1,0,0,0,False,0.084,0.2919,0.0,0.2843,0.0
100000002592567100,peripheral,0.763,3,0.1517,"Получил 5 тыс ₸ от 1 плательщика, отдал 49 тыс ₸ 2 получ., пропуск 918%; пороги ролей не достигнуты",1187,,,1,False,1,2,5297.0,48600.0,1,2,9.175005,False,1.0,1,2,5297.0,0.108992,3,0.000286,0.00072,0.0,7.0,1,0,0,0,False,0.0763,0.1395,0.0,0.5011,0.0
100000008343415100,peripheral,0.558,9,0.1517,4-е колено (обход оборван): 3 поступл. на 100 тыс ₸ от 1 плательщика; P(передаёт дальше)=0.41 — порогов ролей не достигает,1188,,обрыв_4_колена,4,False,1,0,100000.0,0.0,3,0,0.0,True,0.405954,0,2,318.433411,0.003184,0,0.000434,0.0,0.0,,1,0,0,0,False,0.0558,0.1395,0.1308,0.3674,0.0
100000006308406100,peripheral,0.485,28,0.1515,4-е колено (обход оборван): 2 поступл. на 183 тыс ₸ от 1 плательщика; P(передаёт дальше)=0.50 — порогов ролей не достигает,1189,,обрыв_4_колена,4,False,1,0,183000.0,0.0,2,0,0.0,True,0.502404,0,1,2687.983765,0.014688,0,0.000539,0.0,0.0,,1,0,0,0,False,0.0485,0.0,0.2449,0.415,0.0
100000008720856100,peripheral,0.767,4,0.1515,"Получил 18 тыс ₸ от 1 плательщика, отдал 46 тыс ₸ 1 получ., пропуск 254%; пороги ролей не достигнуты",1190,,,3,False,1,1,18105.0,46000.0,1,2,2.540735,False,1.0,0,1,109.535289,0.002381,0,0.000319,2e-05,0.0,,1,0,0,0,False,0.0767,0.0,0.0,0.6848,0.0
100000003877908100,peripheral,0.78,5,0.1514,Получил 40 тыс ₸ от 1 плательщика; пороги ролей не достигнуты,1191,,,1,False,1,0,40000.0,0.0,1,0,0.0,False,0.0,1,4,40000.0,1.0,1,0.000294,0.0,0.0,,1,0,0,0,False,0.078,0.4098,0.0,0.1352,0.0
100000004509286100,peripheral,0.78,5,0.1514,Получил 40 тыс ₸ от 1 плательщика; пороги ролей не достигнуты,1192,,,1,False,1,0,40000.0,0.0,1,0,0.0,False,0.0,1,4,40000.0,1.0,1,0.000294,0.0,0.0,,1,0,0,0,False,0.078,0.4098,0.0,0.1352,0.0
100000004610802100,peripheral,0.315,47,0.1514,4-е колено (обход оборван): 18 поступл. на 241 тыс ₸ от 1 плательщика; P(передаёт дальше)=0.99 — порогов ролей не достигает,1193,,обрыв_4_колена,4,False,1,0,241000.0,0.0,18,0,0.0,True,0.988469,0,1,155.426283,0.000645,0,0.000474,0.0,0.0,,1,0,0,0,False,0.0315,0.0,0.2968,0.379,0.0
100000008237827100,peripheral,0.78,5,0.1514,Получил 40 тыс ₸ от 1 плательщика; пороги ролей не достигнуты,1194,,,1,False,1,0,40001.0,0.0,1,0,0.0,False,0.0,1,4,40001.0,1.0,1,0.000294,0.0,0.0,,1,0,0,0,False,0.078,0.4098,0.0,0.1357,0.0
100000001724740100,peripheral,0.479,2,0.1511,4-е колено (обход оборван): 4 поступл. на 185 тыс ₸ от 1 плательщика; P(передаёт дальше)=0.52 — порогов ролей не достигает,1195,,обрыв_4_колена,4,False,1,0,185000.0,0.0,4,0,0.0,True,0.518994,0,1,226.933503,0.001227,0,0.000536,0.0,0.0,,1,0,0,0,False,0.0479,0.0,0.2469,0.4113,0.0
100000004232712100,peripheral,0.702,4,0.1503,4-е колено (обход оборван): 1 поступл. на 12 тыс ₸ от 1 плательщика; P(передаёт дальше)=0.40 — порогов ролей не достигает,1196,,обрыв_4_колена,4,False,1,0,12500.0,0.0,1,0,0.0,True,0.404616,0,3,14.942026,0.001195,0,0.000529,0.0,0.0,,1,0,0,0,False,0.0702,0.2211,0.0,0.3968,0.0
100000006989106100,peripheral,0.739,6,0.15,Получил 64 тыс ₸ от 1 плательщика; пороги ролей не достигнуты,1197,,,2,False,1,0,64000.0,0.0,2,0,0.0,False,0.0,0,1,64000.0,1.0,0,0.000496,0.0,0.0,,1,0,0,0,False,0.0739,0.1752,0.0466,0.3868,0.0
100000000533217100,peripheral,0.754,1,0.1497,Получил 54 тыс ₸ от 1 плательщика; пороги ролей не достигнуты,1198,,,2,False,1,0,53587.0,0.0,1,0,0.0,False,0.0,0,1,53003.335674,0.989108,0,0.000654,0.0,0.0,,1,0,0,0,False,0.0754,0.1574,0.0131,0.4502,0.0
100000003500764100,peripheral,0.669,14,0.1495,4-е колено (обход оборван): 1 поступл. на 21 тыс ₸ от 1 плательщика; P(передаёт дальше)=0.40 — порогов ролей не достигает,1199,,обрыв_4_колена,4,False,1,0,21000.0,0.0,1,0,0.0,True,0.399536,0,3,39.375952,0.001875,0,0.00053,0.0,0.0,,1,0,0,0,False,0.0669,0.2211,0.0,0.399,0.0
100000007274584100,peripheral,0.784,5,0.1495,Получил 38 тыс ₸ от 1 плательщика; пороги ролей не достигнуты,1200,,,1,False,1,0,38000.0,0.0,1,0,0.0,False,0.0,1,4,38000.0,1.0,1,0.000293,0.0,0.0,,1,0,0,0,False,0.0784,0.4049,0.0,0.1306,0.0
100000000943371100,peripheral,0.862,13,0.1491,Получил 16 тыс ₸ от 1 плательщика; пороги ролей не достигнуты,1201,,,2,False,1,0,15500.0,0.0,1,0,0.0,False,0.0,0,5,4546.458682,0.29332,0,0.000306,0.0,0.0,,1,0,0,0,False,0.0862,0.3238,0.0,0.2211,0.0
100000004456564100,peripheral,0.9,16,0.1486,Получил 10 тыс ₸ от 1 плательщика; пороги ролей не достигнуты,1202,,,2,False,1,0,10000.0,0.0,2,0,0.0,False,0.0,0,3,3937.260794,0.393726,1,0.000392,0.0,0.0,,1,0,0,0,False,0.09,0.2211,0.0,0.3474,0.0
100000005032294100,peripheral,0.9,16,0.1486,Получил 10 тыс ₸ от 1 плательщика; пороги ролей не достигнуты,1203,,,2,False,1,0,10000.0,0.0,1,0,0.0,False,0.0,0,3,3937.260794,0.393726,1,0.000392,0.0,0.0,,1,0,0,0,False,0.09,0.2211,0.0,0.3474,0.0
100000005941908100,peripheral,0.9,16,0.1484,Получил 10 тыс ₸ от 1 плательщика; пороги ролей не достигнуты,1204,,,3,False,1,0,10000.0,0.0,1,0,0.0,False,0.0,0,2,3937.260794,0.393726,0,0.000692,0.0,0.0,,1,0,0,0,False,0.09,0.1395,0.0,0.4551,0.0
100000008735802100,peripheral,0.552,1,0.1483,4-е колено (обход оборван): 2 поступл. на 85 тыс ₸ от 1 плательщика; P(передаёт дальше)=0.45 — порогов ролей не достигает,1205,,обрыв_4_колена,4,False,1,0,85000.0,0.0,2,0,0.0,True,0.453424,0,2,18.038738,0.000212,0,0.000509,0.0,0.0,,1,0,0,0,False,0.0552,0.1395,0.1002,0.391,0.0
100000000785800100,peripheral,0.844,39,0.148,"Получил 19 тыс ₸ от 1 плательщика, отдал 19 тыс ₸ 1 получ., пропуск 100%; пороги ролей не достигнуты",1206,,возвратные_циклы,2,False,1,1,19000.0,19000.0,1,1,1.0,False,1.0,0,1,19000.0,1.0,0,0.000357,0.0,1.0,0.0,1,1,0,0,False,0.0844,0.0606,0.0,0.3196,0.25
100000003163256100,peripheral,0.865,3,0.1478,"Получил 13 тыс ₸ от 1 плательщика, отдал 15 тыс ₸ 1 получ., пропуск 111%; пороги ролей не достигнуты",1207,,,1,False,1,1,13485.0,15000.0,1,1,1.112347,False,1.0,1,2,13485.0,0.899,1,0.000287,1.9e-05,0.0,,1,0,0,0,False,0.0865,0.1677,0.0,0.4215,0.0
100000008737514100,peripheral,0.714,3,0.1477,Получил 85 тыс ₸ от 1 плательщика; пороги ролей не достигнуты,1208,,,2,False,1,0,85000.0,0.0,1,0,0.0,False,0.0,0,3,2356.226537,0.02772,1,0.000313,0.0,0.0,,1,0,0,0,False,0.0714,0.2211,0.1002,0.2462,0.0
100000002971593100,peripheral,0.614,4,0.1476,4-е колено (обход оборван): 1 поступл. на 49 тыс ₸ от 1 плательщика; P(передаёт дальше)=0.39 — порогов ролей не достигает,1209,,обрыв_4_колена,4,False,1,0,49050.0,0.0,1,0,0.0,True,0.38945,0,3,58.632508,0.001195,0,0.00053,0.0,0.0,,1,0,0,0,False,0.0614,0.2211,0.0,0.3995,0.0
100000003024542100,peripheral,0.9,5,0.1475,Получил 8 тыс ₸ от 1 плательщика; пороги ролей не достигнуты,1210,,,2,False,1,0,8500.0,0.0,1,0,0.0,False,0.0,0,4,8500.0,1.0,0,0.000318,0.0,0.0,,1,0,0,0,False,0.09,0.2789,0.0,0.2645,0.0
100000005049404100,peripheral,0.522,4,0.1473,4-е колено (обход оборван): 2 поступл. на 98 тыс ₸ от 1 плательщика; P(передаёт дальше)=0.51 — порогов ролей не достигает,1211,,обрыв_4_колена,4,False,1,0,98000.0,0.0,2,0,0.0,True,0.511732,0,3,54.797559,0.000559,0,0.000313,0.0,0.0,,1,0,0,0,False,0.0522,0.2211,0.127,0.2467,0.0
100000008193258100,peripheral,0.725,14,0.1471,"Получил 75 тыс ₸ от 1 плательщика, отдал 30 тыс ₸ 1 получ., пропуск 40%; пороги ролей не достигнуты",1212,,,3,False,1,1,75000.0,30000.0,2,1,0.4,False,1.0,0,1,184.412019,0.002459,1,0.000297,1.9e-05,0.0,13.0,1,0,0,0,False,0.0725,0.0,0.0765,0.5672,0.0
100000007511780100,peripheral,0.494,20,0.147,4-е колено (обход оборван): 2 поступл. на 155 тыс ₸ от 1 плательщика; P(передаёт дальше)=0.51 — порогов ролей не достигает,1213,,обрыв_4_колена,4,False,1,0,155000.0,0.0,2,0,0.0,True,0.507341,0,1,201.025509,0.001297,0,0.000558,0.0,0.0,,1,0,0,0,False,0.0494,0.0,0.2135,0.4297,0.0
100000008680912100,peripheral,0.769,20,0.147,"Получил 45 тыс ₸ от 1 плательщика, отдал 6 тыс ₸ 1 получ., пропуск 13%; пороги ролей не достигнуты",1214,,возвратные_циклы,3,False,1,1,45112.0,5990.85,2,1,0.132799,False,1.0,0,1,965.373778,0.021399,0,0.000535,0.0,0.0,5.0,1,1,0,0,False,0.0769,0.0,0.0,0.4099,0.25
100000001597505100,peripheral,0.815,8,0.1469,"Получил 26 тыс ₸ от 1 плательщика, отдал 13 тыс ₸ 1 получ., пропуск 49%; пороги ролей не достигнуты",1215,,,2,False,1,1,26460.0,12920.0,1,1,0.488284,False,1.0,0,1,3939.989149,0.148904,1,0.000315,1e-05,0.0,,1,0,0,0,False,0.0815,0.0,0.0,0.6501,0.0
100000003832231100,peripheral,0.791,5,0.1466,Получил 35 тыс ₸ от 1 плательщика; пороги ролей не достигнуты,1216,,,1,False,1,0,35000.0,0.0,1,0,0.0,False,0.0,1,4,35000.0,1.0,1,0.000293,0.0,0.0,,1,0,0,0,False,0.0791,0.3972,0.0,0.1234,0.0
100000005105153100,peripheral,0.805,10,0.1462,Получил 30 тыс ₸ от 1 плательщика; пороги ролей не достигнуты,1217,,,2,False,1,0,30000.0,0.0,1,0,0.0,False,0.0,0,3,2899.538316,0.096651,1,0.000401,0.0,0.0,,1,0,0,0,False,0.0805,0.2211,0.0,0.3534,0.0
100000003622955100,peripheral,0.69,1,0.1461,4-е колено (обход оборван): 1 поступл. на 15 тыс ₸ от 1 плательщика; P(передаёт дальше)=0.40 — порогов ролей не достигает,1218,,обрыв_4_колена,4,False,1,0,15000.0,0.0,1,0,0.0,True,0.4049,0,2,5898.867523,0.393258,0,0.001334,0.0,0.0,,1,0,0,0,False,0.069,0.1395,0.0,0.4844,0.0
100000008050986100,peripheral,0.545,4,0.1461,4-е колено (обход оборван): 2 поступл. на 95 тыс ₸ от 1 плательщика; P(передаёт дальше)=0.45 — порогов ролей не достигает,1219,,обрыв_4_колена,4,False,1,0,95000.0,0.0,2,0,0.0,True,0.451812,0,3,53.120082,0.000559,0,0.000312,0.0,0.0,,1,0,0,0,False,0.0545,0.2211,0.1211,0.2431,0.0
100000004697956100,peripheral,0.9,8,0.1457,"Получил 10 тыс ₸ от 1 плательщика, отдал 10 тыс ₸ 1 получ., пропуск 100%; пороги ролей не достигнуты",1220,,возвратные_циклы,3,False,1,1,10000.0,10000.0,1,1,1.0,False,1.0,0,1,2400.064002,0.240006,0,0.000468,0.0,0.0,3.0,1,1,0,0,False,0.09,0.0,0.0,0.3766,0.25
100000003102157100,peripheral,0.703,1,0.1456,Получил 97 тыс ₸ от 1 плательщика; пороги ролей не достигнуты,1221,,,1,False,1,0,96746.0,0.0,2,0,0.0,False,0.0,1,1,96746.0,1.0,1,0.000304,0.0,0.0,,1,0,0,0,False,0.0703,0.2142,0.1246,0.2135,0.0
100000005497148100,peripheral,0.625,4,0.1454,4-е колено (обход оборван): 2 поступл. на 24 тыс ₸ от 1 плательщика; P(передаёт дальше)=0.48 — порогов ролей не достигает,1222,,обрыв_4_колена,4,False,1,0,24000.0,0.0,2,0,0.0,True,0.48359,0,3,28.688689,0.001195,0,0.00049,0.0,0.0,,1,0,0,0,False,0.0625,0.2211,0.0,0.3848,0.0
100000002214301100,peripheral,0.834,1,0.1453,"Получил 21 тыс ₸ от 1 плательщика, отдал 8 тыс ₸ 1 получ., пропуск 37%; пороги ролей не достигнуты",1223,,,1,False,1,1,21438.0,8000.0,1,1,0.373169,False,1.0,1,1,21438.0,1.0,1,0.00029,9.6e-05,0.0,19.0,1,0,0,0,False,0.0834,0.072,0.0,0.5416,0.0
100000003632533100,peripheral,0.717,4,0.1451,4-е колено (обход оборван): 1 поступл. на 10 тыс ₸ от 1 плательщика; P(передаёт дальше)=0.41 — порогов ролей не достигает,1224,,обрыв_4_колена,4,False,1,0,10000.0,0.0,1,0,0.0,True,0.40649,0,3,21.707553,0.002171,1,0.000429,0.0,0.0,,1,0,0,0,False,0.0717,0.2211,0.0,0.365,0.0
100000006952718100,peripheral,0.729,3,0.1447,Получил 71 тыс ₸ от 1 плательщика; пороги ролей не достигнуты,1225,,,1,False,1,0,71489.0,0.0,1,0,0.0,False,0.0,1,2,71489.0,1.0,1,0.000293,0.0,0.0,,1,0,0,0,False,0.0729,0.3251,0.0675,0.1315,0.0
100000003188607100,peripheral,0.849,6,0.1443,"Получил 18 тыс ₸ от 1 плательщика, отдал 5 тыс ₸ 1 получ., пропуск 28%; пороги ролей не достигнуты",1226,,,2,False,1,1,18000.0,5000.0,1,1,0.277778,False,1.0,0,1,9729.72973,0.540541,0,0.000315,1e-06,0.0,,1,0,0,0,False,0.0849,0.0,0.0,0.629,0.0
100000003896956100,peripheral,0.814,3,0.1443,"Получил 10 тыс ₸ от 1 плательщика, отдал 27 тыс ₸ 1 получ., пропуск 270%; пороги ролей не достигнуты",1227,,,3,False,1,1,10000.0,27000.0,1,2,2.7,False,1.0,0,2,104.322391,0.003864,1,0.000289,1.9e-05,1.0,1.0,1,0,0,0,False,0.0814,0.1395,0.0,0.4495,0.0
100000003039473100,peripheral,0.828,3,0.1442,Получил 23 тыс ₸ от 1 плательщика; пороги ролей не достигнуты,1228,,,2,False,1,0,23000.0,0.0,1,0,0.0,False,0.0,0,3,20980.100086,0.912178,0,0.000312,0.0,0.0,,1,0,0,0,False,0.0828,0.291,0.0,0.2444,0.0
100000000860514100,peripheral,0.76,30,0.1441,"Получил 12 тыс ₸ от 1 плательщика, отдал 50 тыс ₸ 1 получ., пропуск 417%; пороги ролей не достигнуты",1229,,,3,False,1,1,12000.0,50000.0,1,1,4.166667,False,1.0,0,1,229.588778,0.004592,0,0.000306,2e-05,0.0,11.0,1,0,0,0,False,0.076,0.0,0.0,0.6452,0.0
100000002727288100,peripheral,0.859,3,0.1438,Получил 16 тыс ₸ от 1 плательщика; пороги ролей не достигнуты,1230,,,3,False,1,0,16000.0,0.0,1,0,0.0,False,0.0,0,3,290.065347,0.018129,0,0.000366,0.0,0.0,,1,0,0,0,False,0.0859,0.2211,0.0,0.3292,0.0
100000004622227100,peripheral,0.709,1,0.1438,"Получил 25 тыс ₸ от 1 плательщика, отдал 19 тыс ₸ 3 получ., пропуск 76%; пороги ролей не достигнуты",1231,,,1,False,1,3,24931.0,19000.0,1,3,0.762103,False,1.0,1,1,24931.0,1.0,3,0.00029,4.8e-05,0.0,3.0,1,0,0,0,False,0.0709,0.0862,0.0,0.5391,0.0
100000008474308100,peripheral,0.871,17,0.1438,"Получил 14 тыс ₸ от 1 плательщика, отдал 10 тыс ₸ 1 получ., пропуск 71%; пороги ролей не достигнуты",1232,,возвратные_циклы,2,False,1,1,14000.0,10000.0,2,1,0.714286,False,1.0,0,1,8575.0,0.6125,0,0.000445,0.0,0.0,,1,1,0,0,False,0.0871,0.0,0.0,0.3714,0.25
100000002692044100,peripheral,0.703,17,0.1437,Получил 97 тыс ₸ от 1 плательщика; пороги ролей не достигнуты,1233,,,1,False,1,0,97000.0,0.0,1,0,0.0,False,0.0,1,1,97000.0,1.0,1,0.000302,0.0,0.0,,1,0,0,0,False,0.0703,0.2144,0.1251,0.202,0.0
100000003792647100,peripheral,0.717,4,0.143,4-е колено (обход оборван): 1 поступл. на 8 тыс ₸ от 1 плательщика; P(передаёт дальше)=0.41 — порогов ролей не достигает,1234,,обрыв_4_колена,4,False,1,0,8000.0,0.0,1,0,0.0,True,0.407346,0,3,17.366043,0.002171,1,0.0004,0.0,0.0,,1,0,0,0,False,0.0717,0.2211,0.0,0.3532,0.0
100000006684930100,peripheral,0.9,13,0.1429,Получил 10 тыс ₸ от 1 плательщика; пороги ролей не достигнуты,1235,,,2,False,1,0,10000.0,0.0,1,0,0.0,False,0.0,0,5,2933.19915,0.29332,0,0.000299,0.0,0.0,,1,0,0,0,False,0.09,0.3238,0.0,0.1788,0.0
100000002487222100,peripheral,0.539,4,0.1425,4-е колено (обход оборван): 2 поступл. на 90 тыс ₸ от 1 плательщика; P(передаёт дальше)=0.48 — порогов ролей не достигает,1236,,обрыв_4_колена,4,False,1,0,90000.0,0.0,2,0,0.0,True,0.481177,0,3,50.324289,0.000559,0,0.00031,0.0,0.0,,1,0,0,0,False,0.0539,0.2211,0.1109,0.238,0.0
100000003086040100,peripheral,0.896,1,0.1422,Получил 10 тыс ₸ от 1 плательщика; пороги ролей не достигнуты,1237,,,2,False,1,0,10500.0,0.0,1,0,0.0,False,0.0,0,2,3140.102321,0.299057,1,0.000548,0.0,0.0,,1,0,0,0,False,0.0896,0.1395,0.0,0.4217,0.0
100000002705460100,peripheral,0.704,3,0.1415,Получил 95 тыс ₸ от 1 плательщика; пороги ролей не достигнуты,1238,,,3,False,1,0,95000.0,0.0,1,0,0.0,False,0.0,0,1,15005.843117,0.157956,0,0.000558,0.0,0.0,,1,0,0,0,False,0.0704,0.0383,0.1211,0.4295,0.0
100000002938501100,peripheral,0.9,3,0.1407,"Получил 8 тыс ₸ от 1 плательщика, отдал 5 тыс ₸ 1 получ., пропуск 60%; пороги ролей не достигнуты",1239,,,1,False,1,1,8395.0,5000.0,1,1,0.595593,False,1.0,1,2,8395.0,1.0,1,0.000286,1.8e-05,0.0,,1,0,0,0,False,0.09,0.1395,0.0,0.4126,0.0
100000004798515100,peripheral,0.5,17,0.1403,4-е колено (обход оборван): 2 поступл. на 200 тыс ₸ от 1 плательщика; P(передаёт дальше)=0.44 — порогов ролей не достигает,1240,,обрыв_4_колена,4,False,1,0,200000.0,0.0,2,0,0.0,True,0.438159,0,1,142.122153,0.000711,0,0.000364,0.0,0.0,,1,0,0,0,False,0.05,0.0,0.2616,0.3274,0.0
100000000560751100,peripheral,0.82,13,0.1402,Получил 25 тыс ₸ от 1 плательщика; пороги ролей не достигнуты,1241,,,3,False,1,0,25000.0,0.0,1,0,0.0,False,0.0,0,2,596.079438,0.023843,0,0.000552,0.0,0.0,,1,0,0,0,False,0.082,0.1395,0.0,0.4262,0.0
100000008190411100,peripheral,0.337,13,0.1402,4-е колено (обход оборван): 12 поступл. на 198 тыс ₸ от 1 плательщика; P(передаёт дальше)=0.95 — порогов ролей не достигает,1242,,обрыв_4_колена,4,False,1,0,198450.0,0.0,12,0,0.0,True,0.947726,0,1,9.661381,4.9e-05,0,0.000424,0.0,0.0,,1,0,0,0,False,0.0337,0.0,0.2602,0.3617,0.0
100000002229615100,peripheral,0.658,28,0.1401,4-е колено (обход оборван): 1 поступл. на 25 тыс ₸ от 1 плательщика; P(передаёт дальше)=0.40 — порогов ролей не достигает,1243,,обрыв_4_колена,4,False,1,0,25000.0,0.0,1,0,0.0,True,0.396885,0,2,1343.964514,0.053759,0,0.000718,0.0,0.0,,1,0,0,0,False,0.0658,0.1395,0.0,0.458,0.0
100000003696422100,peripheral,0.513,25,0.14,4-е колено (обход оборван): 2 поступл. на 118 тыс ₸ от 1 плательщика; P(передаёт дальше)=0.50 — порогов ролей не достигает,1244,,обрыв_4_колена,4,False,1,0,118000.0,0.0,2,0,0.0,True,0.504458,0,1,542.493706,0.004597,0,0.000709,0.0,0.0,,1,0,0,0,False,0.0513,0.0,0.1621,0.4562,0.0
100000003239379100,peripheral,0.707,17,0.1398,Получил 92 тыс ₸ от 1 плательщика; пороги ролей не достигнуты,1245,,,1,False,1,0,92500.0,0.0,1,0,0.0,False,0.0,1,1,92500.0,1.0,1,0.000301,0.0,0.0,,1,0,0,0,False,0.0707,0.2099,0.1161,0.1975,0.0
100000005186131100,peripheral,0.9,1,0.1398,"Получил 10 тыс ₸ от 1 плательщика, отдал 10 тыс ₸ 1 получ., пропуск 100%; пороги ролей не достигнуты",1246,,,3,False,1,1,10000.0,10000.0,1,1,1.0,False,1.0,0,2,8.464426,0.000846,1,0.000286,1.9e-05,1.0,0.0,1,0,0,0,False,0.09,0.1395,0.0,0.4077,0.0
100000005417257100,transit,0.655,7,0.1397,"Признаки передачи средств seed: вход неполон; переправил 106 тыс ₸ 2 получ., 75% — одному",1247,,seed,0,True,0,2,0.0,106000.0,0,2,,False,1.0,0,0,0.0,1.0,0,0.000286,0.0,0.0,,0,0,0,0,False,0.3603,0.0,0.1418,0.0002,0.0
100000004779204100,peripheral,0.803,1,0.1394,"Получил 30 тыс ₸ от 1 плательщика, отдал 20 тыс ₸ 1 получ., пропуск 66%; пороги ролей не достигнуты",1248,,,3,False,1,1,30450.0,20000.0,1,2,0.656814,False,1.0,0,2,25.774177,0.000846,1,0.000287,1.9e-05,0.328407,0.0,1,0,0,0,False,0.0803,0.1395,0.0,0.425,0.0
100000004463277100,peripheral,0.791,26,0.1393,Получил 35 тыс ₸ от 1 плательщика; пороги ролей не достигнуты,1249,,,2,False,1,0,35000.0,0.0,1,0,0.0,False,0.0,0,1,35000.0,1.0,0,0.000692,0.0,0.0,,1,0,0,0,False,0.0791,0.1182,0.0,0.4548,0.0
100000000945428100,peripheral,0.71,1,0.1391,Получил 90 тыс ₸ от 1 плательщика; пороги ролей не достигнуты,1250,,,1,False,1,0,89629.0,0.0,1,0,0.0,False,0.0,1,1,89629.0,1.0,1,0.000302,0.0,0.0,,1,0,0,0,False,0.071,0.207,0.1102,0.2051,0.0
100000003582677100,peripheral,0.659,1,0.139,"Получил 30 тыс ₸ от 2 плательщиков, отдал 56 тыс ₸ 4 получ., пропуск 188%; пороги ролей не достигнуты",1251,,,3,False,2,4,29756.99,56000.0,2,5,1.881911,False,1.0,0,1,150.363293,0.002685,6,0.000293,0.000179,0.0,9.0,1,0,0,1,False,0.0659,0.0,0.0214,0.609,0.0
100000003447411100,peripheral,0.479,9,0.1389,4-е колено (обход оборван): 3 поступл. на 302 тыс ₸ от 1 плательщика; P(передаёт дальше)=0.41 — порогов ролей не достигает,1252,,обрыв_4_колена,4,False,1,0,302000.0,0.0,3,0,0.0,True,0.413175,0,1,12.925029,4.3e-05,1,0.000306,0.0,0.0,,1,0,0,0,False,0.0479,0.0,0.3394,0.2204,0.0
100000002611334100,peripheral,0.763,1,0.1387,"Получил 48 тыс ₸ от 1 плательщика, отдал 16 тыс ₸ 1 получ., пропуск 32%; пороги ролей не достигнуты",1253,,,3,False,1,1,48288.0,15500.0,1,1,0.320991,False,1.0,0,1,37.80192,0.000783,1,0.000305,1.9e-05,0.0,27.0,1,0,0,0,False,0.0763,0.0,0.0,0.6148,0.0
100000002778085100,peripheral,0.736,3,0.1387,Получил 66 тыс ₸ от 1 плательщика; пороги ролей не достигнуты,1254,,,1,False,1,0,66208.0,0.0,1,0,0.0,False,0.0,1,2,66208.0,1.0,1,0.000293,0.0,0.0,,1,0,0,0,False,0.0736,0.3179,0.053,0.1257,0.0
100000002968096100,peripheral,0.592,9,0.1387,4-е колено (обход оборван): 1 поступл. на 70 тыс ₸ от 1 плательщика; P(передаёт дальше)=0.38 — порогов ролей не достигает,1255,,обрыв_4_колена,4,False,1,0,70000.0,0.0,1,0,0.0,True,0.37973,0,3,25.642981,0.000366,0,0.000319,0.0,0.0,,1,0,0,0,False,0.0592,0.2211,0.0635,0.2696,0.0
100000004386286100,peripheral,0.704,17,0.1386,4-е колено (обход оборван): 1 поступл. на 12 тыс ₸ от 1 плательщика; P(передаёт дальше)=0.40 — порогов ролей не достигает,1256,,обрыв_4_колена,4,False,1,0,12500.0,0.0,1,0,0.0,True,0.401568,0,2,6942.994747,0.55544,0,0.000597,0.0,0.0,,1,0,0,0,False,0.0704,0.1395,0.0,0.4404,0.0
100000002662768100,peripheral,0.715,5,0.1384,Получил 84 тыс ₸ от 1 плательщика; пороги ролей не достигнуты,1257,,,1,False,1,0,84300.0,0.0,1,0,0.0,False,0.0,1,1,84300.0,1.0,1,0.000306,0.0,0.0,,1,0,0,0,False,0.0715,0.2012,0.0986,0.2233,0.0
100000008673001100,peripheral,0.719,7,0.1384,Получил 80 тыс ₸ от 1 плательщика; пороги ролей не достигнуты; seed: вход занижен,1258,,seed,0,True,1,0,80000.0,0.0,1,0,0.0,False,0.0,1,1,80000.0,1.0,0,0.000469,0.0,0.0,,1,0,0,0,False,0.0719,0.1962,0.0887,0.3772,0.0
100000000749118100,peripheral,0.857,1,0.1383,"Получил 10 тыс ₸ от 1 плательщика, отдал 16 тыс ₸ 1 получ., пропуск 160%; пороги ролей не достигнуты",1259,,,3,False,1,1,10330.0,16500.0,1,1,1.597289,False,1.0,0,2,8.743752,0.00053,1,0.000286,1.9e-05,0.0,19.0,1,0,0,0,False,0.0857,0.1395,0.0,0.4081,0.0
100000001740277100,peripheral,0.9,6,0.1378,"Получил 9 тыс ₸ от 1 плательщика, отдал 5 тыс ₸ 1 получ., пропуск 57%; пороги ролей не достигнуты",1260,,возвратные_циклы,3,False,1,1,8700.0,5000.0,1,1,0.574713,False,1.0,0,1,1916.102603,0.220242,0,0.00037,0.0,0.574713,2.0,1,1,0,0,False,0.09,0.0,0.0,0.3323,0.25
100000000795033100,peripheral,0.848,1,0.1377,Получил 18 тыс ₸ от 1 плательщика; пороги ролей не достигнуты,1261,,,2,False,1,0,18200.0,0.0,1,0,0.0,False,0.0,0,2,2647.039806,0.145442,0,0.000533,0.0,0.0,,1,0,0,0,False,0.0848,0.1395,0.0,0.4064,0.0
100000007042175100,peripheral,0.601,1,0.1375,4-е колено (обход оборван): 1 поступл. на 60 тыс ₸ от 1 плательщика; P(передаёт дальше)=0.38 — порогов ролей не достигает,1262,,обрыв_4_колена,4,False,1,0,60000.0,0.0,1,0,0.0,True,0.384677,0,2,118.983592,0.001983,0,0.000534,0.0,0.0,,1,0,0,0,False,0.0601,0.1395,0.0344,0.4088,0.0
100000008634520100,peripheral,0.709,2,0.1375,Получил 90 тыс ₸ от 1 плательщика; пороги ролей не достигнуты,1263,,,3,False,1,0,90000.0,0.0,1,0,0.0,False,0.0,0,3,46.970726,0.000522,1,0.000298,0.0,0.0,,1,0,0,0,False,0.0709,0.2211,0.1109,0.1766,0.0
100000004467157100,peripheral,0.84,22,0.1374,"Получил 20 тыс ₸ от 1 плательщика, отдал 7 тыс ₸ 1 получ., пропуск 35%; пороги ролей не достигнуты",1264,,возвратные_циклы,2,False,1,1,20000.0,7000.0,3,1,0.35,False,1.0,0,1,8265.937466,0.413297,0,0.000387,0.0,0.0,16.0,1,1,0,0,False,0.084,0.0,0.0,0.3425,0.25
100000001845505100,peripheral,0.673,1,0.1373,4-е колено (обход оборван): 1 поступл. на 20 тыс ₸ от 1 плательщика; P(передаёт дальше)=0.40 — порогов ролей не достигает,1265,,обрыв_4_колена,4,False,1,0,20000.0,0.0,1,0,0.0,True,0.396118,0,2,178.306556,0.008915,0,0.000592,0.0,0.0,,1,0,0,0,False,0.0673,0.1395,0.0,0.4395,0.0
100000006476758100,peripheral,0.9,7,0.1372,Получил 5 тыс ₸ от 1 плательщика; пороги ролей не достигнуты,1266,,,3,False,1,0,5200.0,0.0,1,0,0.0,False,0.0,0,2,1560.0,0.3,0,0.000517,0.0,0.0,,1,0,0,0,False,0.09,0.1395,0.0,0.3932,0.0
100000008349675100,peripheral,0.766,6,0.137,"Получил 47 тыс ₸ от 1 плательщика, отдал 37 тыс ₸ 1 получ., пропуск 79%; пороги ролей не достигнуты",1267,,,1,False,1,1,46520.0,36650.0,1,2,0.787833,False,1.0,1,1,46520.0,1.0,1,0.000288,0.0,0.397678,0.0,1,0,0,0,False,0.0766,0.1451,0.0,0.4115,0.0
100000003922499100,peripheral,0.76,17,0.1368,Получил 50 тыс ₸ от 1 плательщика; пороги ролей не достигнуты,1268,,,2,False,1,0,50000.0,0.0,1,0,0.0,False,0.0,0,1,47101.0,0.94202,0,0.000535,0.0,0.0,,1,0,0,0,False,0.076,0.1462,0.0,0.4101,0.0
100000008314863100,peripheral,0.884,5,0.1367,Получил 12 тыс ₸ от 1 плательщика; пороги ролей не достигнуты,1269,,,3,False,1,0,12000.0,0.0,1,0,0.0,False,0.0,0,2,6885.245902,0.57377,0,0.000517,0.0,0.0,,1,0,0,0,False,0.0884,0.1395,0.0,0.3935,0.0
100000005878334100,peripheral,0.556,9,0.1366,4-е колено (обход оборван): 2 поступл. на 76 тыс ₸ от 1 плательщика; P(передаёт дальше)=0.46 — порогов ролей не достигает,1270,,обрыв_4_колена,4,False,1,0,76400.0,0.0,2,0,0.0,True,0.462213,0,2,243.283126,0.003184,0,0.000399,0.0,0.0,,1,0,0,0,False,0.0556,0.1395,0.08,0.3521,0.0
100000005495211100,peripheral,0.692,1,0.1365,4-е колено (обход оборван): 1 поступл. на 14 тыс ₸ от 1 плательщика; P(передаёт дальше)=0.40 — порогов ролей не достигает,1271,,обрыв_4_колена,4,False,1,0,14500.0,0.0,1,0,0.0,True,0.404525,0,2,175.891064,0.01213,0,0.00056,0.0,0.0,,1,0,0,0,False,0.0692,0.1395,0.0,0.4308,0.0
100000000955529100,peripheral,0.739,5,0.1363,"Получил 27 тыс ₸ от 1 плательщика, отдал 64 тыс ₸ 1 получ., пропуск 235%; пороги ролей не достигнуты",1272,,,3,False,1,1,27000.0,63500.0,1,1,2.351852,False,1.0,0,1,208.335329,0.003281,1,0.000296,3e-06,0.0,7.0,1,0,0,0,False,0.0739,0.0,0.0451,0.546,0.0
100000008619857100,peripheral,0.78,1,0.1362,"Получил 29 тыс ₸ от 1 плательщика, отдал 13 тыс ₸ 2 получ., пропуск 45%; пороги ролей не достигнуты",1273,,,3,False,1,2,29000.0,13000.0,1,2,0.448276,False,1.0,0,2,24.546835,0.000846,3,0.000287,2e-06,0.275862,0.0,1,0,0,0,False,0.078,0.1395,0.0,0.4117,0.0
100000005052998100,peripheral,0.809,1,0.1353,"Получил 10 тыс ₸ от 1 плательщика, отдал 28 тыс ₸ 1 получ., пропуск 299%; пороги ролей не достигнуты",1274,,,3,False,1,1,9500.0,28400.0,1,1,2.989474,False,1.0,0,2,8.041205,0.000283,2,0.000286,4e-06,0.0,,1,0,0,0,False,0.0809,0.1395,0.0,0.401,0.0
100000000957746100,peripheral,0.712,14,0.1352,4-е колено (обход оборван): 1 поступл. на 5 тыс ₸ от 1 плательщика; P(передаёт дальше)=0.42 — порогов ролей не достигает,1275,,обрыв_4_колена,4,False,1,0,5300.0,0.0,1,0,0.0,True,0.417415,0,3,9.93774,0.001875,0,0.000347,0.0,0.0,,1,0,0,0,False,0.0712,0.2211,0.0,0.3109,0.0
100000005834479100,peripheral,0.78,1,0.1352,"Получил 8 тыс ₸ от 1 плательщика, отдал 14 тыс ₸ 2 получ., пропуск 193%; пороги ролей не достигнуты",1276,,,2,False,1,2,7500.0,14470.0,1,2,1.929333,False,1.0,0,2,106.028812,0.007327,2,0.000287,2e-06,0.0,,1,0,0,0,False,0.078,0.1395,0.0,0.4061,0.0
100000001145749100,peripheral,0.9,5,0.135,Получил 10 тыс ₸ от 1 плательщика; пороги ролей не достигнуты,1277,,,3,False,1,0,10000.0,0.0,1,0,0.0,False,0.0,0,2,5737.704918,0.57377,0,0.000479,0.0,0.0,,1,0,0,0,False,0.09,0.1395,0.0,0.381,0.0
100000002695812100,peripheral,0.622,15,0.135,4-е колено (обход оборван): 1 поступл. на 95 тыс ₸ от 1 плательщика; P(передаёт дальше)=0.23 — порогов ролей не достигает,1278,,обрыв_4_колена,4,False,1,0,95000.0,0.0,1,0,0.0,True,0.234524,0,2,224.254559,0.002361,1,0.000321,0.0,0.0,,1,0,0,0,False,0.0622,0.1395,0.1211,0.2749,0.0
100000002831727100,peripheral,0.723,18,0.1349,"Получил 6 тыс ₸ от 1 плательщика, отдал 77 тыс ₸ 1 получ., пропуск 1283%; пороги ролей не достигнуты",1279,,,2,False,1,1,6000.0,77000.0,1,3,12.833333,False,1.0,0,1,492.335664,0.006394,0,0.000291,1.9e-05,1.0,2.0,1,0,0,0,False,0.0723,0.0,0.0815,0.4933,0.0
100000008664469100,peripheral,0.82,5,0.1349,Получил 25 тыс ₸ от 1 плательщика; пороги ролей не достигнуты,1280,,,1,False,1,0,25000.0,0.0,1,0,0.0,False,0.0,1,4,25000.0,1.0,1,0.000291,0.0,0.0,,1,0,0,0,False,0.082,0.3654,0.0,0.0952,0.0
100000002599729100,peripheral,0.555,1,0.1348,4-е колено (обход оборван): 2 поступл. на 65 тыс ₸ от 1 плательщика; P(передаёт дальше)=0.50 — порогов ролей не достигает,1281,,обрыв_4_колена,4,False,1,0,65000.0,0.0,2,0,0.0,True,0.495114,0,2,48.829156,0.000751,0,0.000486,0.0,0.0,,1,0,0,0,False,0.0555,0.1395,0.0495,0.3832,0.0
100000001276409100,peripheral,0.622,15,0.1347,4-е колено (обход оборван): 1 поступл. на 95 тыс ₸ от 1 плательщика; P(передаёт дальше)=0.24 — порогов ролей не достигает,1282,,обрыв_4_колена,4,False,1,0,94760.0,0.0,1,0,0.0,True,0.235915,0,2,223.688021,0.002361,1,0.000321,0.0,0.0,,1,0,0,0,False,0.0622,0.1395,0.1207,0.2742,0.0
100000004971871100,peripheral,0.819,45,0.1342,"Получил 25 тыс ₸ от 1 плательщика, отдал 6 тыс ₸ 1 получ.; пороги ролей не достигнуты; seed: вход занижен",1283,,возвратные_циклы;seed,0,True,1,1,25400.0,5650.0,3,1,0.222441,False,1.0,0,0,3306.682028,1.0,0,0.000743,0.0,0.0,3.0,1,1,0,0,False,0.0819,0.0,0.0,0.4602,0.25
100000005567828100,peripheral,0.623,15,0.1341,4-е колено (обход оборван): 1 поступл. на 94 тыс ₸ от 1 плательщика; P(передаёт дальше)=0.23 — порогов ролей не достигает,1284,,обрыв_4_колена,4,False,1,0,94000.0,0.0,1,0,0.0,True,0.233566,0,2,221.893985,0.002361,1,0.000321,0.0,0.0,,1,0,0,0,False,0.0623,0.1395,0.1191,0.2729,0.0
100000003123296100,peripheral,0.713,17,0.1337,Получил 86 тыс ₸ от 1 плательщика; пороги ролей не достигнуты,1285,,,1,False,1,0,86200.0,0.0,2,0,0.0,False,0.0,1,1,86200.0,1.0,1,0.0003,0.0,0.0,,1,0,0,0,False,0.0713,0.2033,0.1028,0.1891,0.0
100000004791226100,peripheral,0.672,1,0.1333,4-е колено (обход оборван): 1 поступл. на 20 тыс ₸ от 1 плательщика; P(передаёт дальше)=0.40 — порогов ролей не достигает,1286,,обрыв_4_колена,4,False,1,0,20000.0,0.0,1,0,0.0,True,0.399963,0,2,16.928852,0.000846,0,0.000541,0.0,0.0,,1,0,0,0,False,0.0672,0.1395,0.0,0.4175,0.0
100000005041147100,peripheral,0.718,1,0.1333,4-е колено (обход оборван): 1 поступл. на 10 тыс ₸ от 1 плательщика; P(передаёт дальше)=0.41 — порогов ролей не достигает,1287,,обрыв_4_колена,4,False,1,0,10000.0,0.0,1,0,0.0,True,0.405065,0,2,121.304182,0.01213,0,0.000534,0.0,0.0,,1,0,0,0,False,0.0718,0.1395,0.0,0.4079,0.0
100000002214207100,peripheral,0.57,38,0.1331,4-е колено (обход оборван): 1 поступл. на 97 тыс ₸ от 1 плательщика; P(передаёт дальше)=0.38 — порогов ролей не достигает,1288,,обрыв_4_колена,4,False,1,0,97000.0,0.0,1,0,0.0,True,0.377392,0,1,10104.046243,0.104165,0,0.000691,0.0,0.0,,1,0,0,0,False,0.057,0.001,0.1251,0.4546,0.0
100000005852946100,peripheral,0.825,5,0.1329,Получил 24 тыс ₸ от 1 плательщика; пороги ролей не достигнуты,1289,,,1,False,1,0,23746.0,0.0,1,0,0.0,False,0.0,1,4,23746.0,1.0,1,0.00029,0.0,0.0,,1,0,0,0,False,0.0825,0.3606,0.0,0.0899,0.0
100000004192865100,peripheral,0.735,26,0.1328,Получил 67 тыс ₸ от 1 плательщика; пороги ролей не достигнуты,1290,,,2,False,1,0,66666.0,0.0,1,0,0.0,False,0.0,0,1,20000.0,0.300003,0,0.000556,0.0,0.0,,1,0,0,0,False,0.0735,0.0654,0.0543,0.4282,0.0
100000003951827100,peripheral,0.78,1,0.1325,"Получил 9 тыс ₸ от 1 плательщика, отдал 17 тыс ₸ 2 получ., пропуск 189%; пороги ролей не достигнуты",1291,,,3,False,1,2,9000.0,17000.0,1,2,1.888889,False,1.0,0,2,7.617983,0.000448,2,0.000286,1e-06,0.0,5.0,1,0,0,0,False,0.078,0.1395,0.0,0.391,0.0
100000003970394100,peripheral,0.714,17,0.1325,Получил 85 тыс ₸ от 1 плательщика; пороги ролей не достигнуты,1292,,,1,False,1,0,85000.0,0.0,1,0,0.0,False,0.0,1,1,85000.0,1.0,1,0.0003,0.0,0.0,,1,0,0,0,False,0.0714,0.202,0.1002,0.1875,0.0
100000004472936100,peripheral,0.713,13,0.1324,4-е колено (обход оборван): 1 поступл. на 5 тыс ₸ от 1 плательщика; P(передаёт дальше)=0.42 — порогов ролей не достигает,1293,,обрыв_4_колена,4,False,1,0,5000.0,0.0,1,0,0.0,True,0.415098,0,2,54.029347,0.010806,0,0.000532,0.0,0.0,,1,0,0,0,False,0.0713,0.1395,0.0,0.4039,0.0
100000002863356100,peripheral,0.769,12,0.1323,"Получил 45 тыс ₸ от 1 плательщика, отдал 20 тыс ₸ 1 получ., пропуск 44%; пороги ролей не достигнуты",1294,,,2,False,1,1,45000.0,20000.0,1,1,0.444444,False,1.0,0,1,773.325466,0.017185,1,0.000301,1e-06,0.0,,1,0,0,0,False,0.0769,0.0,0.0,0.5783,0.0
100000004765639100,peripheral,0.78,1,0.1321,"Получил 5 тыс ₸ от 1 плательщика, отдал 11 тыс ₸ 2 получ., пропуск 220%; пороги ролей не достигнуты",1295,,возвратные_циклы,2,False,1,2,5000.0,11000.0,1,2,2.2,False,1.0,0,1,4563.135409,0.41483,0,0.000362,0.0,1.0,0.0,1,2,0,0,False,0.078,0.0,0.0,0.3252,0.25
100000008762728100,peripheral,0.854,3,0.1321,Получил 17 тыс ₸ от 1 плательщика; пороги ролей не достигнуты,1296,,,2,False,1,0,17026.0,0.0,1,0,0.0,False,0.0,0,3,10112.918727,0.593969,0,0.000318,0.0,0.0,,1,0,0,0,False,0.0854,0.2221,0.0,0.2638,0.0
100000005360814100,peripheral,0.485,9,0.1319,4-е колено (обход оборван): 3 поступл. на 144 тыс ₸ от 1 плательщика; P(передаёт дальше)=0.55 — порогов ролей не достигает,1297,,обрыв_4_колена,4,False,1,0,144000.0,0.0,3,0,0.0,True,0.549275,0,1,64.882944,0.000451,0,0.000434,0.0,0.0,,1,0,0,0,False,0.0485,0.0,0.1996,0.367,0.0
100000000737152100,peripheral,0.636,1,0.1318,4-е колено (обход оборван): 1 поступл. на 35 тыс ₸ от 1 плательщика; P(передаёт дальше)=0.39 — порогов ролей не достигает,1298,,обрыв_4_колена,4,False,1,0,35000.0,0.0,1,0,0.0,True,0.392967,0,3,75.042796,0.002144,0,0.000345,0.0,0.0,,1,0,0,0,False,0.0636,0.2211,0.0,0.3072,0.0
100000008074304100,peripheral,0.712,4,0.1318,4-е колено (обход оборван): 1 поступл. на 6 тыс ₸ от 1 плательщика; P(передаёт дальше)=0.42 — порогов ролей не достигает,1299,,обрыв_4_колена,4,False,1,0,5500.0,0.0,1,0,0.0,True,0.417547,0,3,6.574491,0.001195,0,0.000332,0.0,0.0,,1,0,0,0,False,0.0712,0.2211,0.0,0.292,0.0
100000004777215100,peripheral,0.602,28,0.1315,4-е колено (обход оборван): 1 поступл. на 60 тыс ₸ от 1 плательщика; P(передаёт дальше)=0.38 — порогов ролей не достигает,1300,,обрыв_4_колена,4,False,1,0,60000.0,0.0,1,0,0.0,True,0.383279,0,2,516.534285,0.008609,0,0.000465,0.0,0.0,,1,0,0,0,False,0.0602,0.1395,0.0344,0.3757,0.0
100000007333038100,peripheral,0.78,11,0.1314,"Получил 18 тыс ₸ от 1 плательщика, отдал 35 тыс ₸ 2 получ., пропуск 200%; пороги ролей не достигнуты",1301,,,3,False,1,2,17500.0,34994.0,1,2,1.999657,False,1.0,0,1,23.058812,0.000659,0,0.0003,2e-06,0.0,,1,0,0,0,False,0.078,0.0,0.0,0.5712,0.0
100000001220124100,peripheral,0.628,1,0.1313,4-е колено (обход оборван): 1 поступл. на 40 тыс ₸ от 1 плательщика; P(передаёт дальше)=0.39 — порогов ролей не достигает,1302,,обрыв_4_колена,4,False,1,0,40000.0,0.0,1,0,0.0,True,0.389447,0,2,292.75024,0.007319,0,0.00054,0.0,0.0,,1,0,0,0,False,0.0628,0.1395,0.0,0.4153,0.0
100000004991593100,peripheral,0.574,1,0.1313,4-е колено (обход оборван): 2 поступл. на 45 тыс ₸ от 1 плательщика; P(передаёт дальше)=0.51 — порогов ролей не достигает,1303,,обрыв_4_колена,4,False,1,0,45000.0,0.0,2,0,0.0,True,0.506674,0,3,22.258564,0.000495,0,0.000355,0.0,0.0,,1,0,0,0,False,0.0574,0.2211,0.0,0.3172,0.0
100000004019056100,peripheral,0.614,13,0.1312,4-е колено (обход оборван): 1 поступл. на 50 тыс ₸ от 1 плательщика; P(передаёт дальше)=0.38 — порогов ролей не достигает,1304,,обрыв_4_колена,4,False,1,0,50000.0,0.0,1,0,0.0,True,0.383999,0,2,422.920115,0.008458,0,0.000541,0.0,0.0,,1,0,0,0,False,0.0614,0.1395,0.0,0.417,0.0
100000006171671100,peripheral,0.716,1,0.1311,4-е колено (обход оборван): 1 поступл. на 10 тыс ₸ от 1 плательщика; P(передаёт дальше)=0.41 — порогов ролей не достигает,1305,,обрыв_4_колена,4,False,1,0,10000.0,0.0,1,0,0.0,True,0.408937,0,2,8.464426,0.000846,0,0.000529,0.0,0.0,,1,0,0,0,False,0.0716,0.1395,0.0,0.3964,0.0
100000004096559100,peripheral,0.767,6,0.1306,Получил 46 тыс ₸ от 1 плательщика; пороги ролей не достигнуты,1306,,,3,False,1,0,46200.0,0.0,1,0,0.0,False,0.0,0,1,21081.081081,0.4563,0,0.000977,0.0,0.0,,1,0,0,0,False,0.0767,0.0704,0.0,0.4753,0.0
100000008254576100,peripheral,0.744,14,0.1305,"Получил 8 тыс ₸ от 1 плательщика, отдал 60 тыс ₸ 1 получ., пропуск 750%; пороги ролей не достигнуты",1307,,,3,False,1,1,8000.0,60000.0,1,1,7.5,False,1.0,0,1,25.649784,0.000427,0,0.000292,2e-05,0.0,,1,0,0,0,False,0.0744,0.0,0.0344,0.5274,0.0
100000002340562100,peripheral,0.787,6,0.1304,Получил 37 тыс ₸ от 1 плательщика; пороги ролей не достигнуты,1308,,,2,False,1,0,36650.0,0.0,2,0,0.0,False,0.0,0,1,36650.0,1.0,0,0.000531,0.0,0.0,,1,0,0,0,False,0.0787,0.1226,0.0,0.401,0.0
100000000981693100,peripheral,0.686,1,0.1301,4-е колено (обход оборван): 1 поступл. на 16 тыс ₸ от 1 плательщика; P(передаёт дальше)=0.40 — порогов ролей не достигает,1309,,обрыв_4_колена,4,False,1,0,16500.0,0.0,1,0,0.0,True,0.398797,0,2,8.743752,0.00053,0,0.000529,0.0,0.0,,1,0,0,0,False,0.0686,0.1395,0.0,0.3966,0.0
100000005205745100,peripheral,0.9,8,0.1301,Получил 6 тыс ₸ от 1 плательщика; пороги ролей не достигнуты,1310,,,2,False,1,0,6000.0,0.0,1,0,0.0,False,0.0,0,3,2087.178544,0.347863,1,0.000312,0.0,0.0,,1,0,0,0,False,0.09,0.2211,0.0,0.2451,0.0
100000003061115100,peripheral,0.62,1,0.1298,4-е колено (обход оборван): 1 поступл. на 45 тыс ₸ от 1 плательщика; P(передаёт дальше)=0.39 — порогов ролей не достигает,1311,,обрыв_4_колена,4,False,1,0,45000.0,0.0,1,0,0.0,True,0.388946,0,2,290.377951,0.006453,0,0.000534,0.0,0.0,,1,0,0,0,False,0.062,0.1395,0.0,0.4086,0.0
100000004988240100,peripheral,0.673,1,0.1298,4-е колено (обход оборван): 1 поступл. на 20 тыс ₸ от 1 плательщика; P(передаёт дальше)=0.40 — порогов ролей не достигает,1312,,обрыв_4_колена,4,False,1,0,20000.0,0.0,1,0,0.0,True,0.397129,0,2,16.928852,0.000846,0,0.00053,0.0,0.0,,1,0,0,0,False,0.0673,0.1395,0.0,0.3979,0.0
100000001952325100,peripheral,0.722,12,0.1297,Получил 78 тыс ₸ от 1 плательщика; пороги ролей не достигнуты,1313,,,1,False,1,0,77888.0,0.0,2,0,0.0,False,0.0,1,1,77888.0,1.0,1,0.000302,0.0,0.0,,1,0,0,0,False,0.0722,0.1937,0.0837,0.2033,0.0
100000002095257100,peripheral,0.9,17,0.1296,Получил 8 тыс ₸ от 1 плательщика; пороги ролей не достигнуты,1314,,,3,False,1,0,8500.0,0.0,1,0,0.0,False,0.0,0,2,200.092694,0.02354,0,0.000397,0.0,0.0,,1,0,0,0,False,0.09,0.1395,0.0,0.351,0.0
100000003192220100,peripheral,0.744,3,0.1292,Получил 60 тыс ₸ от 1 плательщика; пороги ролей не достигнуты,1315,,,2,False,1,0,60000.0,0.0,2,0,0.0,False,0.0,0,1,28393.302445,0.473222,0,0.000503,0.0,0.0,,1,0,0,0,False,0.0744,0.0985,0.0344,0.3892,0.0
100000004241142100,peripheral,0.653,1,0.1292,4-е колено (обход оборван): 1 поступл. на 27 тыс ₸ от 1 плательщика; P(передаёт дальше)=0.40 — порогов ролей не достигает,1316,,обрыв_4_колена,4,False,1,0,27102.0,0.0,1,0,0.0,True,0.395241,0,2,22.940287,0.000846,0,0.00053,0.0,0.0,,1,0,0,0,False,0.0653,0.1395,0.0,0.3986,0.0
100000008229700100,peripheral,0.826,17,0.1291,"Получил 24 тыс ₸ от 1 плательщика, отдал 7 тыс ₸ 1 получ., пропуск 31%; пороги ролей не достигнуты",1317,,,1,False,1,1,23500.0,7200.0,1,1,0.306383,False,1.0,1,1,23500.0,1.0,1,0.000289,0.0,0.0,11.0,1,0,0,0,False,0.0826,0.0806,0.0,0.4419,0.0
100000001805543100,peripheral,0.746,3,0.129,Получил 59 тыс ₸ от 1 плательщика; пороги ролей не достигнуты,1318,,,1,False,1,0,59000.0,0.0,1,0,0.0,False,0.0,1,2,59000.0,1.0,1,0.000292,0.0,0.0,,1,0,0,0,False,0.0746,0.307,0.0312,0.1137,0.0
100000002757240100,peripheral,0.758,1,0.1289,Получил 51 тыс ₸ от 1 плательщика; пороги ролей не достигнуты,1319,,,2,False,1,0,51183.0,0.0,1,0,0.0,False,0.0,0,3,7625.112139,0.148977,1,0.000317,0.0,0.0,,1,0,0,0,False,0.0758,0.2211,0.0044,0.2611,0.0
100000006512787100,peripheral,0.643,1,0.1288,4-е колено (обход оборван): 2 поступл. на 20 тыс ₸ от 1 плательщика; P(передаёт дальше)=0.47 — порогов ролей не достигает,1320,,обрыв_4_колена,4,False,1,0,20000.0,0.0,2,0,0.0,True,0.468199,0,2,16.928852,0.000846,0,0.00053,0.0,0.0,,1,0,0,0,False,0.0643,0.1395,0.0,0.3984,0.0
100000003568904100,peripheral,0.615,13,0.1287,4-е колено (обход оборван): 1 поступл. на 49 тыс ₸ от 1 плательщика; P(передаёт дальше)=0.39 — порогов ролей не достигает,1321,,обрыв_4_колена,4,False,1,0,49000.0,0.0,1,0,0.0,True,0.386456,0,2,107.820964,0.0022,0,0.000532,0.0,0.0,,1,0,0,0,False,0.0615,0.1395,0.0,0.4032,0.0
100000002791494100,peripheral,0.629,15,0.1286,4-е колено (обход оборван): 1 поступл. на 86 тыс ₸ от 1 плательщика; P(передаёт дальше)=0.23 — порогов ролей не достигает,1322,,обрыв_4_колена,4,False,1,0,85860.0,0.0,1,0,0.0,True,0.234894,0,2,202.67891,0.002361,1,0.000318,0.0,0.0,,1,0,0,0,False,0.0629,0.1395,0.1021,0.264,0.0
100000007153161100,peripheral,0.619,1,0.1286,4-е колено (обход оборван): 1 поступл. на 45 тыс ₸ от 1 плательщика; P(передаёт дальше)=0.39 — порогов ролей не достигает,1323,,обрыв_4_колена,4,False,1,0,44997.0,0.0,1,0,0.0,True,0.38975,0,2,38.087377,0.000846,0,0.000531,0.0,0.0,,1,0,0,0,False,0.0619,0.1395,0.0,0.4017,0.0
100000008737422100,peripheral,0.723,12,0.1286,Получил 77 тыс ₸ от 1 плательщика; пороги ролей не достигнуты,1324,,,1,False,1,0,76903.0,0.0,1,0,0.0,False,0.0,1,1,76903.0,1.0,1,0.000302,0.0,0.0,,1,0,0,0,False,0.0723,0.1925,0.0813,0.2022,0.0
100000008474391100,peripheral,0.84,23,0.1283,Получил 20 тыс ₸ от 1 плательщика; пороги ролей не достигнуты,1325,,,3,False,1,0,20000.0,0.0,1,0,0.0,False,0.0,0,2,705.291885,0.035265,0,0.000407,0.0,0.0,,1,0,0,0,False,0.084,0.1395,0.0,0.3559,0.0
100000001202787100,peripheral,0.495,1,0.128,4-е колено (обход оборван): 2 поступл. на 15 тыс ₸ от 2 плательщиков; P(передаёт дальше)=0.59 — порогов ролей не достигает,1326,,обрыв_4_колена,4,False,2,0,14850.0,0.0,2,0,0.0,True,0.586096,0,3,31.133243,0.002097,0,0.000351,0.0,0.0,,1,0,0,0,False,0.0495,0.2211,0.0,0.3145,0.0
100000002505277100,peripheral,0.601,1,0.128,4-е колено (обход оборван): 1 поступл. на 60 тыс ₸ от 1 плательщика; P(передаёт дальше)=0.39 — порогов ролей не достигает,1327,,обрыв_4_колена,4,False,1,0,60000.0,0.0,1,0,0.0,True,0.385677,0,2,10.157311,0.000169,0,0.000408,0.0,0.0,,1,0,0,0,False,0.0601,0.1395,0.0344,0.3563,0.0
100000001733216100,peripheral,0.596,1,0.1278,4-е колено (обход оборван): 2 поступл. на 60 тыс ₸ от 1 плательщика; P(передаёт дальше)=0.40 — порогов ролей не достигает,1328,,обрыв_4_колена,4,False,1,0,60000.0,0.0,2,0,0.0,True,0.398867,0,2,10.157311,0.000169,0,0.000408,0.0,0.0,,1,0,0,0,False,0.0596,0.1395,0.0344,0.3563,0.0
100000002736033100,peripheral,0.792,14,0.1278,"Получил 35 тыс ₸ от 1 плательщика, отдал 11 тыс ₸ 1 получ., пропуск 32%; пороги ролей не достигнуты",1329,,,3,False,1,1,34530.0,11000.0,1,1,0.318564,False,1.0,0,1,263.500304,0.007631,0,0.000295,1.9e-05,0.0,20.0,1,0,0,0,False,0.0792,0.0,0.0,0.5487,0.0
100000003132484100,peripheral,0.709,6,0.1278,Получил 90 тыс ₸ от 1 плательщика; пороги ролей не достигнуты,1330,,,3,False,1,0,90000.0,0.0,1,0,0.0,False,0.0,0,1,10266.154983,0.114068,0,0.000539,0.0,0.0,,1,0,0,0,False,0.0709,0.0025,0.1109,0.4141,0.0
100000007648946100,peripheral,0.82,1,0.1276,"Получил 20 тыс ₸ от 1 плательщика, отдал 25 тыс ₸ 1 получ., пропуск 128%; пороги ролей не достигнуты",1331,,,1,False,1,1,19550.0,25000.0,1,1,1.278772,False,1.0,1,1,19550.0,0.782,1,0.000289,3e-06,0.0,3.0,1,0,0,0,False,0.082,0.0633,0.0,0.4577,0.0
100000002597003100,peripheral,0.85,1,0.1267,"Получил 18 тыс ₸ от 1 плательщика, отдал 11 тыс ₸ 1 получ., пропуск 62%; пороги ролей не достигнуты",1332,,,1,False,1,1,17700.0,11000.0,1,1,0.621469,False,1.0,1,1,17700.0,1.0,1,0.000289,1.9e-05,0.0,,1,0,0,0,False,0.085,0.0539,0.0,0.4595,0.0
100000008502995100,peripheral,0.82,1,0.1266,Получил 25 тыс ₸ от 1 плательщика; пороги ролей не достигнуты,1333,,,3,False,1,0,25000.0,0.0,2,0,0.0,False,0.0,0,1,18579.11032,0.743164,0,0.000727,0.0,0.0,,1,0,0,0,False,0.082,0.0585,0.0,0.4586,0.0
100000005061890100,peripheral,0.709,20,0.1263,Получил 90 тыс ₸ от 1 плательщика; пороги ролей не достигнуты,1334,,,3,False,1,0,90000.0,0.0,1,0,0.0,False,0.0,0,1,636.172873,0.007069,0,0.000535,0.0,0.0,,1,0,0,0,False,0.0709,0.0,0.1109,0.4095,0.0
100000001816678100,peripheral,0.602,1,0.1259,4-е колено (обход оборван): 1 поступл. на 60 тыс ₸ от 1 плательщика; P(передаёт дальше)=0.38 — порогов ролей не достигает,1335,,обрыв_4_колена,4,False,1,0,60000.0,0.0,1,0,0.0,True,0.382281,0,3,16.326896,0.000272,0,0.00031,0.0,0.0,,1,0,0,0,False,0.0602,0.2211,0.0344,0.2355,0.0
100000004564736100,peripheral,0.865,23,0.1258,Получил 15 тыс ₸ от 1 плательщика; пороги ролей не достигнуты,1336,,,3,False,1,0,15000.0,0.0,2,0,0.0,False,0.0,0,2,528.968914,0.035265,0,0.000377,0.0,0.0,,1,0,0,0,False,0.0865,0.1395,0.0,0.3372,0.0
100000003980083100,peripheral,0.805,49,0.1255,Получил 30 тыс ₸ от 1 плательщика; пороги ролей не достигнуты,1337,,,1,False,1,0,30000.0,0.0,1,0,0.0,False,0.0,1,1,30000.0,1.0,0,0.000529,0.0,0.0,,1,0,0,0,False,0.0805,0.1037,0.0,0.3952,0.0
100000000733373100,peripheral,0.894,3,0.1254,Получил 11 тыс ₸ от 1 плательщика; пороги ролей не достигнуты,1338,,,2,False,1,0,10710.0,0.0,1,0,0.0,False,0.0,0,3,6361.409583,0.593969,0,0.000306,0.0,0.0,,1,0,0,0,False,0.0894,0.2211,0.0,0.2202,0.0
100000003186579100,peripheral,0.516,1,0.1254,4-е колено (обход оборван): 2 поступл. на 110 тыс ₸ от 1 плательщика; P(передаёт дальше)=0.51 — порогов ролей не достигает,1339,,обрыв_4_колена,4,False,1,0,110000.0,0.0,2,0,0.0,True,0.507243,0,1,538.771264,0.004898,0,0.000515,0.0,0.0,,1,0,0,0,False,0.0516,0.0,0.1488,0.3926,0.0
100000002904919100,peripheral,0.744,10,0.1251,"Получил 60 тыс ₸ от 1 плательщика, отдал 6 тыс ₸ 1 получ., пропуск 9%; пороги ролей не достигнуты",1340,,,3,False,1,1,60325.0,5500.0,1,1,0.091173,False,1.0,0,1,292.573873,0.00485,1,0.000291,1.9e-05,0.0,,1,0,0,0,False,0.0744,0.0,0.0354,0.496,0.0
100000004792397100,peripheral,0.727,12,0.1249,Получил 74 тыс ₸ от 1 плательщика; пороги ролей не достигнуты,1341,,,1,False,1,0,73520.0,0.0,1,0,0.0,False,0.0,1,1,73520.0,1.0,1,0.000301,0.0,0.0,,1,0,0,0,False,0.0727,0.1883,0.0728,0.198,0.0
100000006967370100,peripheral,0.796,4,0.1249,"Получил 33 тыс ₸ от 1 плательщика, отдал 14 тыс ₸ 1 получ., пропуск 41%; пороги ролей не достигнуты",1342,,,3,False,1,1,33225.0,13526.27,1,1,0.407111,False,1.0,0,1,124.920319,0.00376,1,0.000294,1.9e-05,0.407111,0.0,1,0,0,0,False,0.0796,0.0,0.0,0.5323,0.0
100000005025629100,peripheral,0.714,4,0.1248,4-е колено (обход оборван): 1 поступл. на 5 тыс ₸ от 1 плательщика; P(передаёт дальше)=0.41 — порогов ролей не достигает,1343,,обрыв_4_колена,4,False,1,0,5227.0,0.0,1,0,0.0,True,0.41329,0,3,14.958625,0.002862,0,0.000314,0.0,0.0,,1,0,0,0,False,0.0714,0.2211,0.0,0.2533,0.0
100000006030946100,peripheral,0.727,12,0.1247,Получил 73 тыс ₸ от 1 плательщика; пороги ролей не достигнуты,1344,,,1,False,1,0,73289.0,0.0,1,0,0.0,False,0.0,1,1,73289.0,1.0,1,0.000301,0.0,0.0,,1,0,0,0,False,0.0727,0.188,0.0722,0.1977,0.0
100000000600707100,peripheral,0.547,38,0.1244,4-е колено (обход оборван): 2 поступл. на 89 тыс ₸ от 1 плательщика; P(передаёт дальше)=0.46 — порогов ролей не достигает,1345,,обрыв_4_колена,4,False,1,0,89000.0,0.0,2,0,0.0,True,0.458418,0,1,5916.184971,0.066474,0,0.00057,0.0,0.0,,1,0,0,0,False,0.0547,0.0,0.1088,0.4337,0.0
100000003214786100,peripheral,0.713,1,0.1244,4-е колено (обход оборван): 1 поступл. на 5 тыс ₸ от 1 плательщика; P(передаёт дальше)=0.41 — порогов ролей не достигает,1346,,обрыв_4_колена,4,False,1,0,5000.0,0.0,1,0,0.0,True,0.414893,0,2,60.652091,0.01213,0,0.00042,0.0,0.0,,1,0,0,0,False,0.0713,0.1395,0.0,0.3597,0.0
100000005209352100,peripheral,0.712,1,0.1243,4-е колено (обход оборван): 1 поступл. на 5 тыс ₸ от 1 плательщика; P(передаёт дальше)=0.42 — порогов ролей не достигает,1347,,обрыв_4_колена,4,False,1,0,5000.0,0.0,1,0,0.0,True,0.417971,0,2,60.652091,0.01213,0,0.00042,0.0,0.0,,1,0,0,0,False,0.0712,0.1395,0.0,0.3597,0.0
100000005730108100,peripheral,0.9,1,0.1243,Получил 8 тыс ₸ от 1 плательщика; пороги ролей не достигнуты,1348,,,2,False,1,0,8000.0,0.0,1,0,0.0,False,0.0,0,2,892.138681,0.111517,1,0.000359,0.0,0.0,,1,0,0,0,False,0.09,0.1395,0.0,0.3221,0.0
100000003207060100,peripheral,0.609,1,0.1239,4-е колено (обход оборван): 1 поступл. на 53 тыс ₸ от 1 плательщика; P(передаёт дальше)=0.39 — порогов ролей не достигает,1349,,обрыв_4_колена,4,False,1,0,53000.0,0.0,1,0,0.0,True,0.387659,0,2,642.912166,0.01213,0,0.000427,0.0,0.0,,1,0,0,0,False,0.0609,0.1395,0.011,0.3632,0.0
100000000926766100,peripheral,0.845,30,0.1235,"Получил 19 тыс ₸ от 1 плательщика, отдал 6 тыс ₸ 1 получ., пропуск 32%; пороги ролей не достигнуты",1350,,возвратные_циклы,3,False,1,1,18750.0,6000.0,1,1,0.32,False,1.0,0,1,358.732465,0.019132,0,0.000318,0.0,0.32,0.0,1,1,0,0,False,0.0845,0.0,0.0,0.2642,0.25
100000002457464100,peripheral,0.735,5,0.1231,Получил 67 тыс ₸ от 1 плательщика; пороги ролей не достигнуты,1351,,,2,False,1,0,66647.0,0.0,1,0,0.0,False,0.0,0,2,9049.802058,0.135787,0,0.000322,0.0,0.0,,1,0,0,0,False,0.0735,0.1395,0.0542,0.276,0.0
100000004975919100,peripheral,0.78,1,0.123,"Получил 22 тыс ₸ от 1 плательщика, отдал 15 тыс ₸ 2 получ., пропуск 67%; пороги ролей не достигнуты",1352,,,3,False,1,2,22351.0,15000.0,1,2,0.671111,False,1.0,0,1,148.667759,0.006652,1,0.00029,3.8e-05,0.0,,1,0,0,0,False,0.078,0.0,0.0,0.5245,0.0
100000003125997100,peripheral,0.577,2,0.1227,4-е колено (обход оборван): 1 поступл. на 88 тыс ₸ от 1 плательщика; P(передаёт дальше)=0.38 — порогов ролей не достигает,1353,,обрыв_4_колена,4,False,1,0,87750.0,0.0,1,0,0.0,True,0.377071,0,1,275.260143,0.003137,0,0.000548,0.0,0.0,,1,0,0,0,False,0.0577,0.0,0.1062,0.4222,0.0
100000005395727100,peripheral,0.854,3,0.1227,Получил 17 тыс ₸ от 1 плательщика; пороги ролей не достигнуты; seed: вход занижен,1354,,seed,0,True,1,0,17000.0,0.0,1,0,0.0,False,0.0,0,3,308.194431,1.0,0,0.000371,0.0,0.0,,1,0,0,0,False,0.0854,0.2211,0.0,0.333,0.0
100000008633099100,peripheral,0.842,18,0.1227,"Получил 19 тыс ₸ от 1 плательщика, отдал 14 тыс ₸ 1 получ., пропуск 69%; пороги ролей не достигнуты",1355,,,3,False,1,1,19468.0,13500.0,1,1,0.693446,False,1.0,0,1,50.747639,0.002607,1,0.000292,1.9e-05,0.0,8.0,1,0,0,0,False,0.0842,0.0,0.0,0.5107,0.0
100000004921657100,peripheral,0.831,5,0.1223,"Получил 8 тыс ₸ от 1 плательщика, отдал 22 тыс ₸ 1 получ., пропуск 267%; пороги ролей не достигнуты",1356,,,3,False,1,1,8300.0,22190.0,1,1,2.673494,False,1.0,0,2,6593.313519,0.29713,0,0.000361,0.0,1.0,0.0,1,0,0,0,False,0.0831,0.1395,0.0,0.3247,0.0
100000004991812100,peripheral,0.9,23,0.1222,Получил 10 тыс ₸ от 1 плательщика; пороги ролей не достигнуты,1357,,,3,False,1,0,10000.0,0.0,1,0,0.0,False,0.0,0,2,352.645942,0.035265,0,0.000346,0.0,0.0,,1,0,0,0,False,0.09,0.1395,0.0,0.3101,0.0
100000001270470100,peripheral,0.619,1,0.122,4-е колено (обход оборван): 2 поступл. на 28 тыс ₸ от 1 плательщика; P(передаёт дальше)=0.47 — порогов ролей не достигает,1358,,обрыв_4_колена,4,False,1,0,28300.0,0.0,2,0,0.0,True,0.470106,0,2,97.372349,0.003441,0,0.00043,0.0,0.0,,1,0,0,0,False,0.0619,0.1395,0.0,0.3652,0.0
100000008308418100,peripheral,0.612,1,0.1219,4-е колено (обход оборван): 1 поступл. на 50 тыс ₸ от 1 плательщика; P(передаёт дальше)=0.39 — порогов ролей не достигает,1359,,обрыв_4_колена,4,False,1,0,50000.0,0.0,1,0,0.0,True,0.389005,0,2,42.322129,0.000846,0,0.000432,0.0,0.0,,1,0,0,0,False,0.0612,0.1395,0.0,0.3661,0.0
100000004601193100,peripheral,0.508,1,0.1218,4-е колено (обход оборван): 3 поступл. на 84 тыс ₸ от 1 плательщика; P(передаёт дальше)=0.58 — порогов ролей не достигает,1360,,обрыв_4_колена,4,False,1,0,84000.0,0.0,3,0,0.0,True,0.580652,0,1,352.948839,0.004202,0,0.000603,0.0,0.0,,1,0,0,0,False,0.0508,0.0,0.0979,0.4419,0.0
100000006248077100,peripheral,0.76,5,0.1215,Получил 50 тыс ₸ от 1 плательщика; пороги ролей не достигнуты,1361,,,2,False,1,0,50000.0,0.0,1,0,0.0,False,0.0,0,4,10752.522025,0.21505,0,0.000294,0.0,0.0,,1,0,0,0,False,0.076,0.2858,0.0,0.1395,0.0
100000002729875100,peripheral,0.638,15,0.1213,4-е колено (обход оборван): 1 поступл. на 76 тыс ₸ от 1 плательщика; P(передаёт дальше)=0.24 — порогов ролей не достигает,1362,,обрыв_4_колена,4,False,1,0,76000.0,0.0,1,0,0.0,True,0.236989,0,2,179.403647,0.002361,1,0.000314,0.0,0.0,,1,0,0,0,False,0.0638,0.1395,0.079,0.2524,0.0
100000005233755100,peripheral,0.82,4,0.1213,"Получил 25 тыс ₸ от 1 плательщика, отдал 5 тыс ₸ 1 получ., пропуск 20%; пороги ролей не достигнуты",1363,,,3,False,1,1,25000.0,5000.0,1,1,0.2,False,1.0,0,1,93.995725,0.00376,1,0.000292,1.9e-05,0.2,0.0,1,0,0,0,False,0.082,0.0,0.0,0.5071,0.0
100000001339466100,peripheral,0.805,1,0.1211,Получил 30 тыс ₸ от 1 плательщика; пороги ролей не достигнуты,1364,,,2,False,1,0,30000.0,0.0,1,0,0.0,False,0.0,0,3,4469.323099,0.148977,1,0.000304,0.0,0.0,,1,0,0,0,False,0.0805,0.2211,0.0,0.2144,0.0
100000002896506100,peripheral,0.62,9,0.1211,4-е колено (обход оборван): 1 поступл. на 45 тыс ₸ от 1 плательщика; P(передаёт дальше)=0.39 — порогов ролей не достигает,1365,,обрыв_4_колена,4,False,1,0,45000.0,0.0,1,0,0.0,True,0.387141,0,3,66.15134,0.00147,0,0.000314,0.0,0.0,,1,0,0,0,False,0.062,0.2211,0.0,0.2513,0.0
100000003091142100,peripheral,0.629,1,0.1209,4-е колено (обход оборван): 1 поступл. на 40 тыс ₸ от 1 плательщика; P(передаёт дальше)=0.39 — порогов ролей не достигает,1366,,обрыв_4_колена,4,False,1,0,40000.0,0.0,1,0,0.0,True,0.387041,0,2,163.582431,0.00409,0,0.00041,0.0,0.0,,1,0,0,0,False,0.0629,0.1395,0.0,0.3572,0.0
100000004981068100,peripheral,0.716,1,0.1207,4-е колено (обход оборван): 1 поступл. на 10 тыс ₸ от 1 плательщика; P(передаёт дальше)=0.41 — порогов ролей не достигает,1367,,обрыв_4_колена,4,False,1,0,10000.0,0.0,1,0,0.0,True,0.408325,0,2,108.399921,0.01084,0,0.000379,0.0,0.0,,1,0,0,0,False,0.0716,0.1395,0.0,0.3387,0.0
100000005877725100,peripheral,0.731,12,0.1207,Получил 70 тыс ₸ от 1 плательщика; пороги ролей не достигнуты,1368,,,1,False,1,0,70000.0,0.0,1,0,0.0,False,0.0,1,1,70000.0,1.0,1,0.0003,0.0,0.0,,1,0,0,0,False,0.0731,0.1836,0.0635,0.1919,0.0
100000008686247100,peripheral,0.832,21,0.1207,"Получил 22 тыс ₸ от 1 плательщика, отдал 5 тыс ₸ 1 получ., пропуск 23%; пороги ролей не достигнуты",1369,,возвратные_циклы,3,False,1,1,22000.0,5000.0,2,1,0.227273,False,1.0,0,1,703.007519,0.031955,0,0.000314,0.0,0.0,12.0,1,1,0,0,False,0.0832,0.0,0.0,0.2516,0.25
100000004167082100,peripheral,0.697,13,0.1205,4-е колено (обход оборван): 1 поступл. на 13 тыс ₸ от 1 плательщика; P(передаёт дальше)=0.41 — порогов ролей не достигает,1370,,обрыв_4_колена,4,False,1,0,13300.0,0.0,1,0,0.0,True,0.406459,0,2,127.56041,0.009591,0,0.000385,0.0,0.0,,1,0,0,0,False,0.0697,0.1395,0.0,0.3416,0.0
100000003232675100,peripheral,0.622,13,0.12,4-е колено (обход оборван): 2 поступл. на 44 тыс ₸ от 1 плательщика; P(передаёт дальше)=0.39 — порогов ролей не достигает,1371,,обрыв_4_колена,4,False,1,0,44000.0,0.0,2,0,0.0,True,0.386484,0,2,124.335317,0.002826,0,0.000401,0.0,0.0,,1,0,0,0,False,0.0622,0.1395,0.0,0.3536,0.0
100000000917179100,peripheral,0.705,16,0.1199,Получил 94 тыс ₸ от 1 плательщика; пороги ролей не достигнуты,1372,,,2,False,1,0,94465.0,0.0,2,0,0.0,False,0.0,0,1,3309.996644,0.035039,0,0.000426,0.0,0.0,,1,0,0,0,False,0.0705,0.0,0.1201,0.3623,0.0
100000005226217100,peripheral,0.68,2,0.1197,4-е колено (обход оборван): 1 поступл. на 18 тыс ₸ от 1 плательщика; P(передаёт дальше)=0.40 — порогов ролей не достигает,1373,,обрыв_4_колена,4,False,1,0,17500.0,0.0,1,0,0.0,True,0.402905,0,2,66.40831,0.003795,1,0.000383,0.0,0.0,,1,0,0,0,False,0.068,0.1395,0.0,0.3403,0.0
100000002478829100,peripheral,0.638,28,0.1186,4-е колено (обход оборван): 1 поступл. на 34 тыс ₸ от 1 плательщика; P(передаёт дальше)=0.39 — порогов ролей не достигает,1374,,обрыв_4_колена,4,False,1,0,34000.0,0.0,1,0,0.0,True,0.393137,0,2,292.702761,0.008609,0,0.000387,0.0,0.0,,1,0,0,0,False,0.0638,0.1395,0.0,0.343,0.0
100000002214664100,peripheral,0.723,19,0.1185,"Получил 8 тыс ₸ от 1 плательщика, отдал 77 тыс ₸ 1 получ., пропуск 968%; пороги ролей не достигнуты",1375,,,3,False,1,1,7950.0,76950.0,1,2,9.679245,False,1.0,0,1,5.282836,6.9e-05,1,0.000287,1e-06,1.0,0.0,1,0,0,1,False,0.0723,0.0,0.0814,0.4026,0.0
100000006679055100,peripheral,0.82,1,0.1184,Получил 25 тыс ₸ от 1 плательщика; пороги ролей не достигнуты,1376,,,2,False,1,0,25000.0,0.0,1,0,0.0,False,0.0,0,3,3724.435916,0.148977,1,0.000301,0.0,0.0,,1,0,0,0,False,0.082,0.2211,0.0,0.1966,0.0
100000002015633100,peripheral,0.704,4,0.118,Получил 95 тыс ₸ от 1 плательщика; пороги ролей не достигнуты,1377,,,3,False,1,0,94970.0,0.0,1,0,0.0,False,0.0,0,3,113.523533,0.001195,1,0.000289,0.0,0.0,,1,0,0,0,False,0.0704,0.2211,0.1211,0.0558,0.0
100000003943483100,peripheral,0.9,17,0.1179,Получил 10 тыс ₸ от 1 плательщика; пороги ролей не достигнуты,1378,,,2,False,1,0,10000.0,0.0,1,0,0.0,False,0.0,0,2,9155.795797,0.91558,0,0.000329,0.0,0.0,,1,0,0,0,False,0.09,0.1395,0.0,0.2863,0.0
100000004500781100,peripheral,0.502,16,0.1179,4-е колено (обход оборван): 5 поступл. на 74 тыс ₸ от 1 плательщика; P(передаёт дальше)=0.62 — порогов ролей не достигает,1379,,обрыв_4_колена,4,False,1,0,74000.0,0.0,5,0,0.0,True,0.618598,0,1,81.819786,0.001106,0,0.000681,0.0,0.0,,1,0,0,0,False,0.0502,0.0,0.074,0.4535,0.0
100000005782886100,peripheral,0.696,2,0.1178,4-е колено (обход оборван): 1 поступл. на 14 тыс ₸ от 1 плательщика; P(передаёт дальше)=0.40 — порогов ролей не достигает,1380,,обрыв_4_колена,4,False,1,0,14000.0,0.0,1,0,0.0,True,0.401322,0,2,53.126648,0.003795,1,0.000364,0.0,0.0,,1,0,0,0,False,0.0696,0.1395,0.0,0.3265,0.0
100000005093521100,peripheral,0.864,5,0.1177,Получил 15 тыс ₸ от 1 плательщика; пороги ролей не достигнуты,1381,,,1,False,1,0,15200.0,0.0,1,0,0.0,False,0.0,1,4,15200.0,1.0,1,0.000289,0.0,0.0,,1,0,0,0,False,0.0864,0.3185,0.0,0.054,0.0
100000003617552100,peripheral,0.82,26,0.1176,Получил 25 тыс ₸ от 1 плательщика; пороги ролей не достигнуты,1382,,,2,False,1,0,25000.0,0.0,1,0,0.0,False,0.0,0,1,16500.0,0.66,0,0.000551,0.0,0.0,,1,0,0,0,False,0.082,0.0473,0.0,0.4239,0.0
100000001737722100,peripheral,0.744,5,0.1174,Получил 60 тыс ₸ от 1 плательщика; пороги ролей не достигнуты,1383,,,2,False,1,0,60460.0,0.0,1,0,0.0,False,0.0,0,2,8209.687344,0.135787,0,0.000319,0.0,0.0,,1,0,0,0,False,0.0744,0.1395,0.0359,0.2669,0.0
100000003216073100,peripheral,0.731,9,0.1174,"Получил 37 тыс ₸ от 1 плательщика, отдал 70 тыс ₸ 1 получ., пропуск 189%; пороги ролей не достигнуты",1384,,,3,False,1,1,37001.0,70000.0,1,1,1.891841,False,1.0,0,1,79.800023,0.00114,1,0.000288,1e-06,0.0,3.0,1,0,0,0,False,0.0731,0.0,0.0635,0.4186,0.0
100000007988344100,peripheral,0.599,1,0.1173,4-е колено (обход оборван): 3 поступл. на 20 тыс ₸ от 1 плательщика; P(передаёт дальше)=0.57 — порогов ролей не достигает,1385,,обрыв_4_колена,4,False,1,0,20000.0,0.0,3,0,0.0,True,0.573403,0,2,68.814381,0.003441,0,0.000387,0.0,0.0,,1,0,0,0,False,0.0599,0.1395,0.0,0.3432,0.0
100000002606567100,peripheral,0.755,1,0.1172,"Получил 14 тыс ₸ от 1 плательщика, отдал 53 тыс ₸ 1 получ., пропуск 376%; пороги ролей не достигнуты",1386,,,1,False,1,1,14095.0,53000.0,1,1,3.760199,False,1.0,1,1,14095.0,0.265943,1,0.000288,1.9e-05,0.0,,1,0,0,0,False,0.0755,0.0324,0.011,0.4399,0.0
100000004788983100,peripheral,0.653,1,0.1172,4-е колено (обход оборван): 1 поступл. на 27 тыс ₸ от 1 плательщика; P(передаёт дальше)=0.39 — порогов ролей не достигает,1387,,обрыв_4_колена,4,False,1,0,27000.0,0.0,1,0,0.0,True,0.394079,0,2,110.418141,0.00409,0,0.000369,0.0,0.0,,1,0,0,0,False,0.0653,0.1395,0.0,0.3321,0.0
100000006491963100,terminal,0.421,32,0.117,"4-е колено, исходящие не выгружены; модель: P(сток)=0.60; получил 16 тыс ₸ от 1 плательщика",1388,,обрыв_4_колена,4,False,1,0,16000.0,0.0,3,0,0.0,True,0.398583,0,1,0.774159,4.8e-05,1,0.000294,0.0,0.0,,1,0,0,0,False,0.2526,0.0,0.0,0.1423,0.0
100000007997939100,peripheral,0.7,2,0.1169,4-е колено (обход оборван): 1 поступл. на 13 тыс ₸ от 1 плательщика; P(передаёт дальше)=0.40 — порогов ролей не достигает,1389,,обрыв_4_колена,4,False,1,0,13000.0,0.0,1,0,0.0,True,0.403702,0,2,49.331887,0.003795,1,0.000358,0.0,0.0,,1,0,0,0,False,0.07,0.1395,0.0,0.3207,0.0
100000006008169100,peripheral,0.731,17,0.1166,Получил 70 тыс ₸ от 1 плательщика; пороги ролей не достигнуты,1390,,,1,False,1,0,70000.0,0.0,1,0,0.0,False,0.0,1,1,70000.0,1.0,1,0.000297,0.0,0.0,,1,0,0,0,False,0.0731,0.1836,0.0635,0.1697,0.0
100000004064431100,peripheral,0.817,24,0.116,"Получил 26 тыс ₸ от 1 плательщика, отдал 10 тыс ₸ 1 получ., пропуск 38%; пороги ролей не достигнуты",1391,,,3,False,1,1,26000.0,10000.0,1,1,0.384615,False,1.0,0,1,61.283411,0.002357,1,0.000291,1e-06,0.384615,2.0,1,0,0,0,False,0.0817,0.0,0.0,0.4784,0.0
100000006706519100,peripheral,0.554,1,0.116,4-е колено (обход оборван): 3 поступл. на 36 тыс ₸ от 1 плательщика; P(передаёт дальше)=0.60 — порогов ролей не достигает,1392,,обрыв_4_колена,4,False,1,0,36000.0,0.0,3,0,0.0,True,0.595902,0,2,30.471933,0.000846,0,0.000391,0.0,0.0,,1,0,0,0,False,0.0554,0.1395,0.0,0.345,0.0
100000008406609100,peripheral,0.794,7,0.116,Получил 34 тыс ₸ от 1 плательщика; пороги ролей не достигнуты,1393,,,2,False,1,0,34000.0,0.0,1,0,0.0,False,0.0,0,1,25500.0,0.75,0,0.000431,0.0,0.0,,1,0,0,0,False,0.0794,0.0883,0.0,0.3654,0.0
100000000790311100,peripheral,0.767,3,0.1157,Получил 46 тыс ₸ от 1 плательщика; пороги ролей не достигнуты,1394,,,2,False,1,0,46300.0,0.0,1,0,0.0,False,0.0,0,3,1283.450455,0.02772,1,0.0003,0.0,0.0,,1,0,0,0,False,0.0767,0.2211,0.0,0.1924,0.0
100000002752565100,peripheral,0.606,1,0.1156,4-е колено (обход оборван): 1 поступл. на 57 тыс ₸ от 1 плательщика; P(передаёт дальше)=0.38 — порогов ролей не достигает,1395,,обрыв_4_колена,4,False,1,0,57000.0,0.0,1,0,0.0,True,0.382733,0,2,338.543341,0.005939,0,0.000338,0.0,0.0,,1,0,0,0,False,0.0606,0.1395,0.0247,0.2996,0.0
100000004970752100,peripheral,0.9,1,0.1156,Получил 10 тыс ₸ от 1 плательщика; пороги ролей не достигнуты,1396,,,3,False,1,0,10000.0,0.0,1,0,0.0,False,0.0,0,1,6706.265473,0.670627,0,0.000743,0.0,0.0,,1,0,0,0,False,0.09,0.0,0.0,0.46,0.0
100000005619339100,peripheral,0.9,3,0.1155,"Получил 5 тыс ₸ от 1 плательщика, отдал 5 тыс ₸ 1 получ., пропуск 109%; пороги ролей не достигнуты",1397,,,2,False,1,1,5000.0,5442.6,1,1,1.08852,False,1.0,0,2,426.615513,0.078385,1,0.000321,0.0,0.0,,1,0,0,0,False,0.09,0.1395,0.0,0.2731,0.0
100000005561741100,peripheral,0.82,15,0.1152,Получил 25 тыс ₸ от 1 плательщика; пороги ролей не достигнуты,1398,,,2,False,1,0,25000.0,0.0,1,0,0.0,False,0.0,0,2,1253.440434,0.050138,0,0.00033,0.0,0.0,,1,0,0,0,False,0.082,0.1395,0.0,0.2876,0.0
100000003069463100,peripheral,0.849,27,0.1151,"Получил 12 тыс ₸ от 1 плательщика, отдал 18 тыс ₸ 1 получ., пропуск 156%; пороги ролей не достигнуты",1399,,,3,False,1,1,11500.0,17920.0,1,1,1.558261,False,1.0,0,1,3.711264,0.000207,0,0.000288,2e-05,0.0,9.0,1,0,0,0,False,0.0849,0.0,0.0,0.4671,0.0
100000007140834100,peripheral,0.898,8,0.115,Получил 10 тыс ₸ от 1 плательщика; пороги ролей не достигнуты,1400,,,3,False,1,0,10200.0,0.0,2,0,0.0,False,0.0,0,1,3548.203525,0.347863,0,0.000712,0.0,0.0,,1,0,0,0,False,0.0898,0.0,0.0,0.4566,0.0
100000002284426100,peripheral,0.709,4,0.1149,Получил 90 тыс ₸ от 1 плательщика; пороги ролей не достигнуты,1401,,,3,False,1,0,90000.0,0.0,2,0,0.0,False,0.0,0,3,107.582584,0.001195,1,0.000288,0.0,0.0,,1,0,0,0,False,0.0709,0.2211,0.1109,0.0516,0.0
100000007267915100,peripheral,0.7,14,0.1146,"Получил 21 тыс ₸ от 2 плательщиков, отдал 10 тыс ₸ 1 получ., пропуск 48%; пороги ролей не достигнуты",1402,,,3,False,2,1,21000.0,10000.0,3,1,0.47619,False,1.0,0,1,34.875526,0.001661,3,0.000291,2e-06,0.238095,2.0,1,0,0,0,False,0.07,0.0,0.0,0.4942,0.0
100000003904497100,peripheral,0.716,2,0.1145,4-е колено (обход оборван): 1 поступл. на 10 тыс ₸ от 1 плательщика; P(передаёт дальше)=0.41 — порогов ролей не достигает,1403,,обрыв_4_колена,4,False,1,0,10000.0,0.0,1,0,0.0,True,0.409958,0,2,37.947606,0.003795,1,0.000341,0.0,0.0,,1,0,0,0,False,0.0716,0.1395,0.0,0.3043,0.0
100000006490615100,peripheral,0.489,13,0.1145,4-е колено (обход оборван): 6 поступл. на 42 тыс ₸ от 1 плательщика; P(передаёт дальше)=0.74 — порогов ролей не достигает,1404,,обрыв_4_колена,4,False,1,0,41600.0,0.0,6,0,0.0,True,0.739813,0,2,117.553391,0.002826,0,0.000395,0.0,0.0,,1,0,0,0,False,0.0489,0.1395,0.0,0.3496,0.0
100000002952631100,peripheral,0.764,3,0.1144,Получил 48 тыс ₸ от 1 плательщика; пороги ролей не достигнуты,1405,,,1,False,1,0,48050.0,0.0,1,0,0.0,False,0.0,1,2,48050.0,1.0,1,0.000291,0.0,0.0,,1,0,0,0,False,0.0764,0.2876,0.0,0.0968,0.0
100000008588665100,peripheral,0.657,1,0.1144,4-е колено (обход оборван): 1 поступл. на 25 тыс ₸ от 1 плательщика; P(передаёт дальше)=0.40 — порогов ролей не достигает,1406,,обрыв_4_колена,4,False,1,0,25000.0,0.0,1,0,0.0,True,0.397492,0,2,303.260456,0.01213,0,0.000352,0.0,0.0,,1,0,0,0,False,0.0657,0.1395,0.0,0.3156,0.0
100000002373144100,peripheral,0.767,10,0.1139,"Получил 46 тыс ₸ от 1 плательщика, отдал 11 тыс ₸ 1 получ., пропуск 23%; пороги ролей не достигнуты",1407,,,3,False,1,1,46468.0,10764.0,1,1,0.231643,False,1.0,0,1,225.367969,0.00485,1,0.00029,1.9e-05,0.0,5.0,1,0,0,0,False,0.0767,0.0,0.0,0.4766,0.0
100000002870937100,peripheral,0.715,6,0.1139,Получил 84 тыс ₸ от 1 плательщика; пороги ролей не достигнуты,1408,,,1,False,1,0,83700.0,0.0,1,0,0.0,False,0.0,1,1,83700.0,1.0,1,0.00029,0.0,0.0,,1,0,0,0,False,0.0715,0.2005,0.0972,0.0901,0.0
100000007960337100,peripheral,0.636,9,0.1138,4-е колено (обход оборван): 1 поступл. на 36 тыс ₸ от 1 плательщика; P(передаёт дальше)=0.39 — порогов ролей не достигает,1409,,обрыв_4_колена,4,False,1,0,35500.0,0.0,1,0,0.0,True,0.389768,0,3,13.004655,0.000366,0,0.000303,0.0,0.0,,1,0,0,0,False,0.0636,0.2211,0.0,0.2077,0.0
100000001251686100,peripheral,0.849,1,0.1137,Получил 18 тыс ₸ от 1 плательщика; пороги ролей не достигнуты,1410,,,2,False,1,0,18000.0,0.0,1,0,0.0,False,0.0,0,3,2681.593859,0.148977,1,0.000297,0.0,0.0,,1,0,0,0,False,0.0849,0.2211,0.0,0.1648,0.0
100000001677389100,peripheral,0.892,14,0.1137,"Получил 11 тыс ₸ от 1 плательщика, отдал 5 тыс ₸ 1 получ., пропуск 49%; пороги ролей не достигнуты",1411,,,3,False,1,1,11000.0,5400.0,1,1,0.490909,False,1.0,0,1,83.941597,0.007631,0,0.000289,1.9e-05,0.0,,1,0,0,0,False,0.0892,0.0,0.0,0.4508,0.0
100000001229743100,peripheral,0.9,1,0.1133,"Получил 7 тыс ₸ от 1 плательщика, отдал 9 тыс ₸ 1 получ., пропуск 129%; пороги ролей не достигнуты",1412,,,3,False,1,1,7000.0,9000.0,1,1,1.285714,False,1.0,0,1,5.479901,0.000609,1,0.000288,1.9e-05,0.0,6.0,1,0,0,0,False,0.09,0.0,0.0,0.4471,0.0
100000001578517100,peripheral,0.805,5,0.1133,Получил 30 тыс ₸ от 1 плательщика; пороги ролей не достигнуты,1413,,,2,False,1,0,30000.0,0.0,1,0,0.0,False,0.0,0,4,6451.513215,0.21505,0,0.000291,0.0,0.0,,1,0,0,0,False,0.0805,0.2789,0.0,0.0941,0.0
100000002173070100,peripheral,0.805,5,0.1133,Получил 30 тыс ₸ от 1 плательщика; пороги ролей не достигнуты,1414,,,2,False,1,0,30000.0,0.0,1,0,0.0,False,0.0,0,4,6451.513215,0.21505,0,0.000291,0.0,0.0,,1,0,0,0,False,0.0805,0.2789,0.0,0.0941,0.0
100000005996909100,peripheral,0.9,3,0.113,Получил 6 тыс ₸ от 1 плательщика; пороги ролей не достигнуты,1415,,,3,False,1,0,5500.0,0.0,1,0,0.0,False,0.0,0,2,1052.76174,0.191411,0,0.000316,0.0,0.0,,1,0,0,0,False,0.09,0.1395,0.0,0.2591,0.0
100000001852140100,peripheral,0.805,45,0.1129,Получил 30 тыс ₸ от 1 плательщика; пороги ролей не достигнуты,1416,,,3,False,1,0,30000.0,0.0,1,0,0.0,False,0.0,0,1,2343.317972,0.078111,0,0.000805,0.0,0.0,,1,0,0,0,False,0.0805,0.0,0.0,0.4637,0.0
100000003247600100,peripheral,0.603,1,0.1129,4-е колено (обход оборван): 1 поступл. на 58 тыс ₸ от 1 плательщика; P(передаёт дальше)=0.39 — порогов ролей не достигает,1417,,обрыв_4_колена,4,False,1,0,58000.0,0.0,1,0,0.0,True,0.385108,0,1,299.159116,0.005158,0,0.000841,0.0,0.0,,1,0,0,0,False,0.0603,0.0,0.028,0.4671,0.0
100000002613929100,peripheral,0.809,6,0.1128,Получил 29 тыс ₸ от 1 плательщика; пороги ролей не достигнуты,1418,,,3,False,1,0,28560.0,0.0,1,0,0.0,False,0.0,0,1,2390.844394,0.083713,0,0.000781,0.0,0.0,,1,0,0,0,False,0.0809,0.0,0.0,0.4624,0.0
100000008141170100,peripheral,0.892,3,0.1127,Получил 11 тыс ₸ от 1 плательщика; пороги ролей не достигнуты,1419,,,2,False,1,0,11000.0,0.0,1,0,0.0,False,0.0,0,1,4054.06587,0.368551,0,0.000622,0.0,0.0,,1,0,0,0,False,0.0892,0.0,0.0,0.4455,0.0
100000000655469100,peripheral,0.643,28,0.1126,4-е колено (обход оборван): 2 поступл. на 20 тыс ₸ от 1 плательщика; P(передаёт дальше)=0.47 — порогов ролей не достигает,1420,,обрыв_4_колена,4,False,1,0,20000.0,0.0,2,0,0.0,True,0.469251,0,2,172.178095,0.008609,0,0.000345,0.0,0.0,,1,0,0,0,False,0.0643,0.1395,0.0,0.3083,0.0
100000002511825100,peripheral,0.737,1,0.1125,Получил 65 тыс ₸ от 1 плательщика; пороги ролей не достигнуты,1421,,,1,False,1,0,65000.0,0.0,1,0,0.0,False,0.0,1,1,65000.0,1.0,1,0.000298,0.0,0.0,,1,0,0,0,False,0.0737,0.1766,0.0495,0.1735,0.0
100000004739664100,peripheral,0.884,12,0.1125,"Получил 12 тыс ₸ от 1 плательщика, отдал 10 тыс ₸ 1 получ., пропуск 83%; пороги ролей не достигнуты",1422,,,1,False,1,1,12000.0,10000.0,1,1,0.833333,False,1.0,1,1,12000.0,1.0,1,0.000288,1e-06,0.0,,1,0,0,0,False,0.0884,0.0172,0.0,0.4228,0.0
100000000870121100,peripheral,0.884,13,0.1123,Получил 12 тыс ₸ от 1 плательщика; пороги ролей не достигнуты,1423,,,3,False,1,0,12000.0,0.0,1,0,0.0,False,0.0,0,2,95.895391,0.007991,0,0.000316,0.0,0.0,,1,0,0,0,False,0.0884,0.1395,0.0,0.2585,0.0
100000001848426100,peripheral,0.704,8,0.1123,Получил 96 тыс ₸ от 1 плательщика; пороги ролей не достигнуты,1424,,,2,False,1,0,95530.0,0.0,1,0,0.0,False,0.0,0,1,22927.811408,0.240006,1,0.000304,0.0,0.0,,1,0,0,0,False,0.0704,0.0783,0.1222,0.2133,0.0
100000002653948100,peripheral,0.714,4,0.1121,Получил 85 тыс ₸ от 1 плательщика; пороги ролей не достигнуты,1425,,,3,False,1,0,85200.0,0.0,1,0,0.0,False,0.0,0,3,101.844846,0.001195,1,0.000288,0.0,0.0,,1,0,0,0,False,0.0714,0.2211,0.1006,0.0487,0.0
100000004673335100,peripheral,0.582,11,0.1121,4-е колено (обход оборван): 1 поступл. на 80 тыс ₸ от 1 плательщика; P(передаёт дальше)=0.38 — порогов ролей не достигает,1426,,обрыв_4_колена,4,False,1,0,80000.0,0.0,1,0,0.0,True,0.382618,0,1,132.001487,0.00165,0,0.000494,0.0,0.0,,1,0,0,0,False,0.0582,0.0,0.0887,0.3859,0.0
100000006161893100,peripheral,0.871,3,0.1121,Получил 14 тыс ₸ от 1 плательщика; пороги ролей не достигнуты,1427,,,2,False,1,0,14000.0,0.0,1,0,0.0,False,0.0,0,1,14000.0,1.0,0,0.000532,0.0,0.0,,1,0,0,0,False,0.0871,0.0318,0.0,0.4037,0.0
100000008778010100,peripheral,0.57,19,0.112,4-е колено (обход оборван): 2 поступл. на 77 тыс ₸ от 1 плательщика; P(передаёт дальше)=0.42 — порогов ролей не достигает,1428,,обрыв_4_колена,4,False,1,0,76950.0,0.0,2,0,0.0,True,0.423351,0,1,5.282836,6.9e-05,0,0.00053,0.0,0.0,,1,0,0,0,False,0.057,0.0,0.0814,0.3975,0.0
100000002028158100,peripheral,0.792,3,0.1118,Получил 35 тыс ₸ от 1 плательщика; пороги ролей не достигнуты,1429,,,2,False,1,0,34800.0,0.0,1,0,0.0,False,0.0,0,3,964.666865,0.02772,1,0.000297,0.0,0.0,,1,0,0,0,False,0.0792,0.2211,0.0,0.1657,0.0
100000003345947100,peripheral,0.575,9,0.1117,4-е колено (обход оборван): 6 поступл. на 80 тыс ₸ от 1 плательщика; P(передаёт дальше)=0.40 — порогов ролей не достигает,1430,,обрыв_4_колена,4,False,1,0,79500.0,0.0,6,0,0.0,True,0.402285,0,1,132.862526,0.001671,0,0.000495,0.0,0.0,,1,0,0,0,False,0.0575,0.0,0.0875,0.3863,0.0
100000001639766100,peripheral,0.84,8,0.1116,Получил 20 тыс ₸ от 1 плательщика; пороги ролей не достигнуты,1431,,,3,False,1,0,20000.0,0.0,1,0,0.0,False,0.0,0,1,4800.128003,0.240006,0,0.000651,0.0,0.0,,1,0,0,0,False,0.084,0.0,0.0,0.4495,0.0
100000003561031100,peripheral,0.875,1,0.1116,"Получил 13 тыс ₸ от 1 плательщика, отдал 5 тыс ₸ 1 получ., пропуск 38%; пороги ролей не достигнуты",1432,,,3,False,1,1,13300.0,5000.0,1,1,0.37594,False,1.0,0,1,88.464999,0.006652,1,0.000288,1.9e-05,0.0,,1,0,0,0,False,0.0875,0.0,0.0,0.4428,0.0
100000007731977100,peripheral,0.667,1,0.1113,4-е колено (обход оборван): 1 поступл. на 50 тыс ₸ от 1 плательщика; P(передаёт дальше)=0.24 — порогов ролей не достигает,1433,,обрыв_4_колена,4,False,1,0,50000.0,0.0,1,0,0.0,True,0.244031,0,2,10.139677,0.000203,1,0.000337,0.0,0.0,,1,0,0,0,False,0.0667,0.1395,0.0,0.2967,0.0
100000004066370100,peripheral,0.554,38,0.1112,4-е колено (обход оборван): 2 поступл. на 65 тыс ₸ от 1 плательщика; P(передаёт дальше)=0.50 — порогов ролей не достигает,1434,,обрыв_4_колена,4,False,1,0,65000.0,0.0,2,0,0.0,True,0.497647,0,1,6315.028902,0.097154,0,0.000589,0.0,0.0,,1,0,0,0,False,0.0554,0.0,0.0495,0.4386,0.0
100000008524903100,peripheral,0.691,1,0.1111,4-е колено (обход оборван): 1 поступл. на 15 тыс ₸ от 1 плательщика; P(передаёт дальше)=0.40 — порогов ролей не достигает,1435,,обрыв_4_колена,4,False,1,0,15000.0,0.0,1,0,0.0,True,0.401851,0,2,11.268267,0.000751,0,0.000332,0.0,0.0,,1,0,0,0,False,0.0691,0.1395,0.0,0.2909,0.0
100000008629581100,peripheral,0.753,5,0.1111,Получил 54 тыс ₸ от 1 плательщика; пороги ролей не достигнуты,1436,,,2,False,1,0,54184.0,0.0,1,0,0.0,False,0.0,0,2,7357.487579,0.135787,0,0.000315,0.0,0.0,,1,0,0,0,False,0.0753,0.1395,0.0152,0.2578,0.0
100000008471634100,peripheral,0.672,30,0.1109,4-е колено (обход оборван): 1 поступл. на 20 тыс ₸ от 1 плательщика; P(передаёт дальше)=0.40 — порогов ролей не достигает,1437,,обрыв_4_колена,4,False,1,0,20000.0,0.0,1,0,0.0,True,0.399355,0,1,239.689049,0.011984,0,0.001125,0.0,0.0,,1,0,0,0,False,0.0672,0.0,0.0,0.4791,0.0
100000004770073100,peripheral,0.9,1,0.1108,"Получил 5 тыс ₸ от 1 плательщика, отдал 5 тыс ₸ 1 получ., пропуск 100%; пороги ролей не достигнуты",1438,,,3,False,1,1,5462.4,5466.97,1,1,1.000837,False,1.0,0,1,4.276201,0.000782,1,0.000288,1.9e-05,1.0,0.0,1,0,0,0,False,0.09,0.0,0.0,0.4331,0.0
100000003888197100,peripheral,0.716,4,0.1106,Получил 83 тыс ₸ от 1 плательщика; пороги ролей не достигнуты,1439,,,3,False,1,0,83167.0,0.0,1,0,0.0,False,0.0,0,3,99.414675,0.001195,1,0.000288,0.0,0.0,,1,0,0,0,False,0.0716,0.2211,0.096,0.0463,0.0
100000008349740100,peripheral,0.545,4,0.1105,4-е колено (обход оборван): 2 поступл. на 70 тыс ₸ от 1 плательщика; P(передаёт дальше)=0.51 — порогов ролей не достигает,1440,,обрыв_4_колена,4,False,1,0,70000.0,0.0,2,0,0.0,True,0.509197,0,3,3.382984,4.8e-05,0,0.000293,0.0,0.0,,1,0,0,0,False,0.0545,0.2211,0.0635,0.1232,0.0
100000004260869100,peripheral,0.717,3,0.1104,4-е колено (обход оборван): 1 поступл. на 10 тыс ₸ от 1 плательщика; P(передаёт дальше)=0.41 — порогов ролей не достигает,1441,,обрыв_4_колена,4,False,1,0,10000.0,0.0,1,0,0.0,True,0.407509,0,1,104.322391,0.010432,0,0.000842,0.0,0.0,,1,0,0,0,False,0.0717,0.0,0.0,0.4673,0.0
100000003567087100,peripheral,0.741,12,0.1103,Получил 62 тыс ₸ от 1 плательщика; пороги ролей не достигнуты,1442,,,1,False,1,0,62115.0,0.0,1,0,0.0,False,0.0,1,1,62115.0,1.0,1,0.000299,0.0,0.0,,1,0,0,0,False,0.0741,0.1724,0.0409,0.1777,0.0
100000003671721100,peripheral,0.9,15,0.1103,Получил 5 тыс ₸ от 1 плательщика; пороги ролей не достигнуты,1443,,,3,False,1,0,5000.0,0.0,1,0,0.0,False,0.0,0,1,250.688087,0.050138,0,0.000559,0.0,0.0,,1,0,0,0,False,0.09,0.0,0.0,0.4304,0.0
100000004691350100,peripheral,0.698,36,0.1103,4-е колено (обход оборван): 1 поступл. на 13 тыс ₸ от 1 плательщика; P(передаёт дальше)=0.41 — порогов ролей не достигает,1444,,обрыв_4_колена,4,False,1,0,13300.0,0.0,1,0,0.0,True,0.405644,0,1,286.620386,0.02155,0,0.000887,0.0,0.0,,1,0,0,0,False,0.0698,0.0,0.0,0.4709,0.0
100000001241318100,peripheral,0.755,1,0.1102,Получил 53 тыс ₸ от 1 плательщика; пороги ролей не достигнуты,1445,,,2,False,1,0,53000.0,0.0,1,0,0.0,False,0.0,0,1,14095.0,0.265943,0,0.000531,0.0,0.0,,1,0,0,0,False,0.0755,0.0324,0.011,0.4008,0.0
100000004410489100,peripheral,0.754,1,0.1102,Получил 54 тыс ₸ от 1 плательщика; пороги ролей не достигнуты,1446,,,2,False,1,0,54000.0,0.0,1,0,0.0,False,0.0,0,2,2104.212677,0.038967,1,0.000314,0.0,0.0,,1,0,0,0,False,0.0754,0.1395,0.0145,0.2536,0.0
100000005326681100,peripheral,0.801,3,0.1102,Получил 31 тыс ₸ от 1 плательщика; пороги ролей не достигнуты,1447,,,2,False,1,0,31228.0,0.0,1,0,0.0,False,0.0,0,3,865.649909,0.02772,1,0.000296,0.0,0.0,,1,0,0,0,False,0.0801,0.2211,0.0,0.155,0.0
100000002539625100,peripheral,0.705,2,0.1101,Получил 95 тыс ₸ от 1 плательщика; пороги ролей не достигнуты,1448,,,2,False,1,0,94700.0,0.0,1,0,0.0,False,0.0,0,1,5917.203777,0.062484,0,0.000345,0.0,0.0,,1,0,0,0,False,0.0705,0.0,0.1205,0.3076,0.0
100000003073398100,peripheral,0.706,8,0.11,Получил 93 тыс ₸ от 1 плательщика; пороги ролей не достигнуты,1449,,,2,False,1,0,92960.0,0.0,1,0,0.0,False,0.0,0,1,22310.99496,0.240006,1,0.000303,0.0,0.0,,1,0,0,0,False,0.0706,0.0757,0.117,0.2104,0.0
100000001530740100,peripheral,0.865,3,0.1099,Получил 15 тыс ₸ от 1 плательщика; пороги ролей не достигнуты,1450,,,2,False,1,0,15000.0,0.0,1,0,0.0,False,0.0,0,1,13485.0,0.899,0,0.00053,0.0,0.0,,1,0,0,0,False,0.0865,0.0282,0.0,0.3977,0.0
100000001648936100,peripheral,0.707,8,0.1097,Получил 93 тыс ₸ от 1 плательщика; пороги ролей не достигнуты,1451,,,2,False,1,0,92740.0,0.0,1,0,0.0,False,0.0,0,1,22258.193552,0.240006,1,0.000303,0.0,0.0,,1,0,0,0,False,0.0707,0.0755,0.1166,0.2095,0.0
100000002842337100,peripheral,0.76,6,0.1097,Получил 50 тыс ₸ от 1 плательщика; пороги ролей не достигнуты,1452,,,2,False,1,0,50000.0,0.0,1,0,0.0,False,0.0,0,1,27027.027027,0.540541,0,0.000367,0.0,0.0,,1,0,0,0,False,0.076,0.0938,0.0,0.3301,0.0
100000004350094100,peripheral,0.672,18,0.1097,4-е колено (обход оборван): 1 поступл. на 20 тыс ₸ от 1 плательщика; P(передаёт дальше)=0.40 — порогов ролей не достигает,1453,,обрыв_4_колена,4,False,1,0,20000.0,0.0,1,0,0.0,True,0.400165,0,1,84.627018,0.004231,0,0.000894,0.0,0.0,,1,0,0,0,False,0.0672,0.0,0.0,0.4724,0.0
100000005709551100,peripheral,0.822,13,0.1096,Получил 25 тыс ₸ от 1 плательщика; пороги ролей не достигнуты,1454,,,3,False,1,0,24560.0,0.0,1,0,0.0,False,0.0,0,3,265.392151,0.010806,1,0.000295,0.0,0.0,,1,0,0,0,False,0.0822,0.2211,0.0,0.1475,0.0
100000005367180100,peripheral,0.716,1,0.1095,4-е колено (обход оборван): 1 поступл. на 8 тыс ₸ от 1 плательщика; P(передаёт дальше)=0.41 — порогов ролей не достигает,1455,,обрыв_4_колена,4,False,1,0,7700.0,0.0,1,0,0.0,True,0.409067,0,1,64.850825,0.008422,0,0.000783,0.0,0.0,,1,0,0,0,False,0.0716,0.0,0.0,0.4626,0.0
100000008547295100,peripheral,0.865,8,0.1093,Получил 15 тыс ₸ от 1 плательщика; пороги ролей не достигнуты,1456,,,3,False,1,0,15000.0,0.0,1,0,0.0,False,0.0,0,1,1231.102688,0.082074,0,0.000563,0.0,0.0,,1,0,0,0,False,0.0865,0.0,0.0,0.4319,0.0
100000004030553100,peripheral,0.591,9,0.109,4-е колено (обход оборван): 1 поступл. на 70 тыс ₸ от 1 плательщика; P(передаёт дальше)=0.38 — порогов ролей не достигает,1457,,обрыв_4_колена,4,False,1,0,70000.0,0.0,1,0,0.0,True,0.38192,0,1,79.800023,0.00114,0,0.000531,0.0,0.0,,1,0,0,0,False,0.0591,0.0,0.0635,0.4006,0.0
100000002832753100,peripheral,0.702,3,0.1087,4-е колено (обход оборван): 1 поступл. на 12 тыс ₸ от 1 плательщика; P(передаёт дальше)=0.41 — порогов ролей не достигает,1458,,обрыв_4_колена,4,False,1,0,12500.0,0.0,1,0,0.0,True,0.405837,0,1,280.762369,0.022461,0,0.000756,0.0,0.0,,1,0,0,0,False,0.0702,0.0,0.0,0.4611,0.0
100000001415126100,peripheral,0.814,16,0.1084,Получил 27 тыс ₸ от 1 плательщика; пороги ролей не достигнуты; seed: вход занижен,1459,,seed,0,True,1,0,27000.0,0.0,1,0,0.0,False,0.0,0,2,4329.031393,1.0,0,0.00041,0.0,0.0,,1,0,0,0,False,0.0814,0.1395,0.0,0.357,0.0
100000004261340100,peripheral,0.515,1,0.1084,4-е колено (обход оборван): 4 поступл. на 48 тыс ₸ от 1 плательщика; P(передаёт дальше)=0.65 — порогов ролей не достигает,1460,,обрыв_4_колена,4,False,1,0,48500.0,0.0,4,0,0.0,True,0.649877,0,2,205.888396,0.004245,0,0.000347,0.0,0.0,,1,0,0,0,False,0.0515,0.1395,0.0,0.3112,0.0
100000000611474100,peripheral,0.799,23,0.1083,Получил 32 тыс ₸ от 1 плательщика; пороги ролей не достигнуты,1461,,,3,False,1,0,32000.0,0.0,1,0,0.0,False,0.0,0,1,990.522328,0.030954,0,0.000596,0.0,0.0,,1,0,0,0,False,0.0799,0.0,0.0,0.4397,0.0
100000002700161100,peripheral,0.63,44,0.1082,4-е колено (обход оборван): 1 поступл. на 39 тыс ₸ от 1 плательщика; P(передаёт дальше)=0.39 — порогов ролей не достигает,1462,,обрыв_4_колена,4,False,1,0,39000.0,0.0,1,0,0.0,True,0.388566,0,1,1695.652174,0.043478,0,0.000903,0.0,0.0,,1,0,0,0,False,0.063,0.0,0.0,0.4729,0.0
100000005939154100,peripheral,0.832,3,0.1082,Получил 22 тыс ₸ от 1 плательщика; пороги ролей не достигнуты,1463,,,2,False,1,0,22000.0,0.0,2,0,0.0,False,0.0,0,3,3507.72692,0.159442,0,0.000294,0.0,0.0,,1,0,0,0,False,0.0832,0.2211,0.0,0.1375,0.0
100000005940652100,peripheral,0.9,10,0.1073,Получил 8 тыс ₸ от 1 плательщика; пороги ролей не достигнуты,1464,,,1,False,1,0,8395.0,0.0,1,0,0.0,False,0.0,1,4,8395.0,1.0,1,0.000288,0.0,0.0,,1,0,0,0,False,0.09,0.2789,0.0,0.0416,0.0
100000002721825100,peripheral,0.892,1,0.1072,Получил 11 тыс ₸ от 1 плательщика; пороги ролей не достигнуты,1465,,,2,False,1,0,11000.0,0.0,1,0,0.0,False,0.0,0,1,11000.0,1.0,0,0.000531,0.0,0.0,,1,0,0,0,False,0.0892,0.009,0.0,0.4028,0.0
100000005203590100,peripheral,0.709,8,0.1072,Получил 90 тыс ₸ от 1 плательщика; пороги ролей не достигнуты,1466,,,2,False,1,0,90000.0,0.0,1,0,0.0,False,0.0,0,1,21600.576015,0.240006,1,0.000303,0.0,0.0,,1,0,0,0,False,0.0709,0.0727,0.1109,0.2069,0.0
100000003646145100,peripheral,0.711,8,0.1071,4-е колено (обход оборван): 1 поступл. на 5 тыс ₸ от 1 плательщика; P(передаёт дальше)=0.42 — порогов ролей не достигает,1467,,обрыв_4_колена,4,False,1,0,5000.0,0.0,1,0,0.0,True,0.419204,0,1,744.51798,0.148904,0,0.000654,0.0,0.0,,1,0,0,0,False,0.0711,0.0,0.0,0.4504,0.0
100000008027922100,peripheral,0.591,23,0.1069,4-е колено (обход оборван): 1 поступл. на 70 тыс ₸ от 1 плательщика; P(передаёт дальше)=0.38 — порогов ролей не достигает,1468,,обрыв_4_колена,4,False,1,0,70000.0,0.0,1,0,0.0,True,0.38192,0,1,1319.57144,0.018851,0,0.000502,0.0,0.0,,1,0,0,0,False,0.0591,0.0,0.0635,0.3888,0.0
100000004185681100,peripheral,0.9,20,0.1067,Получил 10 тыс ₸ от 1 плательщика; пороги ролей не достигнуты,1469,,,3,False,1,0,10000.0,0.0,1,0,0.0,False,0.0,0,1,141.37175,0.014137,0,0.000535,0.0,0.0,,1,0,0,0,False,0.09,0.0,0.0,0.4104,0.0
100000000971908100,peripheral,0.71,8,0.1063,Получил 89 тыс ₸ от 1 плательщика; пороги ролей не достигнуты,1470,,,2,False,1,0,89000.0,0.0,1,0,0.0,False,0.0,0,1,21360.569615,0.240006,1,0.000302,0.0,0.0,,1,0,0,0,False,0.071,0.0716,0.1088,0.2057,0.0
100000007861311100,peripheral,0.769,6,0.1062,Получил 45 тыс ₸ от 1 плательщика; пороги ролей не достигнуты,1471,,,2,False,1,0,45000.0,0.0,1,0,0.0,False,0.0,0,1,24324.324324,0.540541,0,0.000359,0.0,0.0,,1,0,0,0,False,0.0769,0.0839,0.0,0.3218,0.0
100000008701256100,peripheral,0.747,20,0.1062,Получил 58 тыс ₸ от 1 плательщика; пороги ролей не достигнуты,1472,,,2,False,1,0,58250.0,0.0,1,0,0.0,False,0.0,0,2,1665.422487,0.028591,0,0.000304,0.0,0.0,,1,0,0,0,False,0.0747,0.1395,0.0288,0.2137,0.0
100000005010159100,peripheral,0.715,9,0.1061,4-е колено (обход оборван): 1 поступл. на 7 тыс ₸ от 1 плательщика; P(передаёт дальше)=0.41 — порогов ролей не достигает,1473,,обрыв_4_колена,4,False,1,0,7092.0,0.0,1,0,0.0,True,0.41034,0,1,11.85234,0.001671,0,0.000614,0.0,0.0,,1,0,0,0,False,0.0715,0.0,0.0,0.4442,0.0
100000006844004100,peripheral,0.837,1,0.1061,Получил 21 тыс ₸ от 1 плательщика; пороги ролей не достигнуты,1474,,,3,False,1,0,20600.0,0.0,1,0,0.0,False,0.0,0,1,618.37024,0.030018,0,0.000545,0.0,0.0,,1,0,0,0,False,0.0837,0.0,0.0,0.4195,0.0
100000000912487100,peripheral,0.9,1,0.106,Получил 10 тыс ₸ от 1 плательщика; пороги ролей не достигнуты,1475,,,2,False,1,0,10000.0,0.0,1,0,0.0,False,0.0,0,3,1489.774366,0.148977,1,0.000292,0.0,0.0,,1,0,0,0,False,0.09,0.2211,0.0,0.1119,0.0
100000006656003100,peripheral,0.84,12,0.106,"Получил 20 тыс ₸ от 1 плательщика, отдал 9 тыс ₸ 1 получ., пропуск 45%; пороги ролей не достигнуты",1476,,возвратные_циклы,1,False,1,1,20000.0,9000.0,1,1,0.45,False,1.0,1,1,20000.0,1.0,1,0.00029,0.0,0.45,0.0,1,1,0,0,False,0.084,0.0654,0.0,0.0812,0.25
100000002459164100,peripheral,0.84,14,0.1059,Получил 20 тыс ₸ от 1 плательщика; пороги ролей не достигнуты,1477,,,3,False,1,0,20000.0,0.0,1,0,0.0,False,0.0,0,1,779.775256,0.038989,0,0.000542,0.0,0.0,,1,0,0,0,False,0.084,0.0,0.0,0.4181,0.0
100000005756535100,peripheral,0.84,12,0.1059,Получил 20 тыс ₸ от 1 плательщика; пороги ролей не достигнуты,1478,,,3,False,1,0,20000.0,0.0,1,0,0.0,False,0.0,0,1,343.700207,0.017185,0,0.000542,0.0,0.0,,1,0,0,0,False,0.084,0.0,0.0,0.4179,0.0
100000002621915100,peripheral,0.9,3,0.1056,Получил 5 тыс ₸ от 1 плательщика; пороги ролей не достигнуты,1479,,,2,False,1,0,5000.0,0.0,1,0,0.0,False,0.0,0,1,5000.0,1.0,0,0.000532,0.0,0.0,,1,0,0,0,False,0.09,0.0,0.0,0.4044,0.0
100000002974256100,peripheral,0.9,17,0.1056,Получил 7 тыс ₸ от 1 плательщика; пороги ролей не достигнуты,1480,,,2,False,1,0,7200.0,0.0,1,0,0.0,False,0.0,0,1,7200.0,1.0,0,0.000532,0.0,0.0,,1,0,0,0,False,0.09,0.0,0.0,0.4041,0.0
100000002540033100,peripheral,0.718,2,0.1055,4-е колено (обход оборван): 1 поступл. на 10 тыс ₸ от 1 плательщика; P(передаёт дальше)=0.40 — порогов ролей не достигает,1481,,обрыв_4_колена,4,False,1,0,10000.0,0.0,1,0,0.0,True,0.404454,0,1,53.541748,0.005354,0,0.000596,0.0,0.0,,1,0,0,0,False,0.0718,0.0,0.0,0.4399,0.0
100000005910895100,peripheral,0.714,7,0.1054,4-е колено (обход оборван): 1 поступл. на 5 тыс ₸ от 1 плательщика; P(передаёт дальше)=0.41 — порогов ролей не достигает,1482,,обрыв_4_колена,4,False,1,0,5100.0,0.0,1,0,0.0,True,0.412996,0,1,300.372689,0.058897,0,0.000598,0.0,0.0,,1,0,0,0,False,0.0714,0.0,0.0,0.4406,0.0
100000001835625100,peripheral,0.725,4,0.1051,Получил 75 тыс ₸ от 1 плательщика; пороги ролей не достигнуты,1483,,,3,False,1,0,75130.0,0.0,1,0,0.0,False,0.0,0,3,89.80755,0.001195,1,0.000288,0.0,0.0,,1,0,0,0,False,0.0725,0.2211,0.0769,0.0394,0.0
100000008677215100,peripheral,0.9,23,0.1051,Получил 9 тыс ₸ от 1 плательщика; пороги ролей не достигнуты,1484,,,3,False,1,0,9000.0,0.0,1,0,0.0,False,0.0,0,2,686.58819,0.076288,0,0.000304,0.0,0.0,,1,0,0,0,False,0.09,0.1395,0.0,0.2155,0.0
100000003786516100,peripheral,0.782,1,0.105,4-е колено (обход оборван): 1 поступл. на 5 тыс ₸ от 1 плательщика; P(передаёт дальше)=0.26 — порогов ролей не достигает,1485,,обрыв_4_колена,4,False,1,0,5000.0,0.0,1,0,0.0,True,0.263299,0,3,5.641435,0.001128,1,0.000293,0.0,0.0,,1,0,0,0,False,0.0782,0.2211,0.0,0.1301,0.0
100000002459163100,peripheral,0.839,39,0.1049,Получил 20 тыс ₸ от 1 плательщика; пороги ролей не достигнуты,1486,,,2,False,1,0,20180.0,0.0,1,0,0.0,False,0.0,0,1,20180.0,1.0,0,0.000361,0.0,0.0,,1,0,0,0,False,0.0839,0.0663,0.0,0.3243,0.0
100000002481735100,peripheral,0.83,3,0.1049,Получил 22 тыс ₸ от 1 плательщика; пороги ролей не достигнуты,1487,,,2,False,1,0,22436.0,0.0,2,0,0.0,False,0.0,0,1,20214.920701,0.901004,0,0.000363,0.0,0.0,,1,0,0,0,False,0.083,0.0664,0.0,0.3261,0.0
100000000979567100,peripheral,0.9,12,0.1048,Получил 10 тыс ₸ от 1 плательщика; пороги ролей не достигнуты,1488,,,2,False,1,0,10000.0,0.0,1,0,0.0,False,0.0,0,1,10000.0,1.0,0,0.000531,0.0,0.0,,1,0,0,0,False,0.09,0.0,0.0,0.4001,0.0
100000004400361100,peripheral,0.9,5,0.1047,Получил 10 тыс ₸ от 1 плательщика; пороги ролей не достигнуты,1489,,,2,False,1,0,10000.0,0.0,1,0,0.0,False,0.0,0,4,2150.504405,0.21505,0,0.000287,0.0,0.0,,1,0,0,0,False,0.09,0.2789,0.0,0.0274,0.0
100000007347733100,peripheral,0.828,46,0.1047,Получил 23 тыс ₸ от 1 плательщика; пороги ролей не достигнуты,1490,,,1,False,1,0,23007.0,0.0,1,0,0.0,False,0.0,1,1,23007.0,1.0,0,0.000346,0.0,0.0,,1,0,0,0,False,0.0828,0.0786,0.0,0.3089,0.0
100000005082652100,peripheral,0.805,6,0.1046,Получил 30 тыс ₸ от 1 плательщика; пороги ролей не достигнуты,1491,,,3,False,1,0,30000.0,0.0,1,0,0.0,False,0.0,0,1,16216.216216,0.540541,0,0.000408,0.0,0.0,,1,0,0,0,False,0.0805,0.0456,0.0,0.3568,0.0
100000008583971100,peripheral,0.504,10,0.1046,4-е колено (обход оборван): 2 поступл. на 51 тыс ₸ от 2 плательщиков; P(передаёт дальше)=0.56 — порогов ролей не достигает,1492,,обрыв_4_колена,4,False,2,0,51000.0,0.0,2,0,0.0,True,0.559201,0,2,12.028629,0.000236,1,0.00033,0.0,0.0,,1,0,0,0,False,0.0504,0.1395,0.0037,0.2871,0.0
100000005142589100,peripheral,0.76,1,0.104,Получил 50 тыс ₸ от 1 плательщика; пороги ролей не достигнуты,1493,,,2,False,1,0,50000.0,0.0,2,0,0.0,False,0.0,0,2,4517.958445,0.090359,0,0.00031,0.0,0.0,,1,0,0,0,False,0.076,0.1395,0.0,0.2375,0.0
100000007737775100,peripheral,0.9,7,0.104,Получил 6 тыс ₸ от 1 плательщика; пороги ролей не достигнуты,1494,,,3,False,1,0,6000.0,0.0,1,0,0.0,False,0.0,0,2,669.812205,0.111635,0,0.000303,0.0,0.0,,1,0,0,0,False,0.09,0.1395,0.0,0.2093,0.0
100000008028628100,peripheral,0.748,12,0.1039,Получил 57 тыс ₸ от 1 плательщика; пороги ролей не достигнуты,1495,,,1,False,1,0,57224.0,0.0,1,0,0.0,False,0.0,1,1,57224.0,1.0,1,0.000298,0.0,0.0,,1,0,0,0,False,0.0748,0.1646,0.0255,0.1722,0.0
100000000572276100,peripheral,0.792,19,0.1038,"Получил 13 тыс ₸ от 1 плательщика, отдал 35 тыс ₸ 1 получ., пропуск 264%; пороги ролей не достигнуты",1496,,,3,False,1,1,13075.0,34547.0,1,1,2.642218,False,1.0,0,1,8.688438,0.000251,1,0.000288,1e-06,0.0,13.0,1,0,0,0,False,0.0792,0.0,0.0,0.4161,0.0
100000002242066100,peripheral,0.6,14,0.1037,4-е колено (обход оборван): 1 поступл. на 60 тыс ₸ от 1 плательщика; P(передаёт дальше)=0.39 — порогов ролей не достигает,1497,,обрыв_4_колена,4,False,1,0,60000.0,0.0,1,0,0.0,True,0.386678,0,1,25.649784,0.000427,0,0.000534,0.0,0.0,,1,0,0,0,False,0.06,0.0,0.0344,0.4081,0.0
100000005636951100,peripheral,0.627,8,0.1036,4-е колено (обход оборван): 1 поступл. на 40 тыс ₸ от 1 плательщика; P(передаёт дальше)=0.39 — порогов ролей не достигает,1498,,обрыв_4_колена,4,False,1,0,40000.0,0.0,1,0,0.0,True,0.391055,0,1,3130.081301,0.078252,0,0.000636,0.0,0.0,,1,0,0,0,False,0.0627,0.0,0.0,0.448,0.0
100000003146511100,peripheral,0.716,13,0.1035,4-е колено (обход оборван): 1 поступл. на 10 тыс ₸ от 1 плательщика; P(передаёт дальше)=0.41 — порогов ролей не достигает,1499,,обрыв_4_колена,4,False,1,0,10000.0,0.0,1,0,0.0,True,0.409141,0,2,28.258027,0.002826,0,0.000312,0.0,0.0,,1,0,0,0,False,0.0716,0.1395,0.0,0.2433,0.0
100000002945031100,peripheral,0.865,13,0.1031,Получил 15 тыс ₸ от 1 плательщика; пороги ролей не достигнуты,1500,,,3,False,1,0,15000.0,0.0,1,0,0.0,False,0.0,0,3,162.08804,0.010806,1,0.000291,0.0,0.0,,1,0,0,0,False,0.0865,0.2211,0.0,0.103,0.0
100000003838587100,peripheral,0.714,16,0.1031,4-е колено (обход оборван): 1 поступл. на 6 тыс ₸ от 1 плательщика; P(передаёт дальше)=0.41 — порогов ролей не достигает,1501,,обрыв_4_колена,4,False,1,0,6000.0,0.0,1,0,0.0,True,0.41313,0,1,6.634037,0.001106,0,0.000555,0.0,0.0,,1,0,0,0,False,0.0714,0.0,0.0,0.4277,0.0
100000004291663100,peripheral,0.719,1,0.103,4-е колено (обход оборван): 1 поступл. на 25 тыс ₸ от 1 плательщика; P(передаёт дальше)=0.25 — порогов ролей не достигает,1502,,обрыв_4_колена,4,False,1,0,25000.0,0.0,1,0,0.0,True,0.246395,0,2,5.069838,0.000203,1,0.000311,0.0,0.0,,1,0,0,0,False,0.0719,0.1395,0.0,0.2404,0.0
100000005055454100,peripheral,0.9,26,0.103,Получил 6 тыс ₸ от 1 плательщика; пороги ролей не достигнуты,1503,,,3,False,1,0,6500.0,0.0,1,0,0.0,False,0.0,0,1,2209.944751,0.339992,0,0.000506,0.0,0.0,,1,0,0,0,False,0.09,0.0,0.0,0.3901,0.0
100000002994441100,peripheral,0.712,1,0.1029,4-е колено (обход оборван): 1 поступл. на 5 тыс ₸ от 1 плательщика; P(передаёт дальше)=0.42 — порогов ролей не достигает,1504,,обрыв_4_колена,4,False,1,0,5000.0,0.0,1,0,0.0,True,0.416739,0,1,33.257519,0.006652,0,0.000553,0.0,0.0,,1,0,0,0,False,0.0712,0.0,0.0,0.4268,0.0
100000004265639100,peripheral,0.718,1,0.1029,4-е колено (обход оборван): 1 поступл. на 10 тыс ₸ от 1 плательщика; P(передаёт дальше)=0.40 — порогов ролей не достигает,1505,,обрыв_4_колена,4,False,1,0,10000.0,0.0,1,0,0.0,True,0.404861,0,1,66.515037,0.006652,0,0.000552,0.0,0.0,,1,0,0,0,False,0.0718,0.0,0.0,0.4259,0.0
100000004569637100,peripheral,0.714,1,0.1029,4-е колено (обход оборван): 1 поступл. на 6 тыс ₸ от 1 плательщика; P(передаёт дальше)=0.41 — порогов ролей не достигает,1506,,обрыв_4_колена,4,False,1,0,5500.0,0.0,1,0,0.0,True,0.412422,0,1,36.58327,0.006652,0,0.000553,0.0,0.0,,1,0,0,0,False,0.0714,0.0,0.0,0.4266,0.0
100000006735545100,peripheral,0.712,1,0.1028,4-е колено (обход оборван): 1 поступл. на 5 тыс ₸ от 1 плательщика; P(передаёт дальше)=0.42 — порогов ролей не достигает,1507,,обрыв_4_колена,4,False,1,0,5000.0,0.0,1,0,0.0,True,0.418793,0,3,2.473174,0.000495,0,0.000293,0.0,0.0,,1,0,0,0,False,0.0712,0.2211,0.0,0.1317,0.0
100000002845605100,peripheral,0.748,1,0.1027,Получил 58 тыс ₸ от 1 плательщика; пороги ролей не достигнуты,1508,,,1,False,1,0,57567.0,0.0,1,0,0.0,False,0.0,1,1,57567.0,1.0,1,0.000296,0.0,0.0,,1,0,0,0,False,0.0748,0.1652,0.0266,0.1633,0.0
100000004596284100,peripheral,0.646,3,0.1027,4-е колено (обход оборван): 1 поступл. на 30 тыс ₸ от 1 плательщика; P(передаёт дальше)=0.39 — порогов ролей не достигает,1509,,обрыв_4_колена,4,False,1,0,30000.0,0.0,1,0,0.0,True,0.393937,0,1,980.651179,0.032688,0,0.000591,0.0,0.0,,1,0,0,0,False,0.0646,0.0,0.0,0.4391,0.0
100000002748511100,peripheral,0.673,3,0.1026,4-е колено (обход оборван): 1 поступл. на 20 тыс ₸ от 1 плательщика; P(передаёт дальше)=0.40 — порогов ролей не достигает,1510,,обрыв_4_колена,4,False,1,0,20000.0,0.0,1,0,0.0,True,0.396118,0,1,1913.305592,0.095665,0,0.000567,0.0,0.0,,1,0,0,0,False,0.0673,0.0,0.0,0.4331,0.0
100000002597074100,peripheral,0.716,1,0.1025,4-е колено (обход оборван): 1 поступл. на 8 тыс ₸ от 1 плательщика; P(передаёт дальше)=0.41 — порогов ролей не достигает,1511,,обрыв_4_колена,4,False,1,0,8000.0,0.0,1,0,0.0,True,0.408366,0,2,32.716486,0.00409,0,0.00031,0.0,0.0,,1,0,0,0,False,0.0716,0.1395,0.0,0.2382,0.0
100000003219438100,peripheral,0.799,22,0.1024,Получил 32 тыс ₸ от 1 плательщика; пороги ролей не достигнуты,1512,,,2,False,1,0,32000.0,0.0,1,0,0.0,False,0.0,0,1,13225.499946,0.413297,0,0.000447,0.0,0.0,,1,0,0,0,False,0.0799,0.0264,0.0,0.3717,0.0
100000000470237100,peripheral,0.642,22,0.1023,4-е колено (обход оборван): 1 поступл. на 32 тыс ₸ от 1 плательщика; P(передаёт дальше)=0.39 — порогов ролей не достигает,1513,,обрыв_4_колена,4,False,1,0,32500.0,0.0,1,0,0.0,True,0.38909,0,1,2583.934097,0.079506,0,0.000585,0.0,0.0,,1,0,0,0,False,0.0642,0.0,0.0,0.4377,0.0
100000001202637100,peripheral,0.716,15,0.1023,4-е колено (обход оборван): 1 поступл. на 10 тыс ₸ от 1 плательщика; P(передаёт дальше)=0.41 — порогов ролей не достигает,1514,,обрыв_4_колена,4,False,1,0,10000.0,0.0,1,0,0.0,True,0.408325,0,1,8.058551,0.000806,0,0.000549,0.0,0.0,,1,0,0,0,False,0.0716,0.0,0.0,0.4228,0.0
100000003289281100,peripheral,0.629,10,0.1023,4-е колено (обход оборван): 1 поступл. на 40 тыс ₸ от 1 плательщика; P(передаёт дальше)=0.39 — порогов ролей не достигает,1515,,обрыв_4_колена,4,False,1,0,40000.0,0.0,1,0,0.0,True,0.387441,0,1,1256.466603,0.031412,0,0.000597,0.0,0.0,,1,0,0,0,False,0.0629,0.0,0.0,0.4402,0.0
100000000942301100,peripheral,0.748,1,0.1022,Получил 58 тыс ₸ от 1 плательщика; пороги ролей не достигнуты,1516,,,3,False,1,0,57580.0,0.0,2,0,0.0,False,0.0,0,2,698.469481,0.01213,1,0.000301,0.0,0.0,,1,0,0,0,False,0.0748,0.1395,0.0266,0.1946,0.0
100000001256409100,peripheral,0.717,9,0.102,4-е колено (обход оборван): 1 поступл. на 8 тыс ₸ от 1 плательщика; P(передаёт дальше)=0.41 — порогов ролей не достигает,1517,,обрыв_4_колена,4,False,1,0,8000.0,0.0,1,0,0.0,True,0.407754,0,1,17.253593,0.002157,0,0.000547,0.0,0.0,,1,0,0,0,False,0.0717,0.0,0.0,0.4208,0.0
100000001429930100,peripheral,0.817,13,0.1019,Получил 26 тыс ₸ от 1 плательщика; пороги ролей не достигнуты; seed: вход занижен,1518,,seed,0,True,1,0,26000.0,0.0,1,0,0.0,False,0.0,0,2,207.773347,1.0,0,0.000351,0.0,0.0,,1,0,0,0,False,0.0817,0.1395,0.0,0.3138,0.0
100000003610172100,peripheral,0.731,4,0.1017,Получил 70 тыс ₸ от 1 плательщика; пороги ролей не достигнуты,1519,,,3,False,1,0,70000.0,0.0,1,0,0.0,False,0.0,0,3,83.675343,0.001195,1,0.000288,0.0,0.0,,1,0,0,0,False,0.0731,0.2211,0.0635,0.0371,0.0
100000008745489100,peripheral,0.751,12,0.1017,Получил 56 тыс ₸ от 1 плательщика; пороги ролей не достигнуты,1520,,,1,False,1,0,55539.0,0.0,1,0,0.0,False,0.0,1,1,55539.0,1.0,1,0.000297,0.0,0.0,,1,0,0,0,False,0.0751,0.1618,0.0198,0.1704,0.0
100000007930878100,peripheral,0.9,33,0.1016,Получил 5 тыс ₸ от 1 плательщика; пороги ролей не достигнуты,1521,,,2,False,1,0,5000.0,0.0,1,0,0.0,False,0.0,0,1,5000.0,1.0,0,0.000484,0.0,0.0,,1,0,0,0,False,0.09,0.0,0.0,0.3823,0.0
100000008422226100,peripheral,0.712,1,0.1016,Получил 87 тыс ₸ от 1 плательщика; пороги ролей не достигнуты,1522,,,3,False,1,0,87450.0,0.0,1,0,0.0,False,0.0,0,2,74.021404,0.000846,1,0.00029,0.0,0.0,,1,0,0,0,False,0.0712,0.1395,0.1055,0.0932,0.0
100000000404740100,peripheral,0.659,30,0.1015,4-е колено (обход оборван): 1 поступл. на 25 тыс ₸ от 1 плательщика; P(передаёт дальше)=0.39 — порогов ролей не достигает,1523,,обрыв_4_колена,4,False,1,0,25000.0,0.0,1,0,0.0,True,0.394261,0,1,382.647963,0.015306,0,0.000558,0.0,0.0,,1,0,0,0,False,0.0659,0.0,0.0,0.4299,0.0
100000003962994100,peripheral,0.9,41,0.1015,Получил 10 тыс ₸ от 1 плательщика; пороги ролей не достигнуты,1524,,,3,False,1,0,10000.0,0.0,1,0,0.0,False,0.0,0,1,2178.40153,0.21784,0,0.000481,0.0,0.0,,1,0,0,0,False,0.09,0.0,0.0,0.3817,0.0
100000004655046100,peripheral,0.662,15,0.1015,4-е колено (обход оборван): 1 поступл. на 24 тыс ₸ от 1 плательщика; P(передаёт дальше)=0.39 — порогов ролей не достигает,1525,,обрыв_4_колена,4,False,1,0,24000.0,0.0,1,0,0.0,True,0.393172,0,1,19.340522,0.000806,0,0.000558,0.0,0.0,,1,0,0,0,False,0.0662,0.0,0.0,0.4293,0.0
100000005370580100,peripheral,0.824,13,0.1014,Получил 24 тыс ₸ от 1 плательщика; пороги ролей не достигнуты; seed: вход занижен,1526,,seed,0,True,1,0,24075.0,0.0,1,0,0.0,False,0.0,0,2,192.390128,1.0,0,0.000346,0.0,0.0,,1,0,0,0,False,0.0824,0.1395,0.0,0.3094,0.0
100000000850297100,peripheral,0.851,15,0.1013,"Получил 18 тыс ₸ от 1 плательщика, отдал 18 тыс ₸ 1 получ., пропуск 100%; пороги ролей не достигнуты",1527,,возвратные_циклы,2,False,1,1,17520.0,17520.0,1,1,1.0,False,1.0,0,1,408.470377,0.023315,1,0.000294,0.0,1.0,0.0,1,1,0,0,False,0.0851,0.0,0.0,0.1401,0.25
100000004848236100,peripheral,0.716,1,0.1013,4-е колено (обход оборван): 1 поступл. на 8 тыс ₸ от 1 плательщика; P(передаёт дальше)=0.41 — порогов ролей не достигает,1528,,обрыв_4_колена,4,False,1,0,7500.0,0.0,1,0,0.0,True,0.409409,0,2,30.671706,0.00409,0,0.000309,0.0,0.0,,1,0,0,0,False,0.0716,0.1395,0.0,0.2315,0.0
100000001138376100,peripheral,0.863,3,0.1012,Получил 15 тыс ₸ от 1 плательщика; пороги ролей не достигнуты,1529,,,2,False,1,0,15300.0,0.0,1,0,0.0,False,0.0,0,3,424.120777,0.02772,1,0.00029,0.0,0.0,,1,0,0,0,False,0.0863,0.2211,0.0,0.0925,0.0
100000006381453100,peripheral,0.619,2,0.1011,4-е колено (обход оборван): 1 поступл. на 45 тыс ₸ от 1 плательщика; P(передаёт дальше)=0.39 — порогов ролей не достигает,1530,,обрыв_4_колена,4,False,1,0,45000.0,0.0,1,0,0.0,True,0.390553,0,1,26.375421,0.000586,0,0.000576,0.0,0.0,,1,0,0,0,False,0.0619,0.0,0.0,0.4357,0.0
100000002258492100,peripheral,0.715,7,0.101,4-е колено (обход оборван): 1 поступл. на 9 тыс ₸ от 1 плательщика; P(передаёт дальше)=0.41 — порогов ролей не достигает,1531,,обрыв_4_колена,4,False,1,0,9000.0,0.0,1,0,0.0,True,0.410306,0,1,422.100856,0.0469,0,0.00054,0.0,0.0,,1,0,0,0,False,0.0715,0.0,0.0,0.4161,0.0
100000001696818100,peripheral,0.754,5,0.1009,Получил 54 тыс ₸ от 1 плательщика; пороги ролей не достигнуты,1532,,,1,False,1,0,53550.0,0.0,1,0,0.0,False,0.0,1,1,53550.0,1.0,1,0.000299,0.0,0.0,,1,0,0,0,False,0.0754,0.1584,0.0129,0.1793,0.0
100000004222274100,peripheral,0.69,1,0.1007,4-е колено (обход оборван): 1 поступл. на 16 тыс ₸ от 1 плательщика; P(передаёт дальше)=0.40 — порогов ролей не достигает,1533,,обрыв_4_колена,4,False,1,0,15500.0,0.0,1,0,0.0,True,0.398793,0,1,12.134066,0.000783,0,0.000545,0.0,0.0,,1,0,0,0,False,0.069,0.0,0.0,0.4193,0.0
100000008289539100,peripheral,0.865,3,0.1007,Получил 15 тыс ₸ от 1 плательщика; пороги ролей не достигнуты,1534,,,2,False,1,0,14912.0,0.0,1,0,0.0,False,0.0,0,3,413.365296,0.02772,1,0.00029,0.0,0.0,,1,0,0,0,False,0.0865,0.2211,0.0,0.0896,0.0
100000008736760100,peripheral,0.752,12,0.1006,Получил 55 тыс ₸ от 1 плательщика; пороги ролей не достигнуты,1535,,,1,False,1,0,54757.0,0.0,1,0,0.0,False,0.0,1,1,54757.0,1.0,1,0.000297,0.0,0.0,,1,0,0,0,False,0.0752,0.1605,0.0172,0.1693,0.0
100000002723439100,peripheral,0.645,7,0.1004,4-е колено (обход оборван): 2 поступл. на 18 тыс ₸ от 1 плательщика; P(передаёт дальше)=0.48 — порогов ролей не достигает,1536,,обрыв_4_колена,4,False,1,0,18000.0,0.0,2,0,0.0,True,0.479517,0,1,243.556747,0.013531,0,0.000553,0.0,0.0,,1,0,0,0,False,0.0645,0.0,0.0,0.4264,0.0
100000005849862100,peripheral,0.666,18,0.1004,4-е колено (обход оборван): 2 поступл. на 13 тыс ₸ от 1 плательщика; P(передаёт дальше)=0.48 — порогов ролей не достигает,1537,,обрыв_4_колена,4,False,1,0,13000.0,0.0,2,0,0.0,True,0.481747,0,1,33.887369,0.002607,0,0.000548,0.0,0.0,,1,0,0,0,False,0.0666,0.0,0.0,0.4224,0.0
100000008461217100,peripheral,0.68,44,0.1004,4-е колено (обход оборван): 1 поступл. на 18 тыс ₸ от 1 плательщика; P(передаёт дальше)=0.40 — порогов ролей не достигает,1538,,обрыв_4_колена,4,False,1,0,18000.0,0.0,1,0,0.0,True,0.397878,0,1,217.391304,0.012077,0,0.000546,0.0,0.0,,1,0,0,0,False,0.068,0.0,0.0,0.4197,0.0
100000000500040100,peripheral,0.735,1,0.1002,4-е колено (обход оборван): 1 поступл. на 20 тыс ₸ от 1 плательщика; P(передаёт дальше)=0.25 — порогов ролей не достигает,1539,,обрыв_4_колена,4,False,1,0,20000.0,0.0,1,0,0.0,True,0.249103,0,2,4.055871,0.000203,1,0.000306,0.0,0.0,,1,0,0,0,False,0.0735,0.1395,0.0,0.2215,0.0
100000001690439100,peripheral,0.87,1,0.1001,Получил 14 тыс ₸ от 1 плательщика; пороги ролей не достигнуты,1540,,,3,False,1,0,14200.0,0.0,1,0,0.0,False,0.0,0,1,93.095681,0.006556,1,0.000477,0.0,0.0,,1,0,0,0,False,0.087,0.0,0.0,0.3801,0.0
100000008116374100,peripheral,0.801,3,0.1001,Получил 31 тыс ₸ от 1 плательщика; пороги ролей не достигнуты,1541,,,1,False,1,0,31284.0,0.0,1,0,0.0,False,0.0,1,2,31284.0,1.0,1,0.000289,0.0,0.0,,1,0,0,0,False,0.0801,0.2471,0.0,0.0643,0.0
100000008327791100,peripheral,0.712,14,0.1001,4-е колено (обход оборван): 1 поступл. на 11 тыс ₸ от 1 плательщика; P(передаёт дальше)=0.40 — порогов ролей не достигает,1542,,обрыв_4_колена,4,False,1,0,11000.0,0.0,1,0,0.0,True,0.403221,0,1,83.941597,0.007631,0,0.000537,0.0,0.0,,1,0,0,0,False,0.0712,0.0,0.0,0.4117,0.0
100000002983426100,peripheral,0.71,15,0.1,Получил 89 тыс ₸ от 1 плательщика; пороги ролей не достигнуты,1543,,,3,False,1,0,88945.0,0.0,1,0,0.0,False,0.0,0,1,686.310588,0.007716,1,0.000319,0.0,0.0,,1,0,0,0,False,0.071,0.0,0.1087,0.2665,0.0
100000004797167100,peripheral,0.644,9,0.1,4-е колено (обход оборван): 1 поступл. на 31 тыс ₸ от 1 плательщика; P(передаёт дальше)=0.39 — порогов ролей не достигает,1544,,обрыв_4_колена,4,False,1,0,31000.0,0.0,1,0,0.0,True,0.394121,0,1,66.857672,0.002157,0,0.000552,0.0,0.0,,1,0,0,0,False,0.0644,0.0,0.0,0.4246,0.0
100000004433250100,peripheral,0.716,1,0.0999,4-е колено (обход оборван): 1 поступл. на 8 тыс ₸ от 1 плательщика; P(передаёт дальше)=0.41 — порогов ролей не достигает,1545,,обрыв_4_колена,4,False,1,0,8000.0,0.0,1,0,0.0,True,0.408162,0,2,1.697764,0.000212,0,0.000307,0.0,0.0,,1,0,0,0,False,0.0716,0.1395,0.0,0.2238,0.0
100000005363908100,peripheral,0.842,37,0.0998,"Получил 20 тыс ₸ от 1 плательщика, отдал 20 тыс ₸ 1 получ., пропуск 100%; пороги ролей не достигнуты",1546,,,1,False,1,1,19500.0,19500.0,1,1,1.0,False,1.0,1,1,19500.0,1.0,0,0.000339,0.0,1.0,0.0,1,0,0,0,False,0.0842,0.063,0.0,0.2998,0.0
100000000634341100,peripheral,0.623,10,0.0997,4-е колено (обход оборван): 2 поступл. на 24 тыс ₸ от 1 плательщика; P(передаёт дальше)=0.49 — порогов ролей не достигает,1547,,обрыв_4_колена,4,False,1,0,24000.0,0.0,2,0,0.0,True,0.488744,0,1,116.399054,0.00485,0,0.000555,0.0,0.0,,1,0,0,0,False,0.0623,0.0,0.0,0.4273,0.0
100000000704700100,peripheral,0.718,24,0.0995,4-е колено (обход оборван): 1 поступл. на 10 тыс ₸ от 1 плательщика; P(передаёт дальше)=0.41 — порогов ролей не достигает,1548,,обрыв_4_колена,4,False,1,0,10000.0,0.0,1,0,0.0,True,0.405065,0,1,23.570543,0.002357,0,0.000533,0.0,0.0,,1,0,0,0,False,0.0718,0.0,0.0,0.407,0.0
100000003650146100,peripheral,0.868,3,0.0995,Получил 14 тыс ₸ от 1 плательщика; пороги ролей не достигнуты,1549,,,3,False,1,0,14400.0,0.0,1,0,0.0,False,0.0,0,2,231.435108,0.016072,0,0.0003,0.0,0.0,,1,0,0,0,False,0.0868,0.1395,0.0,0.1913,0.0
100000003927792100,peripheral,0.877,3,0.0995,Получил 13 тыс ₸ от 1 плательщика; пороги ролей не достигнуты,1550,,,2,False,1,0,13067.0,0.0,1,0,0.0,False,0.0,0,3,362.22132,0.02772,1,0.00029,0.0,0.0,,1,0,0,0,False,0.0877,0.2211,0.0,0.0805,0.0
100000002320495100,peripheral,0.697,4,0.0994,4-е колено (обход оборван): 1 поступл. на 14 тыс ₸ от 1 плательщика; P(передаёт дальше)=0.40 — порогов ролей не достигает,1551,,обрыв_4_колена,4,False,1,0,13526.27,0.0,1,0,0.0,True,0.404815,0,1,50.856462,0.00376,0,0.000535,0.0,0.0,,1,0,0,0,False,0.0697,0.0,0.0,0.4106,0.0
100000002818726100,peripheral,0.893,13,0.0994,Получил 11 тыс ₸ от 1 плательщика; пороги ролей не достигнуты,1552,,,3,False,1,0,10879.0,0.0,1,0,0.0,False,0.0,0,3,117.557053,0.010806,1,0.00029,0.0,0.0,,1,0,0,0,False,0.0893,0.2211,0.0,0.077,0.0
100000008649416100,peripheral,0.712,4,0.0994,4-е колено (обход оборван): 1 поступл. на 5 тыс ₸ от 1 плательщика; P(передаёт дальше)=0.42 — порогов ролей не достигает,1553,,обрыв_4_колена,4,False,1,0,5000.0,0.0,1,0,0.0,True,0.417766,0,1,18.799145,0.00376,0,0.000534,0.0,0.0,,1,0,0,0,False,0.0712,0.0,0.0,0.4077,0.0
100000001684867100,peripheral,0.803,3,0.0993,Получил 31 тыс ₸ от 1 плательщика; пороги ролей не достигнуты,1554,,,1,False,1,0,30550.0,0.0,1,0,0.0,False,0.0,1,2,30550.0,1.0,1,0.000289,0.0,0.0,,1,0,0,0,False,0.0803,0.2449,0.0,0.0625,0.0
100000004013952100,peripheral,0.714,10,0.0993,4-е колено (обход оборван): 1 поступл. на 6 тыс ₸ от 1 плательщика; P(передаёт дальше)=0.41 — порогов ролей не достигает,1555,,обрыв_4_колена,4,False,1,0,5500.0,0.0,1,0,0.0,True,0.413036,0,1,26.674783,0.00485,0,0.000533,0.0,0.0,,1,0,0,0,False,0.0714,0.0,0.0,0.4068,0.0
100000008717375100,peripheral,0.806,5,0.0993,Получил 30 тыс ₸ от 1 плательщика; пороги ролей не достигнуты,1556,,,2,False,1,0,29506.0,0.0,1,0,0.0,False,0.0,0,2,4006.53382,0.135787,0,0.000302,0.0,0.0,,1,0,0,0,False,0.0806,0.1395,0.0,0.2026,0.0
100000008677368100,peripheral,0.698,18,0.0991,4-е колено (обход оборван): 1 поступл. на 14 тыс ₸ от 1 плательщика; P(передаёт дальше)=0.40 — порогов ролей не достигает,1557,,обрыв_4_колена,4,False,1,0,13500.0,0.0,1,0,0.0,True,0.40362,0,1,35.190729,0.002607,0,0.000534,0.0,0.0,,1,0,0,0,False,0.0698,0.0,0.0,0.409,0.0
100000002613776100,peripheral,0.805,1,0.099,Получил 30 тыс ₸ от 1 плательщика; пороги ролей не достигнуты,1558,,,2,False,1,0,30000.0,0.0,2,0,0.0,False,0.0,0,2,1169.007043,0.038967,1,0.000301,0.0,0.0,,1,0,0,0,False,0.0805,0.1395,0.0,0.2011,0.0
100000002742067100,peripheral,0.879,3,0.099,Получил 13 тыс ₸ от 1 плательщика; пороги ролей не достигнуты,1559,,,2,False,1,0,12730.0,0.0,1,0,0.0,False,0.0,0,3,352.879574,0.02772,1,0.00029,0.0,0.0,,1,0,0,0,False,0.0879,0.2211,0.0,0.0772,0.0
100000006693788100,peripheral,0.712,10,0.0989,4-е колено (обход оборван): 1 поступл. на 11 тыс ₸ от 1 плательщика; P(передаёт дальше)=0.41 — порогов ролей не достигает,1560,,обрыв_4_колена,4,False,1,0,10764.0,0.0,1,0,0.0,True,0.405739,0,1,52.204976,0.00485,0,0.000532,0.0,0.0,,1,0,0,0,False,0.0712,0.0,0.0,0.405,0.0
100000004687282100,peripheral,0.84,3,0.0988,Получил 20 тыс ₸ от 1 плательщика; пороги ролей не достигнуты,1561,,,2,False,1,0,20000.0,0.0,1,0,0.0,False,0.0,0,1,19998.160051,0.999908,0,0.000332,0.0,0.0,,1,0,0,0,False,0.084,0.0654,0.0,0.2916,0.0
100000007539296100,peripheral,0.589,4,0.0988,4-е колено (обход оборван): 2 поступл. на 46 тыс ₸ от 1 плательщика; P(передаёт дальше)=0.46 — порогов ролей не достигает,1562,,обрыв_4_колена,4,False,1,0,46000.0,0.0,2,0,0.0,True,0.464704,0,1,109.535289,0.002381,0,0.000557,0.0,0.0,,1,0,0,0,False,0.0589,0.0,0.0,0.429,0.0
100000007510567100,peripheral,0.665,15,0.0987,4-е колено (обход оборван): 1 поступл. на 52 тыс ₸ от 1 плательщика; P(передаёт дальше)=0.24 — порогов ролей не достигает,1563,,обрыв_4_колена,4,False,1,0,52000.0,0.0,1,0,0.0,True,0.241935,0,2,122.749864,0.002361,1,0.000305,0.0,0.0,,1,0,0,0,False,0.0665,0.1395,0.0074,0.2173,0.0
100000008757301100,peripheral,0.534,10,0.0986,4-е колено (обход оборван): 3 поступл. на 58 тыс ₸ от 1 плательщика; P(передаёт дальше)=0.57 — порогов ролей не достигает,1564,,обрыв_4_колена,4,False,1,0,58398.0,0.0,3,0,0.0,True,0.569595,0,1,125.909827,0.002156,0,0.000531,0.0,0.0,,1,0,0,0,False,0.0534,0.0,0.0293,0.3999,0.0
100000003481025100,peripheral,0.715,1,0.0985,4-е колено (обход оборван): 1 поступл. на 9 тыс ₸ от 1 плательщика; P(передаёт дальше)=0.41 — порогов ролей не достигает,1565,,обрыв_4_колена,4,False,1,0,9000.0,0.0,1,0,0.0,True,0.410102,0,1,5.479901,0.000609,0,0.000531,0.0,0.0,,1,0,0,0,False,0.0715,0.0,0.0,0.4019,0.0
100000008255655100,peripheral,0.712,14,0.0985,4-е колено (обход оборван): 1 поступл. на 5 тыс ₸ от 1 плательщика; P(передаёт дальше)=0.42 — порогов ролей не достигает,1566,,обрыв_4_колена,4,False,1,0,5400.0,0.0,1,0,0.0,True,0.417992,0,1,41.207693,0.007631,0,0.000531,0.0,0.0,,1,0,0,0,False,0.0712,0.0,0.0,0.4026,0.0
100000002864680100,peripheral,0.75,17,0.0984,Получил 56 тыс ₸ от 1 плательщика; пороги ролей не достигнуты,1567,,,1,False,1,0,55932.0,0.0,1,0,0.0,False,0.0,1,1,55932.0,1.0,1,0.000295,0.0,0.0,,1,0,0,0,False,0.075,0.1625,0.0212,0.1497,0.0
100000002566204100,peripheral,0.719,15,0.0983,Получил 81 тыс ₸ от 1 плательщика; пороги ролей не достигнуты,1568,,,2,False,1,0,80805.0,0.0,1,0,0.0,False,0.0,0,1,1883.929726,0.023315,1,0.000324,0.0,0.0,,1,0,0,0,False,0.0719,0.0,0.0906,0.2794,0.0
100000003626268100,peripheral,0.712,1,0.0983,4-е колено (обход оборван): 1 поступл. на 5 тыс ₸ от 1 плательщика; P(передаёт дальше)=0.42 — порогов ролей не достигает,1569,,обрыв_4_колена,4,False,1,0,5000.0,0.0,1,0,0.0,True,0.418588,0,1,33.257519,0.006652,0,0.000531,0.0,0.0,,1,0,0,0,False,0.0712,0.0,0.0,0.4015,0.0
100000000608031100,peripheral,0.647,14,0.0981,4-е колено (обход оборван): 1 поступл. на 30 тыс ₸ от 1 плательщика; P(передаёт дальше)=0.39 — порогов ролей не достигает,1570,,обрыв_4_колена,4,False,1,0,30000.0,0.0,1,0,0.0,True,0.391319,0,1,73.764808,0.002459,0,0.000539,0.0,0.0,,1,0,0,0,False,0.0647,0.0,0.0,0.4135,0.0
100000004379306100,peripheral,0.691,1,0.0981,4-е колено (обход оборван): 1 поступл. на 15 тыс ₸ от 1 плательщика; P(передаёт дальше)=0.40 — порогов ролей не достигает,1571,,обрыв_4_колена,4,False,1,0,15000.0,0.0,1,0,0.0,True,0.402664,0,1,99.772556,0.006652,0,0.000532,0.0,0.0,,1,0,0,0,False,0.0691,0.0,0.0,0.4046,0.0
100000006257675100,peripheral,0.591,28,0.0981,4-е колено (обход оборван): 2 поступл. на 70 тыс ₸ от 1 плательщика; P(передаёт дальше)=0.38 — порогов ролей не достигает,1572,,обрыв_4_колена,4,False,1,0,70000.0,0.0,2,0,0.0,True,0.382285,0,1,1028.190511,0.014688,0,0.000383,0.0,0.0,,1,0,0,0,False,0.0591,0.0,0.0635,0.3399,0.0
100000007811950100,peripheral,0.614,30,0.0981,4-е колено (обход оборван): 1 поступл. на 50 тыс ₸ от 1 плательщика; P(передаёт дальше)=0.38 — порогов ролей не достигает,1573,,обрыв_4_колена,4,False,1,0,50000.0,0.0,1,0,0.0,True,0.383599,0,1,229.588778,0.004592,0,0.000546,0.0,0.0,,1,0,0,0,False,0.0614,0.0,0.0,0.4202,0.0
100000005293969100,peripheral,0.712,1,0.098,4-е колено (обход оборван): 1 поступл. на 5 тыс ₸ от 1 плательщика; P(передаёт дальше)=0.42 — порогов ролей не достигает,1574,,обрыв_4_колена,4,False,1,0,5466.97,0.0,1,0,0.0,True,0.417831,0,1,4.276201,0.000782,0,0.00053,0.0,0.0,,1,0,0,0,False,0.0712,0.0,0.0,0.3997,0.0
100000008746673100,peripheral,0.755,12,0.098,Получил 53 тыс ₸ от 1 плательщика; пороги ролей не достигнуты,1575,,,1,False,1,0,53048.0,0.0,1,0,0.0,False,0.0,1,1,53048.0,1.0,1,0.000297,0.0,0.0,,1,0,0,0,False,0.0755,0.1575,0.0112,0.1664,0.0
100000008459449100,peripheral,0.754,1,0.0978,Получил 54 тыс ₸ от 1 плательщика; пороги ролей не достигнуты,1576,,,3,False,1,0,53700.0,0.0,1,0,0.0,False,0.0,0,2,651.403459,0.01213,1,0.0003,0.0,0.0,,1,0,0,0,False,0.0754,0.1395,0.0135,0.1864,0.0
100000002861485100,peripheral,0.807,3,0.0977,Получил 29 тыс ₸ от 1 плательщика; пороги ролей не достигнуты,1577,,,1,False,1,0,29323.0,0.0,1,0,0.0,False,0.0,1,2,29323.0,1.0,1,0.000289,0.0,0.0,,1,0,0,0,False,0.0807,0.241,0.0,0.0578,0.0
100000005127767100,peripheral,0.9,41,0.0977,Получил 7 тыс ₸ от 1 плательщика; пороги ролей не достигнуты,1578,,,3,False,1,0,7000.0,0.0,1,0,0.0,False,0.0,0,1,1524.881071,0.21784,0,0.000423,0.0,0.0,,1,0,0,0,False,0.09,0.0,0.0,0.3608,0.0
100000008321975100,peripheral,0.713,28,0.0974,4-е колено (обход оборван): 1 поступл. на 6 тыс ₸ от 1 плательщика; P(передаёт дальше)=0.41 — порогов ролей не достигает,1579,,обрыв_4_колена,4,False,1,0,5900.0,0.0,1,0,0.0,True,0.414989,0,2,50.792538,0.008609,0,0.000303,0.0,0.0,,1,0,0,0,False,0.0713,0.1395,0.0,0.2106,0.0
100000001046057100,peripheral,0.716,13,0.0972,Получил 83 тыс ₸ от 1 плательщика; пороги ролей не достигнуты,1580,,,3,False,1,0,83420.0,0.0,1,0,0.0,False,0.0,0,1,284.652067,0.003412,0,0.000319,0.0,0.0,,1,0,0,0,False,0.0716,0.0,0.0966,0.2658,0.0
100000002514975100,peripheral,0.68,27,0.0972,4-е колено (обход оборван): 1 поступл. на 18 тыс ₸ от 1 плательщика; P(передаёт дальше)=0.40 — порогов ролей не достигает,1581,,обрыв_4_колена,4,False,1,0,17920.0,0.0,1,0,0.0,True,0.397734,0,1,3.711264,0.000207,0,0.000531,0.0,0.0,,1,0,0,0,False,0.068,0.0,0.0,0.4021,0.0
100000002926970100,peripheral,0.714,15,0.0972,Получил 85 тыс ₸ от 1 плательщика; пороги ролей не достигнуты,1582,,,3,False,1,0,85000.0,0.0,1,0,0.0,False,0.0,0,1,655.870481,0.007716,1,0.000317,0.0,0.0,,1,0,0,0,False,0.0714,0.0,0.1002,0.2618,0.0
100000007289427100,peripheral,0.882,5,0.097,Получил 12 тыс ₸ от 1 плательщика; пороги ролей не достигнуты,1583,,,2,False,1,0,12300.0,0.0,1,0,0.0,False,0.0,0,1,12300.0,1.0,0,0.000374,0.0,0.0,,1,0,0,0,False,0.0882,0.0195,0.0,0.3343,0.0
100000005685783100,peripheral,0.656,19,0.0969,4-е колено (обход оборван): 1 поступл. на 26 тыс ₸ от 1 плательщика; P(передаёт дальше)=0.39 — порогов ролей не достигает,1584,,обрыв_4_колена,4,False,1,0,26150.0,0.0,1,0,0.0,True,0.392072,0,1,17.376876,0.000665,0,0.000532,0.0,0.0,,1,0,0,0,False,0.0656,0.0,0.0,0.4048,0.0
100000004841728100,peripheral,0.756,12,0.0966,Получил 52 тыс ₸ от 1 плательщика; пороги ролей не достигнуты,1585,,,1,False,1,0,52208.0,0.0,1,0,0.0,False,0.0,1,1,52208.0,1.0,1,0.000297,0.0,0.0,,1,0,0,0,False,0.0756,0.156,0.0082,0.1646,0.0
100000002516862100,peripheral,0.487,47,0.0964,4-е колено (обход оборван): 5 поступл. на 82 тыс ₸ от 1 плательщика; P(передаёт дальше)=0.64 — порогов ролей не достигает,1586,,обрыв_4_колена,4,False,1,0,81710.0,0.0,5,0,0.0,True,0.642966,0,1,52.696604,0.000645,0,0.000349,0.0,0.0,,1,0,0,0,False,0.0487,0.0,0.0927,0.3125,0.0
100000004192107100,peripheral,0.82,5,0.0964,Получил 25 тыс ₸ от 1 плательщика; пороги ролей не достигнуты,1587,,,2,False,1,0,25000.0,0.0,1,0,0.0,False,0.0,0,2,3394.677201,0.135787,0,0.000299,0.0,0.0,,1,0,0,0,False,0.082,0.1395,0.0,0.1833,0.0
100000005030592100,peripheral,0.9,3,0.0963,Получил 10 тыс ₸ от 1 плательщика; пороги ролей не достигнуты,1588,,,2,False,1,0,10000.0,0.0,1,0,0.0,False,0.0,0,3,277.203122,0.02772,1,0.000289,0.0,0.0,,1,0,0,0,False,0.09,0.2211,0.0,0.0583,0.0
100000008733049100,peripheral,0.9,3,0.0963,Получил 10 тыс ₸ от 1 плательщика; пороги ролей не достигнуты,1589,,,2,False,1,0,10000.0,0.0,1,0,0.0,False,0.0,0,3,277.203122,0.02772,1,0.000289,0.0,0.0,,1,0,0,0,False,0.09,0.2211,0.0,0.0583,0.0
100000002689717100,peripheral,0.673,15,0.0962,4-е колено (обход оборван): 1 поступл. на 48 тыс ₸ от 1 плательщика; P(передаёт дальше)=0.24 — порогов ролей не достигает,1590,,обрыв_4_колена,4,False,1,0,47500.0,0.0,1,0,0.0,True,0.240661,0,2,112.12728,0.002361,1,0.000303,0.0,0.0,,1,0,0,0,False,0.0673,0.1395,0.0,0.2117,0.0
100000007641183100,peripheral,0.811,3,0.096,Получил 28 тыс ₸ от 1 плательщика; пороги ролей не достигнуты,1591,,,1,False,1,0,28000.0,0.0,1,0,0.0,False,0.0,1,2,28000.0,1.0,1,0.000289,0.0,0.0,,1,0,0,0,False,0.0811,0.2366,0.0,0.0536,0.0
100000006903193100,peripheral,0.715,1,0.0959,4-е колено (обход оборван): 1 поступл. на 9 тыс ₸ от 1 плательщика; P(передаёт дальше)=0.41 — порогов ролей не достигает,1592,,обрыв_4_колена,4,False,1,0,9000.0,0.0,1,0,0.0,True,0.410715,0,2,109.173764,0.01213,0,0.000302,0.0,0.0,,1,0,0,0,False,0.0715,0.1395,0.0,0.2017,0.0
100000008628818100,peripheral,0.675,15,0.0956,4-е колено (обход оборван): 1 поступл. на 46 тыс ₸ от 1 плательщика; P(передаёт дальше)=0.24 — порогов ролей не достигает,1593,,обрыв_4_колена,4,False,1,0,46310.0,0.0,1,0,0.0,True,0.240756,0,2,109.318196,0.002361,1,0.000303,0.0,0.0,,1,0,0,0,False,0.0675,0.1395,0.0,0.2082,0.0
100000008745676100,peripheral,0.638,19,0.0952,4-е колено (обход оборван): 1 поступл. на 35 тыс ₸ от 1 плательщика; P(передаёт дальше)=0.39 — порогов ролей не достигает,1594,,обрыв_4_колена,4,False,1,0,34547.0,0.0,1,0,0.0,True,0.389915,0,1,8.688438,0.000251,0,0.00053,0.0,0.0,,1,0,0,0,False,0.0638,0.0,0.0,0.3992,0.0
100000008251939100,peripheral,0.677,15,0.095,4-е колено (обход оборван): 1 поступл. на 44 тыс ₸ от 1 плательщика; P(передаёт дальше)=0.24 — порогов ролей не достигает,1595,,обрыв_4_колена,4,False,1,0,44360.0,0.0,1,0,0.0,True,0.24366,0,2,104.715076,0.002361,1,0.000302,0.0,0.0,,1,0,0,0,False,0.0677,0.1395,0.0,0.2044,0.0
100000003486846100,peripheral,0.612,3,0.0948,4-е колено (обход оборван): 2 поступл. на 27 тыс ₸ от 1 плательщика; P(передаёт дальше)=0.50 — порогов ролей не достигает,1596,,обрыв_4_колена,4,False,1,0,27000.0,0.0,2,0,0.0,True,0.49545,0,1,104.322391,0.003864,0,0.000531,0.0,0.0,,1,0,0,0,False,0.0612,0.0,0.0,0.4024,0.0
100000008686214100,peripheral,0.82,1,0.0946,Получил 25 тыс ₸ от 1 плательщика; пороги ролей не достигнуты,1597,,,3,False,1,0,25000.0,0.0,1,0,0.0,False,0.0,0,2,271.69292,0.010868,1,0.000298,0.0,0.0,,1,0,0,0,False,0.082,0.1395,0.0,0.1733,0.0
100000008672603100,peripheral,0.835,5,0.0945,Получил 21 тыс ₸ от 1 плательщика; пороги ролей не достигнуты,1598,,,2,False,1,0,21200.0,0.0,1,0,0.0,False,0.0,0,2,2878.686267,0.135787,0,0.000297,0.0,0.0,,1,0,0,0,False,0.0835,0.1395,0.0,0.1702,0.0
100000008727982100,peripheral,0.641,2,0.094,4-е колено (обход оборван): 2 поступл. на 30 тыс ₸ от 1 плательщика; P(передаёт дальше)=0.41 — порогов ролей не достигает,1599,,обрыв_4_колена,4,False,1,0,30000.0,0.0,2,0,0.0,True,0.406,0,1,586.384226,0.019546,0,0.000514,0.0,0.0,,1,0,0,0,False,0.0641,0.0,0.0,0.3921,0.0
100000004890713100,peripheral,0.683,15,0.0937,4-е колено (обход оборван): 1 поступл. на 40 тыс ₸ от 1 плательщика; P(передаёт дальше)=0.24 — порогов ролей не достигает,1600,,обрыв_4_колена,4,False,1,0,40485.0,0.0,1,0,0.0,True,0.244255,0,2,95.567851,0.002361,1,0.000301,0.0,0.0,,1,0,0,0,False,0.0683,0.1395,0.0,0.1957,0.0
100000001860090100,peripheral,0.9,8,0.0936,Получил 5 тыс ₸ от 1 плательщика; пороги ролей не достигнуты,1601,,,3,False,1,0,5000.0,0.0,1,0,0.0,False,0.0,0,1,410.367563,0.082074,0,0.000378,0.0,0.0,,1,0,0,0,False,0.09,0.0,0.0,0.3381,0.0
100000000481716100,peripheral,0.9,16,0.0935,Получил 8 тыс ₸ от 1 плательщика; пороги ролей не достигнуты,1602,,,3,False,1,0,8000.0,0.0,1,0,0.0,False,0.0,0,1,1153.761,0.14422,0,0.000377,0.0,0.0,,1,0,0,0,False,0.09,0.0,0.0,0.3376,0.0
100000002653187100,peripheral,0.692,17,0.0935,4-е колено (обход оборван): 1 поступл. на 15 тыс ₸ от 1 плательщика; P(передаёт дальше)=0.40 — порогов ролей не достигает,1603,,обрыв_4_колена,4,False,1,0,15000.0,0.0,1,0,0.0,True,0.398811,0,1,256.803458,0.01712,0,0.000473,0.0,0.0,,1,0,0,0,False,0.0692,0.0,0.0,0.3788,0.0
100000005669845100,peripheral,0.84,26,0.0935,Получил 20 тыс ₸ от 1 плательщика; пороги ролей не достигнуты,1604,,,1,False,1,0,20000.0,0.0,1,0,0.0,False,0.0,1,1,20000.0,1.0,0,0.000318,0.0,0.0,,1,0,0,0,False,0.084,0.0654,0.0,0.2625,0.0
100000007020162100,peripheral,0.713,16,0.0934,Получил 86 тыс ₸ от 1 плательщика; пороги ролей не достигнуты,1605,,,3,False,1,0,86395.0,0.0,1,0,0.0,False,0.0,0,1,95.5246,0.001106,1,0.00031,0.0,0.0,,1,0,0,0,False,0.0713,0.0,0.1032,0.2369,0.0
100000004741837100,peripheral,0.818,3,0.0933,Получил 26 тыс ₸ от 1 плательщика; пороги ролей не достигнуты,1606,,,1,False,1,0,25596.0,0.0,1,0,0.0,False,0.0,1,2,25596.0,1.0,1,0.000288,0.0,0.0,,1,0,0,0,False,0.0818,0.2282,0.0,0.0483,0.0
100000000299820100,peripheral,0.716,1,0.0932,4-е колено (обход оборван): 1 поступл. на 10 тыс ₸ от 1 плательщика; P(передаёт дальше)=0.41 — порогов ролей не достигает,1607,,обрыв_4_колена,4,False,1,0,10000.0,0.0,1,0,0.0,True,0.408529,0,1,66.515037,0.006652,0,0.00045,0.0,0.0,,1,0,0,0,False,0.0716,0.0,0.0,0.3726,0.0
100000004400480100,peripheral,0.667,11,0.0932,4-е колено (обход оборван): 1 поступл. на 22 тыс ₸ от 1 плательщика; P(передаёт дальше)=0.40 — порогов ролей не достигает,1608,,обрыв_4_колена,4,False,1,0,21700.0,0.0,1,0,0.0,True,0.397899,0,1,6.960152,0.000321,0,0.000485,0.0,0.0,,1,0,0,0,False,0.0667,0.0,0.0,0.3826,0.0
100000004687099100,peripheral,0.805,6,0.0932,Получил 30 тыс ₸ от 1 плательщика; пороги ролей не достигнуты,1609,,,2,False,1,0,30000.0,0.0,1,0,0.0,False,0.0,0,1,16216.216216,0.540541,0,0.000334,0.0,0.0,,1,0,0,0,False,0.0805,0.0456,0.0,0.294,0.0
100000002534091100,peripheral,0.831,1,0.0931,Получил 22 тыс ₸ от 1 плательщика; пороги ролей не достигнуты,1610,,,3,False,1,0,22200.0,0.0,1,0,0.0,False,0.0,0,2,241.263313,0.010868,1,0.000296,0.0,0.0,,1,0,0,0,False,0.0831,0.1395,0.0,0.163,0.0
100000008782421100,peripheral,0.761,12,0.0929,Получил 50 тыс ₸ от 1 плательщика; пороги ролей не достигнуты,1611,,,1,False,1,0,49680.0,0.0,1,0,0.0,False,0.0,1,1,49680.0,1.0,1,0.000296,0.0,0.0,,1,0,0,0,False,0.0761,0.1513,0.0,0.1599,0.0
100000002188586100,peripheral,0.688,15,0.0927,4-е колено (обход оборван): 1 поступл. на 38 тыс ₸ от 1 плательщика; P(передаёт дальше)=0.24 — порогов ролей не достигает,1612,,обрыв_4_колена,4,False,1,0,38310.0,0.0,1,0,0.0,True,0.242625,0,2,90.433602,0.002361,1,0.0003,0.0,0.0,,1,0,0,0,False,0.0688,0.1395,0.0,0.1895,0.0
100000002217806100,peripheral,0.558,41,0.0923,4-е колено (обход оборван): 2 поступл. на 55 тыс ₸ от 1 плательщика; P(передаёт дальше)=0.52 — порогов ролей не достигает,1613,,обрыв_4_колена,4,False,1,0,55000.0,0.0,2,0,0.0,True,0.516342,0,1,755.571702,0.013738,0,0.000464,0.0,0.0,,1,0,0,0,False,0.0558,0.0,0.018,0.3752,0.0
100000005754335100,peripheral,0.771,20,0.0921,Получил 44 тыс ₸ от 1 плательщика; пороги ролей не достигнуты,1614,,,3,False,1,0,44037.0,0.0,1,0,0.0,False,0.0,0,1,903.34972,0.020513,0,0.000405,0.0,0.0,,1,0,0,0,False,0.0771,0.0,0.0,0.3552,0.0
100000005087923100,peripheral,0.673,8,0.092,4-е колено (обход оборван): 1 поступл. на 20 тыс ₸ от 1 плательщика; P(передаёт дальше)=0.40 — порогов ролей не достигает,1615,,обрыв_4_колена,4,False,1,0,20000.0,0.0,1,0,0.0,True,0.397129,0,1,1565.04065,0.078252,0,0.000461,0.0,0.0,,1,0,0,0,False,0.0673,0.0,0.0,0.3743,0.0
100000004674412100,peripheral,0.62,1,0.0919,4-е колено (обход оборван): 1 поступл. на 46 тыс ₸ от 1 плательщика; P(передаёт дальше)=0.38 — порогов ролей не достигает,1616,,обрыв_4_колена,4,False,1,0,46000.0,0.0,1,0,0.0,True,0.38446,0,1,231.937808,0.005042,0,0.000489,0.0,0.0,,1,0,0,0,False,0.062,0.0,0.0,0.3843,0.0
100000007381662100,peripheral,0.778,1,0.0919,4-е колено (обход оборван): 1 поступл. на 11 тыс ₸ от 1 плательщика; P(передаёт дальше)=0.25 — порогов ролей не достигает,1617,,обрыв_4_колена,4,False,1,0,11000.0,0.0,1,0,0.0,True,0.254681,0,2,2.230729,0.000203,1,0.000297,0.0,0.0,,1,0,0,0,False,0.0778,0.1395,0.0,0.1668,0.0
100000008297199100,peripheral,0.775,1,0.0914,Получил 42 тыс ₸ от 1 плательщика; пороги ролей не достигнуты,1618,,,3,False,1,0,42268.0,0.0,1,0,0.0,False,0.0,0,2,512.728517,0.01213,1,0.000297,0.0,0.0,,1,0,0,0,False,0.0775,0.1395,0.0,0.165,0.0
100000001550388100,peripheral,0.76,1,0.0913,Получил 50 тыс ₸ от 1 плательщика; пороги ролей не достигнуты,1619,,,1,False,1,0,50000.0,0.0,1,0,0.0,False,0.0,1,1,50000.0,1.0,1,0.000295,0.0,0.0,,1,0,0,0,False,0.076,0.1519,0.0,0.1508,0.0
100000006687202100,peripheral,0.76,1,0.0913,Получил 50 тыс ₸ от 1 плательщика; пороги ролей не достигнуты,1620,,,1,False,1,0,50000.0,0.0,1,0,0.0,False,0.0,1,1,50000.0,1.0,1,0.000295,0.0,0.0,,1,0,0,0,False,0.076,0.1519,0.0,0.1508,0.0
100000008130868100,peripheral,0.663,11,0.0913,4-е колено (обход оборван): 1 поступл. на 23 тыс ₸ от 1 плательщика; P(передаёт дальше)=0.40 — порогов ролей не достигает,1621,,обрыв_4_колена,4,False,1,0,22782.0,0.0,1,0,0.0,True,0.399498,0,1,15.011883,0.000659,0,0.000452,0.0,0.0,,1,0,0,0,False,0.0663,0.0,0.0,0.3728,0.0
100000006048193100,peripheral,0.776,1,0.0912,Получил 42 тыс ₸ от 1 плательщика; пороги ролей не достигнуты,1622,,,3,False,1,0,41559.0,0.0,1,0,0.0,False,0.0,0,2,504.128051,0.01213,1,0.000296,0.0,0.0,,1,0,0,0,False,0.0776,0.1395,0.0,0.1637,0.0
100000005961971100,peripheral,0.765,12,0.0911,Получил 47 тыс ₸ от 1 плательщика; пороги ролей не достигнуты,1623,,,1,False,1,0,47353.0,0.0,1,0,0.0,False,0.0,1,1,47353.0,1.0,1,0.000296,0.0,0.0,,1,0,0,0,False,0.0765,0.1467,0.0,0.1552,0.0
100000008749618100,peripheral,0.765,12,0.0909,Получил 47 тыс ₸ от 1 плательщика; пороги ролей не достигнуты,1624,,,1,False,1,0,47280.0,0.0,1,0,0.0,False,0.0,1,1,47280.0,1.0,1,0.000295,0.0,0.0,,1,0,0,0,False,0.0765,0.1466,0.0,0.1548,0.0
100000003900547100,peripheral,0.825,3,0.0908,Получил 24 тыс ₸ от 1 плательщика; пороги ролей не достигнуты,1625,,,1,False,1,0,23700.0,0.0,1,0,0.0,False,0.0,1,2,23700.0,1.0,1,0.000288,0.0,0.0,,1,0,0,0,False,0.0825,0.2209,0.0,0.0427,0.0
100000008304115100,peripheral,0.758,17,0.0908,Получил 51 тыс ₸ от 1 плательщика; пороги ролей не достигнуты,1626,,,1,False,1,0,51000.0,0.0,1,0,0.0,False,0.0,1,1,51000.0,1.0,1,0.000294,0.0,0.0,,1,0,0,0,False,0.0758,0.1538,0.0037,0.141,0.0
100000008745725100,peripheral,0.765,12,0.0908,Получил 47 тыс ₸ от 1 плательщика; пороги ролей не достигнуты,1627,,,1,False,1,0,47060.0,0.0,1,0,0.0,False,0.0,1,1,47060.0,1.0,1,0.000295,0.0,0.0,,1,0,0,0,False,0.0765,0.1462,0.0,0.1544,0.0
100000008768896100,peripheral,0.765,12,0.0908,Получил 47 тыс ₸ от 1 плательщика; пороги ролей не достигнуты,1628,,,1,False,1,0,47060.0,0.0,1,0,0.0,False,0.0,1,1,47060.0,1.0,1,0.000295,0.0,0.0,,1,0,0,0,False,0.0765,0.1462,0.0,0.1544,0.0
100000008383405100,peripheral,0.82,21,0.0905,Получил 25 тыс ₸ от 1 плательщика; пороги ролей не достигнуты,1629,,,1,False,1,0,25000.0,0.0,2,0,0.0,False,0.0,1,1,25000.0,1.0,0,0.000306,0.0,0.0,,1,0,0,0,False,0.082,0.0865,0.0,0.2213,0.0
100000008767065100,peripheral,0.9,2,0.0904,Получил 10 тыс ₸ от 1 плательщика; пороги ролей не достигнуты,1630,,,3,False,1,0,10000.0,0.0,1,0,0.0,False,0.0,0,3,52.699691,0.00527,1,0.000287,0.0,0.0,,1,0,0,0,False,0.09,0.2211,0.0,0.0256,0.0
100000002737980100,peripheral,0.797,3,0.0903,Получил 33 тыс ₸ от 1 плательщика; пороги ролей не достигнуты,1631,,,3,False,1,0,32900.0,0.0,1,0,0.0,False,0.0,0,2,343.220666,0.010432,1,0.000295,0.0,0.0,,1,0,0,0,False,0.0797,0.1395,0.0,0.1541,0.0
100000008525136100,peripheral,0.759,1,0.0902,4-е колено (обход оборван): 1 поступл. на 14 тыс ₸ от 1 плательщика; P(передаёт дальше)=0.26 — порогов ролей не достигает,1632,,обрыв_4_колена,4,False,1,0,14100.0,0.0,1,0,0.0,True,0.255514,0,3,26.695046,0.001893,1,0.000289,0.0,0.0,,1,0,0,0,False,0.0759,0.2211,0.0,0.0527,0.0
100000003060187100,peripheral,0.706,18,0.0901,Получил 93 тыс ₸ от 1 плательщика; пороги ролей не достигнуты,1633,,,3,False,1,0,93046.0,0.0,1,0,0.0,False,0.0,0,1,690.231622,0.007418,1,0.000301,0.0,0.0,,1,0,0,0,False,0.0706,0.0,0.1172,0.2008,0.0
100000006126743100,peripheral,0.752,4,0.0901,Получил 55 тыс ₸ от 1 плательщика; пороги ролей не достигнуты,1634,,,3,False,1,0,55000.0,0.0,1,0,0.0,False,0.0,0,3,65.744912,0.001195,1,0.000287,0.0,0.0,,1,0,0,0,False,0.0752,0.2211,0.018,0.0296,0.0
100000007510875100,peripheral,0.9,6,0.09,Получил 5 тыс ₸ от 1 плательщика; пороги ролей не достигнуты,1635,,,3,False,1,0,5000.0,0.0,1,0,0.0,False,0.0,0,1,592.039319,0.118408,0,0.000356,0.0,0.0,,1,0,0,0,False,0.09,0.0,0.0,0.3183,0.0
100000002702968100,peripheral,0.701,15,0.0899,4-е колено (обход оборван): 1 поступл. на 32 тыс ₸ от 1 плательщика; P(передаёт дальше)=0.25 — порогов ролей не достигает,1636,,обрыв_4_колена,4,False,1,0,31600.0,0.0,1,0,0.0,True,0.246879,0,2,74.594148,0.002361,1,0.000297,0.0,0.0,,1,0,0,0,False,0.0701,0.1395,0.0,0.1715,0.0
100000005931985100,peripheral,0.724,11,0.0899,Получил 76 тыс ₸ от 1 плательщика; пороги ролей не достигнуты,1637,,,2,False,1,0,76000.0,0.0,1,0,0.0,False,0.0,0,1,1106.888927,0.014564,0,0.000313,0.0,0.0,,1,0,0,0,False,0.0724,0.0,0.079,0.2476,0.0
100000006416061100,peripheral,0.647,14,0.0899,4-е колено (обход оборван): 1 поступл. на 30 тыс ₸ от 1 плательщика; P(передаёт дальше)=0.39 — порогов ролей не достигает,1638,,обрыв_4_колена,4,False,1,0,30000.0,0.0,1,0,0.0,True,0.390515,0,1,320.318055,0.010677,0,0.000435,0.0,0.0,,1,0,0,0,False,0.0647,0.0,0.0,0.3681,0.0
100000002807334100,peripheral,0.752,4,0.0898,Получил 55 тыс ₸ от 1 плательщика; пороги ролей не достигнуты,1639,,,3,False,1,0,54715.0,0.0,1,0,0.0,False,0.0,0,3,65.404234,0.001195,1,0.000287,0.0,0.0,,1,0,0,0,False,0.0752,0.2211,0.017,0.0294,0.0
100000007867364100,peripheral,0.624,18,0.0898,4-е колено (обход оборван): 1 поступл. на 42 тыс ₸ от 1 плательщика; P(передаёт дальше)=0.39 — порогов ролей не достигает,1640,,обрыв_4_колена,4,False,1,0,41852.0,0.0,1,0,0.0,True,0.390677,0,1,310.46551,0.007418,0,0.000449,0.0,0.0,,1,0,0,0,False,0.0624,0.0,0.0,0.3723,0.0
100000001598625100,peripheral,0.658,1,0.0897,4-е колено (обход оборван): 1 поступл. на 25 тыс ₸ от 1 плательщика; P(передаёт дальше)=0.40 — порогов ролей не достигает,1641,,обрыв_4_колена,4,False,1,0,25000.0,0.0,1,0,0.0,True,0.396885,0,1,166.287593,0.006652,0,0.000429,0.0,0.0,,1,0,0,0,False,0.0658,0.0,0.0,0.3645,0.0
100000002369454100,peripheral,0.658,1,0.0897,4-е колено (обход оборван): 1 поступл. на 25 тыс ₸ от 1 плательщика; P(передаёт дальше)=0.40 — порогов ролей не достигает,1642,,обрыв_4_колена,4,False,1,0,25000.0,0.0,1,0,0.0,True,0.395068,0,1,166.287593,0.006652,0,0.000429,0.0,0.0,,1,0,0,0,False,0.0658,0.0,0.0,0.3645,0.0
100000002488629100,peripheral,0.727,8,0.0897,Получил 73 тыс ₸ от 1 плательщика; пороги ролей не достигнуты,1643,,,2,False,1,0,73050.0,0.0,1,0,0.0,False,0.0,0,1,17532.467532,0.240006,1,0.000299,0.0,0.0,,1,0,0,0,False,0.0727,0.053,0.0716,0.1851,0.0
100000002660298100,peripheral,0.704,15,0.0897,4-е колено (обход оборван): 1 поступл. на 31 тыс ₸ от 1 плательщика; P(передаёт дальше)=0.25 — порогов ролей не достигает,1644,,обрыв_4_колена,4,False,1,0,30900.0,0.0,1,0,0.0,True,0.245536,0,2,72.941746,0.002361,1,0.000297,0.0,0.0,,1,0,0,0,False,0.0704,0.1395,0.0,0.1695,0.0
100000007173936100,peripheral,0.9,11,0.0897,Получил 10 тыс ₸ от 1 плательщика; пороги ролей не достигнуты,1645,,,2,False,1,0,10000.0,0.0,1,0,0.0,False,0.0,0,3,16.500186,0.00165,0,0.000287,0.0,0.0,,1,0,0,0,False,0.09,0.2211,0.0,0.0216,0.0
100000000955444100,peripheral,0.9,33,0.0896,Получил 7 тыс ₸ от 1 плательщика; пороги ролей не достигнуты,1646,,,2,False,1,0,6910.0,0.0,1,0,0.0,False,0.0,0,1,3288.123095,0.47585,0,0.000353,0.0,0.0,,1,0,0,0,False,0.09,0.0,0.0,0.3158,0.0
100000001065481100,peripheral,0.647,13,0.0896,4-е колено (обход оборван): 2 поступл. на 16 тыс ₸ от 1 плательщика; P(передаёт дальше)=0.49 — порогов ролей не достигает,1647,,обрыв_4_колена,4,False,1,0,16000.0,0.0,2,0,0.0,True,0.493981,0,1,63.930261,0.003996,0,0.000432,0.0,0.0,,1,0,0,0,False,0.0647,0.0,0.0,0.3665,0.0
100000002750956100,peripheral,0.765,1,0.0893,Получил 47 тыс ₸ от 1 плательщика; пороги ролей не достигнуты,1648,,,1,False,1,0,47416.0,0.0,1,0,0.0,False,0.0,1,1,47416.0,1.0,1,0.000294,0.0,0.0,,1,0,0,0,False,0.0765,0.1469,0.0,0.1452,0.0
100000002844652100,peripheral,0.742,6,0.0893,Получил 61 тыс ₸ от 1 плательщика; пороги ролей не достигнуты,1649,,,1,False,1,0,61360.0,0.0,1,0,0.0,False,0.0,1,1,61360.0,1.0,1,0.000289,0.0,0.0,,1,0,0,0,False,0.0742,0.1712,0.0386,0.0658,0.0
100000004549591100,peripheral,0.615,41,0.0893,4-е колено (обход оборван): 1 поступл. на 49 тыс ₸ от 1 плательщика; P(передаёт дальше)=0.39 — порогов ролей не достигает,1650,,обрыв_4_колена,4,False,1,0,49000.0,0.0,1,0,0.0,True,0.385855,0,1,673.145698,0.013738,0,0.000444,0.0,0.0,,1,0,0,0,False,0.0615,0.0,0.0,0.3712,0.0
100000007749747100,peripheral,0.613,2,0.0892,4-е колено (обход оборван): 1 поступл. на 50 тыс ₸ от 1 плательщика; P(передаёт дальше)=0.39 — порогов ролей не достигает,1651,,обрыв_4_колена,4,False,1,0,50000.0,0.0,1,0,0.0,True,0.386799,0,1,45.618483,0.000912,0,0.000444,0.0,0.0,,1,0,0,0,False,0.0613,0.0,0.0,0.371,0.0
100000003040087100,peripheral,0.708,15,0.0889,4-е колено (обход оборван): 1 поступл. на 29 тыс ₸ от 1 плательщика; P(передаёт дальше)=0.25 — порогов ролей не достигает,1652,,обрыв_4_колена,4,False,1,0,29000.0,0.0,1,0,0.0,True,0.245542,0,2,68.456655,0.002361,1,0.000296,0.0,0.0,,1,0,0,0,False,0.0708,0.1395,0.0,0.1641,0.0
100000008071620100,peripheral,0.766,1,0.0889,Получил 47 тыс ₸ от 1 плательщика; пороги ролей не достигнуты,1653,,,1,False,1,0,46968.0,0.0,1,0,0.0,False,0.0,1,1,46968.0,1.0,1,0.000294,0.0,0.0,,1,0,0,0,False,0.0766,0.146,0.0,0.1444,0.0
100000000978041100,peripheral,0.77,12,0.0888,Получил 44 тыс ₸ от 1 плательщика; пороги ролей не достигнуты,1654,,,1,False,1,0,44445.0,0.0,1,0,0.0,False,0.0,1,1,44445.0,1.0,1,0.000295,0.0,0.0,,1,0,0,0,False,0.077,0.1408,0.0,0.1499,0.0
100000003888527100,peripheral,0.805,20,0.0888,Получил 30 тыс ₸ от 1 плательщика; пороги ролей не достигнуты,1655,,,3,False,1,0,30000.0,0.0,1,0,0.0,False,0.0,0,1,615.402766,0.020513,0,0.000367,0.0,0.0,,1,0,0,0,False,0.0805,0.0,0.0,0.3303,0.0
100000004254434100,peripheral,0.77,12,0.0888,Получил 44 тыс ₸ от 1 плательщика; пороги ролей не достигнуты,1656,,,1,False,1,0,44445.0,0.0,2,0,0.0,False,0.0,1,1,44445.0,1.0,1,0.000295,0.0,0.0,,1,0,0,0,False,0.077,0.1408,0.0,0.1499,0.0
100000008744849100,peripheral,0.77,12,0.0888,Получил 44 тыс ₸ от 1 плательщика; пороги ролей не достигнуты,1657,,,1,False,1,0,44445.0,0.0,1,0,0.0,False,0.0,1,1,44445.0,1.0,1,0.000295,0.0,0.0,,1,0,0,0,False,0.077,0.1408,0.0,0.1499,0.0
100000002835874100,peripheral,0.657,2,0.0885,4-е колено (обход оборван): 1 поступл. на 59 тыс ₸ от 1 плательщика; P(передаёт дальше)=0.24 — порогов ролей не достигает,1658,,обрыв_4_колена,4,False,1,0,58700.0,0.0,1,0,0.0,True,0.240279,0,2,38.881088,0.000662,1,0.000293,0.0,0.0,,1,0,0,0,False,0.0657,0.1395,0.0303,0.1319,0.0
100000003010908100,peripheral,0.683,15,0.0884,4-е колено (обход оборван): 1 поступл. на 17 тыс ₸ от 1 плательщика; P(передаёт дальше)=0.40 — порогов ролей не достигает,1659,,обрыв_4_колена,4,False,1,0,17000.0,0.0,1,0,0.0,True,0.400033,0,1,76.352126,0.004491,0,0.000399,0.0,0.0,,1,0,0,0,False,0.0683,0.0,0.0,0.3528,0.0
100000006787636100,peripheral,0.84,3,0.0884,Получил 20 тыс ₸ от 1 плательщика; пороги ролей не достигнуты,1660,,,2,False,1,0,20000.0,0.0,1,0,0.0,False,0.0,0,1,9464.434148,0.473222,0,0.000358,0.0,0.0,,1,0,0,0,False,0.084,0.0,0.0,0.3212,0.0
100000002506987100,peripheral,0.709,15,0.0883,4-е колено (обход оборван): 1 поступл. на 28 тыс ₸ от 1 плательщика; P(передаёт дальше)=0.25 — порогов ролей не достигает,1661,,обрыв_4_колена,4,False,1,0,28200.0,0.0,1,0,0.0,True,0.248176,0,2,66.568195,0.002361,1,0.000296,0.0,0.0,,1,0,0,0,False,0.0709,0.1395,0.0,0.161,0.0
100000003133045100,peripheral,0.593,13,0.0883,4-е колено (обход оборван): 1 поступл. на 68 тыс ₸ от 1 плательщика; P(передаёт дальше)=0.38 — порогов ролей не достигает,1662,,обрыв_4_колена,4,False,1,0,68000.0,0.0,1,0,0.0,True,0.384084,0,1,3.310526,4.9e-05,0,0.000333,0.0,0.0,,1,0,0,0,False,0.0593,0.0,0.058,0.2925,0.0
100000008767027100,peripheral,0.9,2,0.0883,Получил 5 тыс ₸ от 1 плательщика; пороги ролей не достигнуты,1663,,,3,False,1,0,5000.0,0.0,1,0,0.0,False,0.0,0,3,26.349846,0.00527,1,0.000286,0.0,0.0,,1,0,0,0,False,0.09,0.2211,0.0,0.014,0.0
100000002981489100,peripheral,0.716,4,0.088,4-е колено (обход оборван): 1 поступл. на 10 тыс ₸ от 1 плательщика; P(передаёт дальше)=0.41 — порогов ролей не достигает,1664,,обрыв_4_колена,4,False,1,0,10000.0,0.0,1,0,0.0,True,0.409549,0,3,5.591588,0.000559,0,0.000288,0.0,0.0,,1,0,0,0,False,0.0716,0.2211,0.0,0.0489,0.0
100000008782800100,peripheral,0.773,12,0.088,Получил 43 тыс ₸ от 1 плательщика; пороги ролей не достигнуты,1665,,,1,False,1,0,43381.0,0.0,1,0,0.0,False,0.0,1,1,43381.0,1.0,1,0.000295,0.0,0.0,,1,0,0,0,False,0.0773,0.1385,0.0,0.1479,0.0
100000008661585100,peripheral,0.773,12,0.0877,Получил 43 тыс ₸ от 1 плательщика; пороги ролей не достигнуты,1666,,,1,False,1,0,43141.0,0.0,1,0,0.0,False,0.0,1,1,43141.0,1.0,1,0.000295,0.0,0.0,,1,0,0,0,False,0.0773,0.138,0.0,0.147,0.0
100000002227989100,peripheral,0.673,28,0.0875,4-е колено (обход оборван): 1 поступл. на 20 тыс ₸ от 1 плательщика; P(передаёт дальше)=0.40 — порогов ролей не достигает,1667,,обрыв_4_колена,4,False,1,0,20000.0,0.0,1,0,0.0,True,0.396725,0,1,451.335575,0.022567,0,0.000394,0.0,0.0,,1,0,0,0,False,0.0673,0.0,0.0,0.3494,0.0
100000002952756100,peripheral,0.766,11,0.0875,Получил 47 тыс ₸ от 1 плательщика; пороги ролей не достигнуты,1668,,,3,False,1,0,47000.0,0.0,1,0,0.0,False,0.0,0,1,231.555177,0.004927,0,0.000368,0.0,0.0,,1,0,0,0,False,0.0766,0.0,0.0,0.3312,0.0
100000003950749100,peripheral,0.716,3,0.0875,4-е колено (обход оборван): 1 поступл. на 7 тыс ₸ от 1 плательщика; P(передаёт дальше)=0.41 — порогов ролей не достигает,1669,,обрыв_4_колена,4,False,1,0,7000.0,0.0,1,0,0.0,True,0.408876,0,1,669.656957,0.095665,0,0.000384,0.0,0.0,,1,0,0,0,False,0.0716,0.0,0.0,0.341,0.0
100000004747154100,peripheral,0.593,13,0.0875,4-е колено (обход оборван): 1 поступл. на 67 тыс ₸ от 1 плательщика; P(передаёт дальше)=0.39 — порогов ролей не достигает,1670,,обрыв_4_колена,4,False,1,0,67000.0,0.0,1,0,0.0,True,0.385072,0,1,3.261842,4.9e-05,0,0.000332,0.0,0.0,,1,0,0,0,False,0.0593,0.0,0.0552,0.2918,0.0
100000008776298100,peripheral,0.774,12,0.0875,Получил 43 тыс ₸ от 1 плательщика; пороги ролей не достигнуты,1671,,,1,False,1,0,42800.0,0.0,1,0,0.0,False,0.0,1,1,42800.0,1.0,1,0.000295,0.0,0.0,,1,0,0,0,False,0.0774,0.1372,0.0,0.1464,0.0
100000004979264100,peripheral,0.629,2,0.0874,4-е колено (обход оборван): 1 поступл. на 40 тыс ₸ от 1 плательщика; P(передаёт дальше)=0.39 — порогов ролей не достигает,1672,,обрыв_4_колена,4,False,1,0,39800.0,0.0,1,0,0.0,True,0.388307,0,1,36.312312,0.000912,0,0.000411,0.0,0.0,,1,0,0,0,False,0.0629,0.0,0.0,0.3577,0.0
100000002757791100,peripheral,0.727,2,0.0869,Получил 73 тыс ₸ от 1 плательщика; пороги ролей не достигнуты,1673,,,3,False,1,0,73050.0,0.0,1,0,0.0,False,0.0,0,1,1282.438125,0.017556,0,0.000311,0.0,0.0,,1,0,0,0,False,0.0727,0.0,0.0716,0.2402,0.0
100000002744581100,peripheral,0.884,6,0.0868,Получил 12 тыс ₸ от 1 плательщика; пороги ролей не достигнуты,1674,,,2,False,1,0,12000.0,0.0,1,0,0.0,False,0.0,0,1,12000.0,1.0,0,0.000325,0.0,0.0,,1,0,0,0,False,0.0884,0.0172,0.0,0.2807,0.0
100000008071749100,peripheral,0.719,15,0.0868,4-е колено (обход оборван): 1 поступл. на 25 тыс ₸ от 1 плательщика; P(передаёт дальше)=0.25 — порогов ролей не достигает,1675,,обрыв_4_колена,4,False,1,0,24943.0,0.0,1,0,0.0,True,0.247989,0,2,58.879805,0.002361,1,0.000295,0.0,0.0,,1,0,0,0,False,0.0719,0.1395,0.0,0.1506,0.0
100000002990675100,peripheral,0.758,4,0.0867,Получил 51 тыс ₸ от 1 плательщика; пороги ролей не достигнуты,1676,,,3,False,1,0,51143.0,0.0,1,0,0.0,False,0.0,0,3,61.134401,0.001195,1,0.000287,0.0,0.0,,1,0,0,0,False,0.0758,0.2211,0.0043,0.0276,0.0
100000002567887100,peripheral,0.759,4,0.0864,Получил 51 тыс ₸ от 1 плательщика; пороги ролей не достигнуты,1677,,,3,False,1,0,50915.0,0.0,1,0,0.0,False,0.0,0,3,60.861858,0.001195,1,0.000287,0.0,0.0,,1,0,0,0,False,0.0759,0.2211,0.0034,0.0271,0.0
100000004911971100,peripheral,0.586,4,0.0863,4-е колено (обход оборван): 3 поступл. на 35 тыс ₸ от 1 плательщика; P(передаёт дальше)=0.52 — порогов ролей не достигает,1678,,обрыв_4_колена,4,False,1,0,35000.0,0.0,3,0,0.0,True,0.517948,0,3,1.691492,4.8e-05,0,0.000289,0.0,0.0,,1,0,0,0,False,0.0586,0.2211,0.0,0.0656,0.0
100000008717340100,peripheral,0.776,12,0.0863,Получил 42 тыс ₸ от 1 плательщика; пороги ролей не достигнуты,1679,,,1,False,1,0,41500.0,0.0,1,0,0.0,False,0.0,1,1,41500.0,1.0,1,0.000294,0.0,0.0,,1,0,0,0,False,0.0776,0.1343,0.0,0.1432,0.0
100000007597382100,peripheral,0.861,4,0.0862,Получил 16 тыс ₸ от 1 плательщика; пороги ролей не достигнуты,1680,,,3,False,1,0,15700.0,0.0,1,0,0.0,False,0.0,0,3,18.767184,0.001195,1,0.000286,0.0,0.0,,1,0,0,0,False,0.0861,0.2211,0.0,0.01,0.0
100000008729597100,peripheral,0.716,1,0.0862,Получил 83 тыс ₸ от 1 плательщика; пороги ролей не достигнуты,1681,,,3,False,1,0,83090.0,0.0,1,0,0.0,False,0.0,0,1,552.673443,0.006652,1,0.000302,0.0,0.0,,1,0,0,0,False,0.0716,0.0,0.0959,0.2062,0.0
100000003047800100,peripheral,0.703,11,0.086,4-е колено (обход оборван): 1 поступл. на 12 тыс ₸ от 1 плательщика; P(передаёт дальше)=0.41 — порогов ролей не достигает,1682,,обрыв_4_колена,4,False,1,0,12212.0,0.0,1,0,0.0,True,0.407566,0,1,8.046928,0.000659,0,0.000375,0.0,0.0,,1,0,0,0,False,0.0703,0.0,0.0,0.3354,0.0
100000003814002100,peripheral,0.805,4,0.0857,Получил 30 тыс ₸ от 1 плательщика; пороги ролей не достигнуты,1683,,,3,False,1,0,30000.0,0.0,1,0,0.0,False,0.0,0,3,35.860861,0.001195,1,0.000287,0.0,0.0,,1,0,0,0,False,0.0805,0.2211,0.0,0.0185,0.0
100000004403548100,peripheral,0.711,1,0.0856,4-е колено (обход оборван): 1 поступл. на 5 тыс ₸ от 1 плательщика; P(передаёт дальше)=0.42 — порогов ролей не достигает,1684,,обрыв_4_колена,4,False,1,0,5000.0,0.0,1,0,0.0,True,0.418999,0,1,33.257519,0.006652,0,0.000368,0.0,0.0,,1,0,0,0,False,0.0711,0.0,0.0,0.3314,0.0
100000004635886100,peripheral,0.828,3,0.0856,Получил 23 тыс ₸ от 1 плательщика; пороги ролей не достигнуты,1685,,,3,False,1,0,23000.0,0.0,1,0,0.0,False,0.0,0,2,239.941499,0.010432,1,0.000292,0.0,0.0,,1,0,0,0,False,0.0828,0.1395,0.0,0.1223,0.0
100000007863304100,peripheral,0.82,4,0.0856,Получил 25 тыс ₸ от 1 плательщика; пороги ролей не достигнуты,1686,,,3,False,1,0,25000.0,0.0,1,0,0.0,False,0.0,0,3,29.884051,0.001195,1,0.000286,0.0,0.0,,1,0,0,0,False,0.082,0.2211,0.0,0.0149,0.0
100000008576528100,peripheral,0.811,4,0.0856,Получил 28 тыс ₸ от 1 плательщика; пороги ролей не достигнуты,1687,,,3,False,1,0,28000.0,0.0,1,0,0.0,False,0.0,0,3,33.470137,0.001195,1,0.000286,0.0,0.0,,1,0,0,0,False,0.0811,0.2211,0.0,0.0169,0.0
100000008745474100,peripheral,0.778,12,0.0856,Получил 41 тыс ₸ от 1 плательщика; пороги ролей не достигнуты,1688,,,1,False,1,0,40559.0,0.0,1,0,0.0,False,0.0,1,1,40559.0,1.0,1,0.000294,0.0,0.0,,1,0,0,0,False,0.0778,0.1321,0.0,0.1417,0.0
100000000878006100,peripheral,0.766,4,0.0855,Получил 47 тыс ₸ от 1 плательщика; пороги ролей не достигнуты,1689,,,3,False,1,0,47003.0,0.0,1,0,0.0,False,0.0,0,3,56.185602,0.001195,1,0.000287,0.0,0.0,,1,0,0,0,False,0.0766,0.2211,0.0,0.0254,0.0
100000003293377100,peripheral,0.76,4,0.0855,Получил 50 тыс ₸ от 1 плательщика; пороги ролей не достигнуты,1690,,,3,False,1,0,50000.0,0.0,1,0,0.0,False,0.0,0,3,59.768102,0.001195,1,0.000287,0.0,0.0,,1,0,0,0,False,0.076,0.2211,0.0,0.0262,0.0
100000002182176100,peripheral,0.774,1,0.0853,Получил 42 тыс ₸ от 1 плательщика; пороги ролей не достигнуты,1691,,,1,False,1,0,42465.0,0.0,1,0,0.0,False,0.0,1,1,42465.0,1.0,1,0.000294,0.0,0.0,,1,0,0,0,False,0.0774,0.1365,0.0,0.135,0.0
100000004158362100,peripheral,0.884,1,0.0852,Получил 12 тыс ₸ от 1 плательщика; пороги ролей не достигнуты,1692,,,2,False,1,0,12000.0,0.0,1,0,0.0,False,0.0,0,2,1419.75053,0.118313,1,0.000291,0.0,0.0,,1,0,0,0,False,0.0884,0.1395,0.0,0.1085,0.0
100000006369769100,peripheral,0.78,12,0.0851,Получил 40 тыс ₸ от 1 плательщика; пороги ролей не достигнуты,1693,,,1,False,1,0,40000.0,0.0,1,0,0.0,False,0.0,1,1,40000.0,1.0,1,0.000294,0.0,0.0,,1,0,0,0,False,0.078,0.1308,0.0,0.1406,0.0
100000002231144100,peripheral,0.692,28,0.0848,4-е колено (обход оборван): 1 поступл. на 15 тыс ₸ от 1 плательщика; P(передаёт дальше)=0.40 — порогов ролей не достигает,1694,,обрыв_4_колена,4,False,1,0,15000.0,0.0,1,0,0.0,True,0.399418,0,1,338.501681,0.022567,0,0.000367,0.0,0.0,,1,0,0,0,False,0.0692,0.0,0.0,0.3307,0.0
100000004377043100,peripheral,0.714,22,0.0848,4-е колено (обход оборван): 1 поступл. на 6 тыс ₸ от 1 плательщика; P(передаёт дальше)=0.41 — порогов ролей не достигает,1695,,обрыв_4_колена,4,False,1,0,5700.0,0.0,1,0,0.0,True,0.413389,0,1,62.932575,0.011041,0,0.000364,0.0,0.0,,1,0,0,0,False,0.0714,0.0,0.0,0.3267,0.0
100000004571634100,peripheral,0.673,1,0.0848,4-е колено (обход оборван): 1 поступл. на 20 тыс ₸ от 1 плательщика; P(передаёт дальше)=0.40 — порогов ролей не достигает,1696,,обрыв_4_колена,4,False,1,0,20000.0,0.0,1,0,0.0,True,0.39814,0,1,100.842525,0.005042,0,0.000374,0.0,0.0,,1,0,0,0,False,0.0673,0.0,0.0,0.3347,0.0
100000004950490100,peripheral,0.9,6,0.0847,Получил 10 тыс ₸ от 1 плательщика; пороги ролей не достигнуты,1697,,,2,False,1,0,10000.0,0.0,1,0,0.0,False,0.0,0,1,10000.0,1.0,0,0.000331,0.0,0.0,,1,0,0,0,False,0.09,0.0,0.0,0.2887,0.0
100000007938486100,peripheral,0.781,12,0.0847,Получил 40 тыс ₸ от 1 плательщика; пороги ролей не достигнуты,1698,,,1,False,1,0,39500.0,0.0,1,0,0.0,False,0.0,1,1,39500.0,1.0,1,0.000294,0.0,0.0,,1,0,0,0,False,0.0781,0.1296,0.0,0.1397,0.0
100000006866831100,peripheral,0.686,14,0.0846,4-е колено (обход оборван): 1 поступл. на 16 тыс ₸ от 1 плательщика; P(передаёт дальше)=0.40 — порогов ролей не достигает,1699,,обрыв_4_колена,4,False,1,0,16500.0,0.0,1,0,0.0,True,0.399202,0,1,176.17493,0.010677,0,0.000368,0.0,0.0,,1,0,0,0,False,0.0686,0.0,0.0,0.331,0.0
100000008735384100,peripheral,0.781,12,0.0845,Получил 39 тыс ₸ от 1 плательщика; пороги ролей не достигнуты,1700,,,1,False,1,0,39220.0,0.0,1,0,0.0,False,0.0,1,1,39220.0,1.0,1,0.000294,0.0,0.0,,1,0,0,0,False,0.0781,0.129,0.0,0.1392,0.0
100000001380107100,peripheral,0.9,5,0.0842,Получил 6 тыс ₸ от 1 плательщика; пороги ролей не достигнуты,1701,,,3,False,1,0,6000.0,0.0,1,0,0.0,False,0.0,0,2,82.239382,0.013707,0,0.000291,0.0,0.0,,1,0,0,0,False,0.09,0.1395,0.0,0.1001,0.0
100000008771819100,peripheral,0.782,12,0.0842,Получил 39 тыс ₸ от 1 плательщика; пороги ролей не достигнуты,1702,,,1,False,1,0,38900.0,0.0,1,0,0.0,False,0.0,1,1,38900.0,1.0,1,0.000294,0.0,0.0,,1,0,0,0,False,0.0782,0.1282,0.0,0.1388,0.0
100000002703376100,peripheral,0.767,14,0.0841,Получил 47 тыс ₸ от 1 плательщика; пороги ролей не достигнуты,1703,,,2,False,1,0,46501.0,0.0,1,0,0.0,False,0.0,0,2,1813.01646,0.038989,1,0.000293,0.0,0.0,,1,0,0,0,False,0.0767,0.1395,0.0,0.1261,0.0
100000003996562100,peripheral,0.9,20,0.0841,Получил 8 тыс ₸ от 1 плательщика; пороги ролей не достигнуты,1704,,,3,False,1,0,7700.0,0.0,1,0,0.0,False,0.0,0,1,164.77607,0.021399,0,0.000328,0.0,0.0,,1,0,0,0,False,0.09,0.0,0.0,0.2854,0.0
100000004491749100,peripheral,0.76,8,0.0841,Получил 50 тыс ₸ от 1 плательщика; пороги ролей не достигнуты,1705,,,3,False,1,0,50000.0,0.0,1,0,0.0,False,0.0,0,1,1894.78737,0.037896,0,0.000351,0.0,0.0,,1,0,0,0,False,0.076,0.0,0.0,0.3136,0.0
100000005056870100,peripheral,0.84,42,0.0841,Получил 20 тыс ₸ от 1 плательщика; пороги ролей не достигнуты,1706,,,1,False,1,0,20000.0,0.0,1,0,0.0,False,0.0,1,1,20000.0,1.0,0,0.000303,0.0,0.0,,1,0,0,0,False,0.084,0.0654,0.0,0.21,0.0
100000007175718100,peripheral,0.84,42,0.0841,Получил 20 тыс ₸ от 1 плательщика; пороги ролей не достигнуты,1707,,,1,False,1,0,20000.0,0.0,1,0,0.0,False,0.0,1,1,20000.0,1.0,0,0.000303,0.0,0.0,,1,0,0,0,False,0.084,0.0654,0.0,0.21,0.0
100000002691858100,peripheral,0.758,8,0.0839,Получил 52 тыс ₸ от 1 плательщика; пороги ролей не достигнуты,1708,,,2,False,1,0,51500.0,0.0,1,0,0.0,False,0.0,0,1,7668.535193,0.148904,0,0.000342,0.0,0.0,,1,0,0,0,False,0.0758,0.0,0.0056,0.3054,0.0
100000004047887100,peripheral,0.648,4,0.0838,4-е колено (обход оборван): 1 поступл. на 30 тыс ₸ от 1 плательщика; P(передаёт дальше)=0.39 — порогов ролей не достигает,1709,,обрыв_4_колена,4,False,1,0,30000.0,0.0,1,0,0.0,True,0.390314,0,3,3.263257,0.000109,0,0.000288,0.0,0.0,,1,0,0,0,False,0.0648,0.2211,0.0,0.0396,0.0
100000000673915100,peripheral,0.672,4,0.0837,4-е колено (обход оборван): 1 поступл. на 20 тыс ₸ от 1 плательщика; P(передаёт дальше)=0.40 — порогов ролей не достигает,1710,,обрыв_4_колена,4,False,1,0,20200.0,0.0,1,0,0.0,True,0.398417,0,3,0.976233,4.8e-05,0,0.000288,0.0,0.0,,1,0,0,0,False,0.0672,0.2211,0.0,0.0338,0.0
100000001307612100,peripheral,0.783,12,0.0837,Получил 38 тыс ₸ от 1 плательщика; пороги ролей не достигнуты,1711,,,1,False,1,0,38483.0,0.0,1,0,0.0,False,0.0,1,1,38483.0,1.0,1,0.000294,0.0,0.0,,1,0,0,0,False,0.0783,0.1272,0.0,0.1368,0.0
100000002852402100,peripheral,0.752,3,0.0835,Получил 55 тыс ₸ от 1 плательщика; пороги ролей не достигнуты,1712,,,2,False,1,0,55000.0,0.0,1,0,0.0,False,0.0,0,1,10349.479524,0.188172,0,0.000327,0.0,0.0,,1,0,0,0,False,0.0752,0.0032,0.018,0.2831,0.0
100000008686234100,peripheral,0.78,1,0.0828,Получил 40 тыс ₸ от 1 плательщика; пороги ролей не достигнуты,1713,,,1,False,1,0,39778.0,0.0,1,0,0.0,False,0.0,1,1,39778.0,1.0,1,0.000293,0.0,0.0,,1,0,0,0,False,0.078,0.1303,0.0,0.1286,0.0
100000008687671100,peripheral,0.785,12,0.0826,Получил 38 тыс ₸ от 1 плательщика; пороги ролей не достигнуты,1714,,,1,False,1,0,37500.0,0.0,1,0,0.0,False,0.0,1,1,37500.0,1.0,1,0.000293,0.0,0.0,,1,0,0,0,False,0.0785,0.1247,0.0,0.1339,0.0
100000001286703100,peripheral,0.671,4,0.0825,4-е колено (обход оборван): 1 поступл. на 20 тыс ₸ от 1 плательщика; P(передаёт дальше)=0.40 — порогов ролей не достигает,1715,,обрыв_4_колена,4,False,1,0,20500.0,0.0,1,0,0.0,True,0.396811,0,3,2.229892,0.000109,0,0.000287,0.0,0.0,,1,0,0,0,False,0.0671,0.2211,0.0,0.0278,0.0
100000004070530100,peripheral,0.673,4,0.0824,4-е колено (обход оборван): 1 поступл. на 20 тыс ₸ от 1 плательщика; P(передаёт дальше)=0.40 — порогов ролей не достигает,1716,,обрыв_4_колена,4,False,1,0,20000.0,0.0,1,0,0.0,True,0.396927,0,3,2.175505,0.000109,0,0.000287,0.0,0.0,,1,0,0,0,False,0.0673,0.2211,0.0,0.0265,0.0
100000002211413100,peripheral,0.786,12,0.0822,Получил 37 тыс ₸ от 1 плательщика; пороги ролей не достигнуты,1717,,,1,False,1,0,37000.0,0.0,1,0,0.0,False,0.0,1,1,37000.0,1.0,1,0.000293,0.0,0.0,,1,0,0,0,False,0.0786,0.1235,0.0,0.1328,0.0
100000002748040100,peripheral,0.742,15,0.0822,4-е колено (обход оборван): 1 поступл. на 18 тыс ₸ от 1 плательщика; P(передаёт дальше)=0.25 — порогов ролей не достигает,1718,,обрыв_4_колена,4,False,1,0,18000.0,0.0,1,0,0.0,True,0.252388,0,2,42.490338,0.002361,1,0.000292,0.0,0.0,,1,0,0,0,False,0.0742,0.1395,0.0,0.1203,0.0
100000002404112100,peripheral,0.602,27,0.0821,4-е колено (обход оборван): 1 поступл. на 60 тыс ₸ от 1 плательщика; P(передаёт дальше)=0.38 — порогов ролей не достигает,1719,,обрыв_4_колена,4,False,1,0,60000.0,0.0,1,0,0.0,True,0.381285,0,1,19.363115,0.000323,0,0.00033,0.0,0.0,,1,0,0,0,False,0.0602,0.0,0.0344,0.288,0.0
100000005100475100,peripheral,0.78,8,0.0821,Получил 40 тыс ₸ от 1 плательщика; пороги ролей не достигнуты,1720,,,3,False,1,0,40000.0,0.0,1,0,0.0,False,0.0,0,1,1515.829896,0.037896,0,0.000338,0.0,0.0,,1,0,0,0,False,0.078,0.0,0.0,0.2985,0.0
100000000542087100,peripheral,0.716,4,0.082,4-е колено (обход оборван): 1 поступл. на 9 тыс ₸ от 1 плательщика; P(передаёт дальше)=0.41 — порогов ролей не достигает,1721,,обрыв_4_колена,4,False,1,0,8506.91,0.0,1,0,0.0,True,0.409405,0,3,0.411125,4.8e-05,0,0.000286,0.0,0.0,,1,0,0,0,False,0.0716,0.2211,0.0,0.016,0.0
100000004674389100,peripheral,0.691,1,0.0819,4-е колено (обход оборван): 1 поступл. на 15 тыс ₸ от 1 плательщика; P(передаёт дальше)=0.40 — порогов ролей не достигает,1722,,обрыв_4_колена,4,False,1,0,15000.0,0.0,1,0,0.0,True,0.401648,0,1,75.631894,0.005042,0,0.000352,0.0,0.0,,1,0,0,0,False,0.0691,0.0,0.0,0.3152,0.0
100000001249054100,peripheral,0.745,15,0.0816,4-е колено (обход оборван): 1 поступл. на 17 тыс ₸ от 1 плательщика; P(передаёт дальше)=0.25 — порогов ролей не достигает,1723,,обрыв_4_колена,4,False,1,0,17375.0,0.0,1,0,0.0,True,0.250837,0,2,41.014979,0.002361,1,0.000292,0.0,0.0,,1,0,0,0,False,0.0745,0.1395,0.0,0.1168,0.0
100000003084870100,peripheral,0.714,11,0.0815,4-е колено (обход оборван): 1 поступл. на 6 тыс ₸ от 1 плательщика; P(передаёт дальше)=0.41 — порогов ролей не достигает,1724,,обрыв_4_колена,4,False,1,0,6500.0,0.0,1,0,0.0,True,0.41434,0,1,2.084838,0.000321,0,0.000345,0.0,0.0,,1,0,0,0,False,0.0714,0.0,0.0,0.3081,0.0
100000000782285100,peripheral,0.9,20,0.0814,Получил 6 тыс ₸ от 1 плательщика; пороги ролей не достигнуты,1725,,,3,False,1,0,6151.0,0.0,1,0,0.0,False,0.0,0,1,131.628261,0.021399,0,0.00032,0.0,0.0,,1,0,0,0,False,0.09,0.0,0.0,0.2702,0.0
100000001290243100,peripheral,0.9,3,0.0814,Получил 10 тыс ₸ от 1 плательщика; пороги ролей не достигнуты,1726,,,2,False,1,0,10000.0,0.0,1,0,0.0,False,0.0,0,1,9010.037752,0.901004,0,0.00032,0.0,0.0,,1,0,0,0,False,0.09,0.0,0.0,0.2707,0.0
100000002708624100,peripheral,0.82,30,0.0813,Получил 25 тыс ₸ от 1 плательщика; пороги ролей не достигнуты,1727,,,3,False,1,0,25000.0,0.0,1,0,0.0,False,0.0,0,1,478.309954,0.019132,0,0.000329,0.0,0.0,,1,0,0,0,False,0.082,0.0,0.0,0.286,0.0
100000003635660100,peripheral,0.844,1,0.0811,Получил 19 тыс ₸ от 1 плательщика; пороги ролей не достигнуты,1728,,,3,False,1,0,18985.0,0.0,1,0,0.0,False,0.0,0,2,230.29599,0.01213,1,0.000291,0.0,0.0,,1,0,0,0,False,0.0844,0.1395,0.0,0.0939,0.0
100000004664515100,peripheral,0.785,1,0.081,Получил 38 тыс ₸ от 1 плательщика; пороги ролей не достигнуты,1729,,,1,False,1,0,37691.0,0.0,1,0,0.0,False,0.0,1,1,37691.0,1.0,1,0.000293,0.0,0.0,,1,0,0,0,False,0.0785,0.1252,0.0,0.1246,0.0
100000005979037100,peripheral,0.602,1,0.081,4-е колено (обход оборван): 1 поступл. на 60 тыс ₸ от 1 плательщика; P(передаёт дальше)=0.38 — порогов ролей не достигает,1730,,обрыв_4_колена,4,False,1,0,60300.0,0.0,1,0,0.0,True,0.382218,0,1,54.498039,0.000904,0,0.000325,0.0,0.0,,1,0,0,0,False,0.0602,0.0,0.0354,0.2805,0.0
100000008741372100,peripheral,0.789,12,0.081,Получил 36 тыс ₸ от 1 плательщика; пороги ролей не достигнуты,1731,,,1,False,1,0,35975.0,0.0,1,0,0.0,False,0.0,1,1,35975.0,1.0,1,0.000293,0.0,0.0,,1,0,0,0,False,0.0789,0.1208,0.0,0.1294,0.0
100000000627521100,peripheral,0.714,4,0.0809,4-е колено (обход оборван): 1 поступл. на 6 тыс ₸ от 1 плательщика; P(передаёт дальше)=0.41 — порогов ролей не достигает,1732,,обрыв_4_колена,4,False,1,0,6500.0,0.0,1,0,0.0,True,0.413725,0,3,0.707039,0.000109,0,0.000286,0.0,0.0,,1,0,0,0,False,0.0714,0.2211,0.0,0.0102,0.0
100000003096787100,peripheral,0.748,15,0.0809,4-е колено (обход оборван): 1 поступл. на 16 тыс ₸ от 1 плательщика; P(передаёт дальше)=0.25 — порогов ролей не достигает,1733,,обрыв_4_колена,4,False,1,0,16400.0,0.0,1,0,0.0,True,0.253653,0,2,38.713419,0.002361,1,0.000292,0.0,0.0,,1,0,0,0,False,0.0748,0.1395,0.0,0.1121,0.0
100000005901606100,peripheral,0.79,12,0.0808,Получил 36 тыс ₸ от 1 плательщика; пороги ролей не достигнуты,1734,,,1,False,1,0,35660.0,0.0,1,0,0.0,False,0.0,1,1,35660.0,1.0,1,0.000293,0.0,0.0,,1,0,0,0,False,0.079,0.12,0.0,0.129,0.0
100000006444163100,peripheral,0.9,20,0.0808,Получил 6 тыс ₸ от 1 плательщика; пороги ролей не достигнуты,1735,,,3,False,1,0,6026.0,0.0,1,0,0.0,False,0.0,0,1,128.953325,0.021399,0,0.000319,0.0,0.0,,1,0,0,0,False,0.09,0.0,0.0,0.2671,0.0
100000001275557100,peripheral,0.672,23,0.0806,4-е колено (обход оборван): 1 поступл. на 20 тыс ₸ от 1 плательщика; P(передаёт дальше)=0.40 — порогов ролей не достигает,1736,,обрыв_4_колена,4,False,1,0,20000.0,0.0,1,0,0.0,True,0.399963,0,1,377.020412,0.018851,0,0.000348,0.0,0.0,,1,0,0,0,False,0.0672,0.0,0.0,0.3114,0.0
100000002528978100,peripheral,0.752,15,0.0806,4-е колено (обход оборван): 1 поступл. на 16 тыс ₸ от 1 плательщика; P(передаёт дальше)=0.25 — порогов ролей не достигает,1737,,обрыв_4_колена,4,False,1,0,15900.0,0.0,1,0,0.0,True,0.251734,0,2,37.533131,0.002361,1,0.000292,0.0,0.0,,1,0,0,0,False,0.0752,0.1395,0.0,0.1099,0.0
100000002726055100,peripheral,0.718,28,0.0806,4-е колено (обход оборван): 1 поступл. на 10 тыс ₸ от 1 плательщика; P(передаёт дальше)=0.40 — порогов ролей не достигает,1738,,обрыв_4_колена,4,False,1,0,10000.0,0.0,1,0,0.0,True,0.404047,0,1,225.667787,0.022567,0,0.00034,0.0,0.0,,1,0,0,0,False,0.0718,0.0,0.0,0.3025,0.0
100000003713616100,peripheral,0.86,3,0.0804,Получил 16 тыс ₸ от 1 плательщика; пороги ролей не достигнуты,1739,,,1,False,1,0,15893.0,0.0,1,0,0.0,False,0.0,1,2,15893.0,1.0,1,0.000287,0.0,0.0,,1,0,0,0,False,0.086,0.1832,0.0,0.0285,0.0
100000008753193100,peripheral,0.791,12,0.0803,Получил 35 тыс ₸ от 1 плательщика; пороги ролей не достигнуты,1740,,,1,False,1,0,35225.0,0.0,1,0,0.0,False,0.0,1,1,35225.0,1.0,1,0.000293,0.0,0.0,,1,0,0,0,False,0.0791,0.1188,0.0,0.1277,0.0
100000002236528100,peripheral,0.736,18,0.0801,Получил 66 тыс ₸ от 1 плательщика; пороги ролей не достигнуты,1741,,,3,False,1,0,66000.0,0.0,1,0,0.0,False,0.0,0,1,172.043566,0.002607,1,0.000307,0.0,0.0,,1,0,0,0,False,0.0736,0.0,0.0524,0.2264,0.0
100000002733083100,peripheral,0.754,15,0.0801,4-е колено (обход оборван): 1 поступл. на 15 тыс ₸ от 1 плательщика; P(передаёт дальше)=0.25 — порогов ролей не достигает,1742,,обрыв_4_колена,4,False,1,0,15200.0,0.0,1,0,0.0,True,0.253147,0,2,35.880729,0.002361,1,0.000291,0.0,0.0,,1,0,0,0,False,0.0754,0.1395,0.0,0.1065,0.0
100000004494983100,peripheral,0.791,12,0.08,Получил 35 тыс ₸ от 1 плательщика; пороги ролей не достигнуты,1743,,,1,False,1,0,35000.0,0.0,1,0,0.0,False,0.0,1,1,35000.0,1.0,1,0.000293,0.0,0.0,,1,0,0,0,False,0.0791,0.1182,0.0,0.127,0.0
100000008669310100,peripheral,0.745,1,0.08,Получил 60 тыс ₸ от 1 плательщика; пороги ролей не достигнуты,1744,,,3,False,1,0,59567.0,0.0,2,0,0.0,False,0.0,0,2,50.420045,0.000846,1,0.000289,0.0,0.0,,1,0,0,0,False,0.0745,0.1395,0.033,0.0638,0.0
100000002199091100,peripheral,0.737,12,0.0797,Получил 65 тыс ₸ от 1 плательщика; пороги ролей не достигнуты,1745,,,2,False,1,0,65000.0,0.0,1,0,0.0,False,0.0,0,1,1117.025674,0.017185,1,0.000308,0.0,0.0,,1,0,0,0,False,0.0737,0.0,0.0495,0.2278,0.0
100000003083865100,peripheral,0.755,15,0.0797,4-е колено (обход оборван): 1 поступл. на 15 тыс ₸ от 1 плательщика; P(передаёт дальше)=0.25 — порогов ролей не достигает,1746,,обрыв_4_колена,4,False,1,0,15000.0,0.0,1,0,0.0,True,0.254562,0,2,35.408615,0.002361,1,0.000291,0.0,0.0,,1,0,0,0,False,0.0755,0.1395,0.0,0.1039,0.0
100000003166017100,peripheral,0.755,15,0.0797,4-е колено (обход оборван): 1 поступл. на 15 тыс ₸ от 1 плательщика; P(передаёт дальше)=0.25 — порогов ролей не достигает,1747,,обрыв_4_колена,4,False,1,0,15000.0,0.0,1,0,0.0,True,0.252803,0,2,35.408615,0.002361,1,0.000291,0.0,0.0,,1,0,0,0,False,0.0755,0.1395,0.0,0.1039,0.0
100000004502048100,peripheral,0.695,18,0.0797,4-е колено (обход оборван): 1 поступл. на 14 тыс ₸ от 1 плательщика; P(передаёт дальше)=0.40 — порогов ролей не достигает,1748,,обрыв_4_колена,4,False,1,0,13888.0,0.0,1,0,0.0,True,0.40488,0,1,103.023631,0.007418,0,0.00034,0.0,0.0,,1,0,0,0,False,0.0695,0.0,0.0,0.302,0.0
100000004177936100,peripheral,0.716,1,0.0796,4-е колено (обход оборван): 1 поступл. на 10 тыс ₸ от 1 плательщика; P(передаёт дальше)=0.41 — порогов ролей не достигает,1749,,обрыв_4_колена,4,False,1,0,10000.0,0.0,1,0,0.0,True,0.409345,0,1,66.515037,0.006652,0,0.000337,0.0,0.0,,1,0,0,0,False,0.0716,0.0,0.0,0.2974,0.0
100000000765628100,peripheral,0.9,3,0.0792,Получил 5 тыс ₸ от 1 плательщика; пороги ролей не достигнуты,1750,,,2,False,1,0,5000.0,0.0,1,0,0.0,False,0.0,0,1,5000.0,1.0,0,0.000315,0.0,0.0,,1,0,0,0,False,0.09,0.0,0.0,0.2582,0.0
100000004445291100,peripheral,0.842,30,0.0789,Получил 20 тыс ₸ от 1 плательщика; пороги ролей не достигнуты,1751,,,3,False,1,0,19500.0,0.0,2,0,0.0,False,0.0,0,1,373.081764,0.019132,0,0.000319,0.0,0.0,,1,0,0,0,False,0.0842,0.0,0.0,0.2685,0.0
100000001114385100,peripheral,0.806,20,0.0788,Получил 30 тыс ₸ от 1 плательщика; пороги ролей не достигнуты,1752,,,2,False,1,0,29500.0,0.0,1,0,0.0,False,0.0,0,2,417.046661,0.014137,1,0.00029,0.0,0.0,,1,0,0,0,False,0.0806,0.1395,0.0,0.0887,0.0
100000002810870100,peripheral,0.795,12,0.0788,Получил 34 тыс ₸ от 1 плательщика; пороги ролей не достигнуты,1753,,,1,False,1,0,33677.0,0.0,1,0,0.0,False,0.0,1,1,33677.0,1.0,1,0.000293,0.0,0.0,,1,0,0,0,False,0.0795,0.1146,0.0,0.1243,0.0
100000008470470100,peripheral,0.795,12,0.0786,Получил 34 тыс ₸ от 1 плательщика; пороги ролей не достигнуты,1754,,,1,False,1,0,33547.0,0.0,1,0,0.0,False,0.0,1,1,33547.0,1.0,1,0.000293,0.0,0.0,,1,0,0,0,False,0.0795,0.1142,0.0,0.1239,0.0
100000003173783100,peripheral,0.622,11,0.0785,4-е колено (обход оборван): 2 поступл. на 24 тыс ₸ от 1 плательщика; P(передаёт дальше)=0.49 — порогов ролей не достигает,1755,,обрыв_4_колена,4,False,1,0,23500.0,0.0,2,0,0.0,True,0.492868,0,1,38.775437,0.00165,0,0.000347,0.0,0.0,,1,0,0,0,False,0.0622,0.0,0.0,0.3103,0.0
100000004225615100,peripheral,0.709,6,0.0785,Получил 90 тыс ₸ от 1 плательщика; пороги ролей не достигнуты,1756,,,2,False,1,0,90000.0,0.0,2,0,0.0,False,0.0,0,1,10266.154983,0.114068,1,0.000294,0.0,0.0,,1,0,0,0,False,0.0709,0.0025,0.1109,0.1412,0.0
100000005723580100,peripheral,0.636,2,0.0784,4-е колено (обход оборван): 1 поступл. на 35 тыс ₸ от 1 плательщика; P(передаёт дальше)=0.39 — порогов ролей не достигает,1757,,обрыв_4_колена,4,False,1,0,35000.0,0.0,1,0,0.0,True,0.391356,0,1,70.014998,0.002,0,0.000344,0.0,0.0,,1,0,0,0,False,0.0636,0.0,0.0,0.3067,0.0
100000003177533100,peripheral,0.661,9,0.078,4-е колено (обход оборван): 3 поступл. на 20 тыс ₸ от 1 плательщика; P(передаёт дальше)=0.43 — порогов ролей не достигает,1758,,обрыв_4_колена,4,False,1,0,20000.0,0.0,3,0,0.0,True,0.426567,0,1,33.424535,0.001671,0,0.000338,0.0,0.0,,1,0,0,0,False,0.0661,0.0,0.0,0.2994,0.0
100000008219168100,peripheral,0.755,6,0.0779,Получил 53 тыс ₸ от 1 плательщика; пороги ролей не достигнуты,1759,,,1,False,1,0,53200.0,0.0,2,0,0.0,False,0.0,1,1,53200.0,1.0,1,0.000289,0.0,0.0,,1,0,0,0,False,0.0755,0.1577,0.0117,0.0543,0.0
100000002628146100,peripheral,0.803,8,0.0775,Получил 30 тыс ₸ от 1 плательщика; пороги ролей не достигнуты,1760,,,2,False,1,0,30500.0,0.0,2,0,0.0,False,0.0,0,1,4541.559677,0.148904,0,0.000319,0.0,0.0,,1,0,0,0,False,0.0803,0.0,0.0,0.2682,0.0
100000001089055100,peripheral,0.7,14,0.0771,4-е колено (обход оборван): 1 поступл. на 13 тыс ₸ от 1 плательщика; P(передаёт дальше)=0.40 — порогов ролей не достигает,1761,,обрыв_4_колена,4,False,1,0,13000.0,0.0,1,0,0.0,True,0.404922,0,1,97.16624,0.007474,0,0.000329,0.0,0.0,,1,0,0,0,False,0.07,0.0,0.0,0.2867,0.0
100000008696919100,peripheral,0.799,12,0.077,Получил 32 тыс ₸ от 1 плательщика; пороги ролей не достигнуты,1762,,,1,False,1,0,31945.0,0.0,1,0,0.0,False,0.0,1,1,31945.0,1.0,1,0.000292,0.0,0.0,,1,0,0,0,False,0.0799,0.1096,0.0,0.1201,0.0
100000002158488100,peripheral,0.8,12,0.0767,Получил 32 тыс ₸ от 1 плательщика; пороги ролей не достигнуты,1763,,,1,False,1,0,31723.0,0.0,1,0,0.0,False,0.0,1,1,31723.0,1.0,1,0.000292,0.0,0.0,,1,0,0,0,False,0.08,0.1089,0.0,0.1194,0.0
100000003166755100,peripheral,0.824,20,0.0766,Получил 24 тыс ₸ от 1 плательщика; пороги ролей не достигнуты,1764,,,2,False,1,0,24010.0,0.0,1,0,0.0,False,0.0,0,2,339.433571,0.014137,1,0.000289,0.0,0.0,,1,0,0,0,False,0.0824,0.1395,0.0,0.0734,0.0
100000004049912100,peripheral,0.716,18,0.0765,4-е колено (обход оборван): 1 поступл. на 10 тыс ₸ от 1 плательщика; P(передаёт дальше)=0.41 — порогов ролей не достигает,1765,,обрыв_4_колена,4,False,1,0,10000.0,0.0,1,0,0.0,True,0.409141,0,1,74.181762,0.007418,0,0.000325,0.0,0.0,,1,0,0,0,False,0.0716,0.0,0.0,0.28,0.0
100000008129393100,peripheral,0.9,46,0.0764,Получил 10 тыс ₸ от 1 плательщика; пороги ролей не достигнуты,1766,,,1,False,1,0,10000.0,0.0,1,0,0.0,False,0.0,1,1,10000.0,1.0,0,0.000312,0.0,0.0,,1,0,0,0,False,0.09,0.0,0.0,0.2429,0.0
100000008779584100,peripheral,0.801,12,0.0764,Получил 31 тыс ₸ от 1 плательщика; пороги ролей не достигнуты,1767,,,1,False,1,0,31400.0,0.0,1,0,0.0,False,0.0,1,1,31400.0,1.0,1,0.000292,0.0,0.0,,1,0,0,0,False,0.0801,0.108,0.0,0.1185,0.0
100000002589019100,peripheral,0.792,17,0.0763,Получил 35 тыс ₸ от 1 плательщика; пороги ролей не достигнуты,1768,,,1,False,1,0,34710.0,0.0,1,0,0.0,False,0.0,1,1,34710.0,1.0,1,0.000291,0.0,0.0,,1,0,0,0,False,0.0792,0.1174,0.0,0.1074,0.0
100000008712827100,peripheral,0.724,19,0.0762,Получил 76 тыс ₸ от 1 плательщика; пороги ролей не достигнуты,1769,,,3,False,1,0,76000.0,0.0,1,0,0.0,False,0.0,0,1,50.502584,0.000665,1,0.000297,0.0,0.0,,1,0,0,0,False,0.0724,0.0,0.079,0.1717,0.0
100000008736173100,peripheral,0.802,12,0.0759,Получил 31 тыс ₸ от 1 плательщика; пороги ролей не достигнуты,1770,,,1,False,1,0,31060.0,0.0,1,0,0.0,False,0.0,1,1,31060.0,1.0,1,0.000292,0.0,0.0,,1,0,0,0,False,0.0802,0.107,0.0,0.1172,0.0
100000001853812100,peripheral,0.731,1,0.0758,Получил 70 тыс ₸ от 1 плательщика; пороги ролей не достигнуты,1771,,,3,False,1,0,70000.0,0.0,1,0,0.0,False,0.0,0,1,465.60526,0.006652,1,0.0003,0.0,0.0,,1,0,0,0,False,0.0731,0.0,0.0635,0.1888,0.0
100000005187208100,peripheral,0.87,4,0.0755,Получил 14 тыс ₸ от 1 плательщика; пороги ролей не достигнуты,1772,,,3,False,1,0,14160.0,0.0,1,0,0.0,False,0.0,0,1,85.668031,0.00605,0,0.000312,0.0,0.0,,1,0,0,0,False,0.087,0.0,0.0,0.244,0.0
100000002380341100,peripheral,0.748,1,0.0754,Получил 58 тыс ₸ от 1 плательщика; пороги ролей не достигнуты,1773,,,3,False,1,0,57566.4,0.0,1,0,0.0,False,0.0,0,1,45.06545,0.000783,1,0.000309,0.0,0.0,,1,0,0,0,False,0.0748,0.0,0.0266,0.2324,0.0
100000000018102100,peripheral,0.715,14,0.0751,4-е колено (обход оборван): 1 поступл. на 7 тыс ₸ от 1 плательщика; P(передаёт дальше)=0.41 — порогов ролей не достигает,1774,,обрыв_4_колена,4,False,1,0,7000.0,0.0,1,0,0.0,True,0.411328,0,1,74.74088,0.010677,0,0.00032,0.0,0.0,,1,0,0,0,False,0.0715,0.0,0.0,0.2725,0.0
100000006351075100,peripheral,0.634,35,0.075,4-е колено (обход оборван): 2 поступл. на 40 тыс ₸ от 1 плательщика; P(передаёт дальше)=0.37 — порогов ролей не достигает,1775,,обрыв_4_колена,4,False,1,0,40000.0,0.0,2,0,0.0,True,0.374326,0,2,0.184342,5e-06,0,0.000291,0.0,0.0,,1,0,0,0,False,0.0634,0.1395,0.0,0.1025,0.0
100000006965162100,peripheral,0.9,22,0.0747,Получил 10 тыс ₸ от 1 плательщика; пороги ролей не достигнуты,1776,,,3,False,1,0,10000.0,0.0,1,0,0.0,False,0.0,0,1,110.408027,0.011041,0,0.000309,0.0,0.0,,1,0,0,0,False,0.09,0.0,0.0,0.2333,0.0
100000008708025100,peripheral,0.9,22,0.0747,Получил 10 тыс ₸ от 1 плательщика; пороги ролей не достигнуты,1777,,,3,False,1,0,10000.0,0.0,1,0,0.0,False,0.0,0,1,110.408027,0.011041,0,0.000309,0.0,0.0,,1,0,0,0,False,0.09,0.0,0.0,0.2333,0.0
100000002723674100,peripheral,0.646,28,0.0746,4-е колено (обход оборван): 1 поступл. на 30 тыс ₸ от 1 плательщика; P(передаёт дальше)=0.39 — порогов ролей не достигает,1778,,обрыв_4_колена,4,False,1,0,30000.0,0.0,1,0,0.0,True,0.394542,0,1,440.653076,0.014688,0,0.000327,0.0,0.0,,1,0,0,0,False,0.0646,0.0,0.0,0.2834,0.0
100000004058740100,peripheral,0.805,12,0.0745,Получил 30 тыс ₸ от 1 плательщика; пороги ролей не достигнуты,1779,,,1,False,1,0,30000.0,0.0,1,0,0.0,False,0.0,1,1,30000.0,1.0,1,0.000292,0.0,0.0,,1,0,0,0,False,0.0805,0.1037,0.0,0.1132,0.0
100000002713974100,peripheral,0.613,9,0.0742,4-е колено (обход оборван): 1 поступл. на 50 тыс ₸ от 1 плательщика; P(передаёт дальше)=0.39 — порогов ролей не достигает,1780,,обрыв_4_колена,4,False,1,0,50000.0,0.0,1,0,0.0,True,0.3874,0,1,33.621633,0.000672,0,0.00033,0.0,0.0,,1,0,0,0,False,0.0613,0.0,0.0,0.2878,0.0
100000003087877100,peripheral,0.708,9,0.0742,Получил 91 тыс ₸ от 1 плательщика; пороги ролей не достигнуты,1781,,,3,False,1,0,91486.0,0.0,1,0,0.0,False,0.0,0,1,197.307772,0.002157,1,0.000292,0.0,0.0,,1,0,0,0,False,0.0708,0.0,0.114,0.117,0.0
100000008718811100,peripheral,0.727,19,0.0741,Получил 73 тыс ₸ от 1 плательщика; пороги ролей не достигнуты,1782,,,3,False,1,0,73300.0,0.0,1,0,0.0,False,0.0,0,1,48.708413,0.000665,1,0.000297,0.0,0.0,,1,0,0,0,False,0.0727,0.0,0.0722,0.1681,0.0
100000001530709100,peripheral,0.754,1,0.074,Получил 54 тыс ₸ от 1 плательщика; пороги ролей не достигнуты,1783,,,3,False,1,0,53961.0,0.0,1,0,0.0,False,0.0,0,2,45.674888,0.000846,1,0.000289,0.0,0.0,,1,0,0,0,False,0.0754,0.1395,0.0144,0.0538,0.0
100000003016773100,peripheral,0.766,2,0.074,Получил 47 тыс ₸ от 1 плательщика; пороги ролей не достигнуты,1784,,,2,False,1,0,46555.0,0.0,1,0,0.0,False,0.0,0,1,2908.927369,0.062484,0,0.000315,0.0,0.0,,1,0,0,0,False,0.0766,0.0,0.0,0.2565,0.0
100000002578653100,peripheral,0.84,1,0.0739,Получил 20 тыс ₸ от 1 плательщика; пороги ролей не достигнуты,1785,,,3,False,1,0,20000.0,0.0,1,0,0.0,False,0.0,0,1,688.161425,0.034408,1,0.000311,0.0,0.0,,1,0,0,0,False,0.084,0.0,0.0,0.2409,0.0
100000004526651100,peripheral,0.698,2,0.0739,4-е колено (обход оборван): 1 поступл. на 33 тыс ₸ от 1 плательщика; P(передаёт дальше)=0.25 — порогов ролей не достигает,1786,,обрыв_4_колена,4,False,1,0,33000.0,0.0,1,0,0.0,True,0.245819,0,2,21.858192,0.000662,1,0.00029,0.0,0.0,,1,0,0,0,False,0.0698,0.1395,0.0,0.0834,0.0
100000004573782100,peripheral,0.865,6,0.0739,Получил 15 тыс ₸ от 1 плательщика; пороги ролей не достигнуты,1787,,,2,False,1,0,15000.0,0.0,1,0,0.0,False,0.0,0,1,8108.108108,0.540541,0,0.00031,0.0,0.0,,1,0,0,0,False,0.0865,0.0,0.0,0.2362,0.0
100000008765627100,peripheral,0.744,8,0.0737,Получил 60 тыс ₸ от 1 плательщика; пороги ролей не достигнуты,1788,,,2,False,1,0,60000.0,0.0,1,0,0.0,False,0.0,0,1,14400.38401,0.240006,1,0.000297,0.0,0.0,,1,0,0,0,False,0.0744,0.0344,0.0344,0.1675,0.0
100000001052789100,peripheral,0.73,18,0.0736,Получил 71 тыс ₸ от 1 плательщика; пороги ролей не достигнуты,1789,,,3,False,1,0,70975.0,0.0,1,0,0.0,False,0.0,0,1,526.505056,0.007418,1,0.000298,0.0,0.0,,1,0,0,0,False,0.073,0.0,0.0661,0.173,0.0
100000003097947100,peripheral,0.61,1,0.0736,4-е колено (обход оборван): 1 поступл. на 53 тыс ₸ от 1 плательщика; P(передаёт дальше)=0.38 — порогов ролей не достигает,1790,,обрыв_4_колена,4,False,1,0,52980.0,0.0,1,0,0.0,True,0.384062,0,1,47.882357,0.000904,0,0.00032,0.0,0.0,,1,0,0,0,False,0.061,0.0,0.0109,0.2709,0.0
100000004908173100,peripheral,0.67,2,0.0736,4-е колено (обход оборван): 1 поступл. на 21 тыс ₸ от 1 плательщика; P(передаёт дальше)=0.40 — порогов ролей не достигает,1791,,обрыв_4_колена,4,False,1,0,21000.0,0.0,1,0,0.0,True,0.396905,0,1,42.008999,0.002,0,0.000321,0.0,0.0,,1,0,0,0,False,0.067,0.0,0.0,0.2734,0.0
100000005079473100,peripheral,0.629,9,0.0736,4-е колено (обход оборван): 1 поступл. на 39 тыс ₸ от 1 плательщика; P(передаёт дальше)=0.39 — порогов ролей не достигает,1792,,обрыв_4_колена,4,False,1,0,39312.0,0.0,1,0,0.0,True,0.389067,0,1,17.713044,0.000451,0,0.000326,0.0,0.0,,1,0,0,0,False,0.0629,0.0,0.0,0.2816,0.0
100000008782056100,peripheral,0.807,12,0.0736,Получил 29 тыс ₸ от 1 плательщика; пороги ролей не достигнуты,1793,,,1,False,1,0,29082.0,0.0,1,0,0.0,False,0.0,1,1,29082.0,1.0,1,0.000292,0.0,0.0,,1,0,0,0,False,0.0807,0.1007,0.0,0.1117,0.0
100000002130400100,peripheral,0.718,38,0.0735,4-е колено (обход оборван): 1 поступл. на 10 тыс ₸ от 1 плательщика; P(передаёт дальше)=0.40 — порогов ролей не достигает,1794,,обрыв_4_колена,4,False,1,0,10000.0,0.0,1,0,0.0,True,0.404047,0,1,664.739884,0.066474,0,0.000318,0.0,0.0,,1,0,0,0,False,0.0718,0.0,0.0,0.2629,0.0
100000008724279100,peripheral,0.886,3,0.0732,Получил 12 тыс ₸ от 1 плательщика; пороги ролей не достигнуты,1795,,,1,False,1,0,11750.0,0.0,1,0,0.0,False,0.0,1,2,11750.0,1.0,1,0.000287,0.0,0.0,,1,0,0,0,False,0.0886,0.1547,0.0,0.0218,0.0
100000000954884100,peripheral,0.794,14,0.0725,Получил 34 тыс ₸ от 1 плательщика; пороги ролей не достигнуты,1796,,,3,False,1,0,34000.0,0.0,1,0,0.0,False,0.0,0,1,109.011582,0.003206,0,0.000312,0.0,0.0,,1,0,0,0,False,0.0794,0.0,0.0,0.2422,0.0
100000001379511100,peripheral,0.752,13,0.0725,Получил 55 тыс ₸ от 1 плательщика; пороги ролей не достигнуты,1797,,,3,False,1,0,55000.0,0.0,1,0,0.0,False,0.0,0,1,187.675182,0.003412,0,0.000307,0.0,0.0,,1,0,0,0,False,0.0752,0.0,0.018,0.2266,0.0
100000004206046100,peripheral,0.891,3,0.0718,Получил 11 тыс ₸ от 1 плательщика; пороги ролей не достигнуты,1798,,,1,False,1,0,11075.0,0.0,1,0,0.0,False,0.0,1,2,11075.0,1.0,1,0.000287,0.0,0.0,,1,0,0,0,False,0.0891,0.1491,0.0,0.0205,0.0
100000002793851100,peripheral,0.891,3,0.0717,Получил 11 тыс ₸ от 1 плательщика; пороги ролей не достигнуты,1799,,,1,False,1,0,11052.0,0.0,1,0,0.0,False,0.0,1,2,11052.0,1.0,1,0.000287,0.0,0.0,,1,0,0,0,False,0.0891,0.1489,0.0,0.0202,0.0
100000003036198100,peripheral,0.865,20,0.0717,Получил 15 тыс ₸ от 1 плательщика; пороги ролей не достигнуты,1800,,,2,False,1,0,15000.0,0.0,1,0,0.0,False,0.0,0,2,212.057624,0.014137,1,0.000288,0.0,0.0,,1,0,0,0,False,0.0865,0.1395,0.0,0.038,0.0
100000007754369100,peripheral,0.717,10,0.0716,Получил 82 тыс ₸ от 1 плательщика; пороги ролей не достигнуты,1801,,,3,False,1,0,82424.0,0.0,1,0,0.0,False,0.0,0,1,399.753153,0.00485,1,0.000293,0.0,0.0,,1,0,0,0,False,0.0717,0.0,0.0943,0.1268,0.0
100000008691495100,peripheral,0.814,12,0.0711,Получил 27 тыс ₸ от 1 плательщика; пороги ролей не достигнуты,1802,,,1,False,1,0,27000.0,0.0,1,0,0.0,False,0.0,1,1,27000.0,1.0,1,0.000291,0.0,0.0,,1,0,0,0,False,0.0814,0.0937,0.0,0.1054,0.0
100000008776420100,peripheral,0.732,19,0.0711,Получил 70 тыс ₸ от 1 плательщика; пороги ролей не достигнуты,1803,,,3,False,1,0,69500.0,0.0,1,0,0.0,False,0.0,0,1,46.183284,0.000665,1,0.000296,0.0,0.0,,1,0,0,0,False,0.0732,0.0,0.0622,0.1639,0.0
100000005189258100,peripheral,0.668,1,0.071,4-е колено (обход оборван): 1 поступл. на 50 тыс ₸ от 1 плательщика; P(передаёт дальше)=0.24 — порогов ролей не достигает,1804,,обрыв_4_колена,4,False,1,0,50000.0,0.0,1,0,0.0,True,0.241857,0,1,129.494462,0.00259,1,0.000316,0.0,0.0,,1,0,0,0,False,0.0668,0.0,0.0,0.2593,0.0
100000008770483100,peripheral,0.714,2,0.0709,4-е колено (обход оборван): 1 поступл. на 5 тыс ₸ от 1 плательщика; P(передаёт дальше)=0.41 — порогов ролей не достигает,1805,,обрыв_4_колена,4,False,1,0,5000.0,0.0,1,0,0.0,True,0.413459,0,2,1.568643,0.000314,0,0.000289,0.0,0.0,,1,0,0,0,False,0.0714,0.1395,0.0,0.0634,0.0
100000004850609100,peripheral,0.718,1,0.0708,4-е колено (обход оборван): 1 поступл. на 10 тыс ₸ от 1 плательщика; P(передаёт дальше)=0.41 — порогов ролей не достигает,1806,,обрыв_4_колена,4,False,1,0,10000.0,0.0,1,0,0.0,True,0.405065,0,1,1.695827,0.00017,0,0.000313,0.0,0.0,,1,0,0,0,False,0.0718,0.0,0.0,0.248,0.0
100000006522972100,peripheral,0.9,4,0.0708,Получил 10 тыс ₸ от 1 плательщика; пороги ролей не достигнуты,1807,,,3,False,1,0,9515.0,0.0,1,0,0.0,False,0.0,0,1,57.565771,0.00605,0,0.000303,0.0,0.0,,1,0,0,0,False,0.09,0.0,0.0,0.2115,0.0
100000003001138100,peripheral,0.646,22,0.0707,4-е колено (обход оборван): 1 поступл. на 30 тыс ₸ от 1 плательщика; P(передаёт дальше)=0.39 — порогов ролей не достигает,1808,,обрыв_4_колена,4,False,1,0,30000.0,0.0,1,0,0.0,True,0.393131,0,1,82.900225,0.002763,0,0.000317,0.0,0.0,,1,0,0,0,False,0.0646,0.0,0.0,0.2622,0.0
100000008774237100,peripheral,0.76,24,0.0704,"Получил 50 тыс ₸ от 1 плательщика, отдал 10 тыс ₸ 1 получ., пропуск 20%; пороги ролей не достигнуты",1809,,,2,False,1,1,50000.0,10000.0,1,1,0.2,False,1.0,0,1,759.525151,0.015191,1,0.00031,0.0,0.2,1.0,1,0,0,0,False,0.076,0.0,0.0,0.2373,0.0
100000007005380100,peripheral,0.9,4,0.0703,Получил 9 тыс ₸ от 1 плательщика; пороги ролей не достигнуты,1810,,,3,False,1,0,9400.0,0.0,1,0,0.0,False,0.0,0,1,56.87002,0.00605,0,0.000303,0.0,0.0,,1,0,0,0,False,0.09,0.0,0.0,0.2091,0.0
100000002214570100,peripheral,0.815,12,0.0702,Получил 26 тыс ₸ от 1 плательщика; пороги ролей не достигнуты,1811,,,1,False,1,0,26471.0,0.0,1,0,0.0,False,0.0,1,1,26471.0,1.0,1,0.000291,0.0,0.0,,1,0,0,0,False,0.0815,0.0919,0.0,0.1032,0.0
100000003134937100,peripheral,0.898,3,0.0702,Получил 10 тыс ₸ от 1 плательщика; пороги ролей не достигнуты,1812,,,1,False,1,0,10286.0,0.0,1,0,0.0,False,0.0,1,2,10286.0,1.0,1,0.000287,0.0,0.0,,1,0,0,0,False,0.0898,0.1421,0.0,0.0196,0.0
100000003078839100,peripheral,0.659,1,0.0701,4-е колено (обход оборван): 2 поступл. на 14 тыс ₸ от 1 плательщика; P(передаёт дальше)=0.49 — порогов ролей не достигает,1813,,обрыв_4_колена,4,False,1,0,14000.0,0.0,2,0,0.0,True,0.486613,0,1,68.570888,0.004898,0,0.000315,0.0,0.0,,1,0,0,0,False,0.0659,0.0,0.0,0.2562,0.0
100000008666075100,peripheral,0.816,12,0.0699,Получил 26 тыс ₸ от 1 плательщика; пороги ролей не достигнуты,1814,,,1,False,1,0,26217.0,0.0,1,0,0.0,False,0.0,1,1,26217.0,1.0,1,0.000291,0.0,0.0,,1,0,0,0,False,0.0816,0.091,0.0,0.1023,0.0
100000004783447100,peripheral,0.816,12,0.0698,Получил 26 тыс ₸ от 1 плательщика; пороги ролей не достигнуты,1815,,,1,False,1,0,26200.0,0.0,1,0,0.0,False,0.0,1,1,26200.0,1.0,1,0.000291,0.0,0.0,,1,0,0,0,False,0.0816,0.0909,0.0,0.1021,0.0
100000000425407100,peripheral,0.84,1,0.0697,Получил 20 тыс ₸ от 1 плательщика; пороги ролей не достигнуты,1816,,,2,False,1,0,20000.0,0.0,1,0,0.0,False,0.0,0,1,5608.73898,0.280437,0,0.000305,0.0,0.0,,1,0,0,0,False,0.084,0.0,0.0,0.2177,0.0
100000004107228100,peripheral,0.711,1,0.0697,4-е колено (обход оборван): 1 поступл. на 5 тыс ₸ от 1 плательщика; P(передаёт дальше)=0.42 — порогов ролей не достигает,1817,,обрыв_4_колена,4,False,1,0,5000.0,0.0,1,0,0.0,True,0.418999,0,2,9.886539,0.001977,1,0.000289,0.0,0.0,,1,0,0,0,False,0.0711,0.1395,0.0,0.0574,0.0
100000004218576100,peripheral,0.817,12,0.0697,Получил 26 тыс ₸ от 1 плательщика; пороги ролей не достигнуты,1818,,,1,False,1,0,26144.0,0.0,1,0,0.0,False,0.0,1,1,26144.0,1.0,1,0.000291,0.0,0.0,,1,0,0,0,False,0.0817,0.0907,0.0,0.1016,0.0
100000005092518100,peripheral,0.817,12,0.0697,Получил 26 тыс ₸ от 1 плательщика; пороги ролей не достигнуты,1819,,,1,False,1,0,26144.0,0.0,1,0,0.0,False,0.0,1,1,26144.0,1.0,1,0.000291,0.0,0.0,,1,0,0,0,False,0.0817,0.0907,0.0,0.1016,0.0
100000008703533100,peripheral,0.639,2,0.0697,4-е колено (обход оборван): 1 поступл. на 75 тыс ₸ от 1 плательщика; P(передаёт дальше)=0.24 — порогов ролей не достигает,1820,,обрыв_4_колена,4,False,1,0,75000.0,0.0,1,0,0.0,True,0.237883,0,1,0.634058,8e-06,1,0.000296,0.0,0.0,,1,0,0,0,False,0.0639,0.0,0.0765,0.1557,0.0
100000008773876100,peripheral,0.817,12,0.0696,Получил 26 тыс ₸ от 1 плательщика; пороги ролей не достигнуты,1821,,,1,False,1,0,26120.0,0.0,1,0,0.0,False,0.0,1,1,26120.0,1.0,1,0.000291,0.0,0.0,,1,0,0,0,False,0.0817,0.0906,0.0,0.1012,0.0
100000005228059100,peripheral,0.817,12,0.0695,Получил 26 тыс ₸ от 1 плательщика; пороги ролей не достигнуты,1822,,,1,False,1,0,26000.0,0.0,1,0,0.0,False,0.0,1,1,26000.0,1.0,1,0.000291,0.0,0.0,,1,0,0,0,False,0.0817,0.0902,0.0,0.101,0.0
100000002305477100,peripheral,0.673,28,0.0694,4-е колено (обход оборван): 1 поступл. на 20 тыс ₸ от 1 плательщика; P(передаёт дальше)=0.40 — порогов ролей не достигает,1823,,обрыв_4_колена,4,False,1,0,20000.0,0.0,1,0,0.0,True,0.397735,0,1,293.768717,0.014688,0,0.000313,0.0,0.0,,1,0,0,0,False,0.0673,0.0,0.0,0.2496,0.0
100000006177176100,peripheral,0.9,3,0.0694,Получил 9 тыс ₸ от 1 плательщика; пороги ролей не достигнуты,1824,,,1,False,1,0,8911.0,0.0,1,0,0.0,False,0.0,1,2,8911.0,1.0,1,0.000287,0.0,0.0,,1,0,0,0,False,0.09,0.1395,0.0,0.018,0.0
100000006658598100,peripheral,0.9,3,0.0694,Получил 9 тыс ₸ от 1 плательщика; пороги ролей не достигнуты,1825,,,1,False,1,0,9000.0,0.0,1,0,0.0,False,0.0,1,2,9000.0,1.0,1,0.000287,0.0,0.0,,1,0,0,0,False,0.09,0.1395,0.0,0.0182,0.0
100000007382152100,peripheral,0.9,14,0.0693,Получил 6 тыс ₸ от 1 плательщика; пороги ролей не достигнуты,1826,,,2,False,1,0,5860.0,0.0,1,0,0.0,False,0.0,0,2,228.47415,0.038989,1,0.000286,0.0,0.0,,1,0,0,0,False,0.09,0.1395,0.0,0.0173,0.0
100000004291560100,peripheral,0.765,1,0.0692,Получил 47 тыс ₸ от 1 плательщика; пороги ролей не достигнуты,1827,,,3,False,1,0,47190.0,0.0,1,0,0.0,False,0.0,0,2,39.943625,0.000846,1,0.000288,0.0,0.0,,1,0,0,0,False,0.0765,0.1395,0.0,0.044,0.0
100000008748795100,peripheral,0.765,1,0.0692,Получил 47 тыс ₸ от 1 плательщика; пороги ролей не достигнуты,1828,,,3,False,1,0,47057.0,0.0,1,0,0.0,False,0.0,0,2,39.831049,0.000846,1,0.000288,0.0,0.0,,1,0,0,0,False,0.0765,0.1395,0.0,0.0438,0.0
100000000703902100,peripheral,0.819,12,0.0689,Получил 25 тыс ₸ от 1 плательщика; пороги ролей не достигнуты,1829,,,1,False,1,0,25499.0,0.0,1,0,0.0,False,0.0,1,1,25499.0,1.0,1,0.000291,0.0,0.0,,1,0,0,0,False,0.0819,0.0883,0.0,0.0999,0.0
100000008331280100,peripheral,0.583,27,0.0689,4-е колено (обход оборван): 2 поступл. на 41 тыс ₸ от 1 плательщика; P(передаёт дальше)=0.50 — порогов ролей не достигает,1830,,обрыв_4_колена,4,False,1,0,41000.0,0.0,2,0,0.0,True,0.499967,0,1,13.231462,0.000323,0,0.000318,0.0,0.0,,1,0,0,0,False,0.0583,0.0,0.0,0.2649,0.0
100000008432942100,peripheral,0.77,1,0.0689,Получил 45 тыс ₸ от 1 плательщика; пороги ролей не достигнуты,1831,,,3,False,1,0,44542.0,0.0,2,0,0.0,False,0.0,0,2,37.702245,0.000846,1,0.000288,0.0,0.0,,1,0,0,0,False,0.077,0.1395,0.0,0.0411,0.0
100000004213658100,peripheral,0.819,12,0.0687,Получил 25 тыс ₸ от 1 плательщика; пороги ролей не достигнуты,1832,,,1,False,1,0,25347.0,0.0,1,0,0.0,False,0.0,1,1,25347.0,1.0,1,0.000291,0.0,0.0,,1,0,0,0,False,0.0819,0.0878,0.0,0.0992,0.0
100000008710913100,peripheral,0.76,2,0.0687,4-е колено (обход оборван): 1 поступл. на 14 тыс ₸ от 1 плательщика; P(передаёт дальше)=0.25 — порогов ролей не достигает,1833,,обрыв_4_колена,4,False,1,0,14000.0,0.0,1,0,0.0,True,0.254624,0,2,2.059506,0.000147,1,0.000288,0.0,0.0,,1,0,0,0,False,0.076,0.1395,0.0,0.042,0.0
100000005589319100,peripheral,0.716,1,0.0686,4-е колено (обход оборван): 1 поступл. на 26 тыс ₸ от 1 плательщика; P(передаёт дальше)=0.25 — порогов ролей не достигает,1834,,обрыв_4_колена,4,False,1,0,26000.0,0.0,1,0,0.0,True,0.247573,0,1,5.966916,0.000229,1,0.00031,0.0,0.0,,1,0,0,0,False,0.0716,0.0,0.0,0.2364,0.0
100000003581109100,peripheral,0.774,1,0.0685,Получил 43 тыс ₸ от 1 плательщика; пороги ролей не достигнуты,1835,,,3,False,1,0,42750.0,0.0,1,0,0.0,False,0.0,0,2,36.18542,0.000846,1,0.000288,0.0,0.0,,1,0,0,0,False,0.0774,0.1395,0.0,0.0385,0.0
100000003943247100,peripheral,0.78,1,0.0685,Получил 40 тыс ₸ от 1 плательщика; пороги ролей не достигнуты,1836,,,3,False,1,0,40000.0,0.0,1,0,0.0,False,0.0,0,2,33.857703,0.000846,1,0.000288,0.0,0.0,,1,0,0,0,False,0.078,0.1395,0.0,0.0369,0.0
100000006326645100,peripheral,0.819,12,0.0685,Получил 25 тыс ₸ от 1 плательщика; пороги ролей не достигнуты,1837,,,1,False,1,0,25264.0,0.0,1,0,0.0,False,0.0,1,1,25264.0,1.0,1,0.000291,0.0,0.0,,1,0,0,0,False,0.0819,0.0875,0.0,0.0985,0.0
100000004713684100,peripheral,0.785,1,0.0684,Получил 38 тыс ₸ от 1 плательщика; пороги ролей не достигнуты,1838,,,3,False,1,0,37500.0,0.0,1,0,0.0,False,0.0,0,2,31.741597,0.000846,1,0.000288,0.0,0.0,,1,0,0,0,False,0.0785,0.1395,0.0,0.0354,0.0
100000008173359100,peripheral,0.9,3,0.0684,Получил 6 тыс ₸ от 1 плательщика; пороги ролей не достигнуты,1839,,,1,False,1,0,6110.0,0.0,1,0,0.0,False,0.0,1,2,6110.0,1.0,1,0.000286,0.0,0.0,,1,0,0,0,False,0.09,0.1395,0.0,0.0127,0.0
100000008491390100,peripheral,0.789,1,0.0683,Получил 36 тыс ₸ от 1 плательщика; пороги ролей не достигнуты,1840,,,3,False,1,0,36000.0,0.0,1,0,0.0,False,0.0,0,2,30.471933,0.000846,1,0.000288,0.0,0.0,,1,0,0,0,False,0.0789,0.1395,0.0,0.034,0.0
100000001262647100,peripheral,0.825,3,0.0681,Получил 24 тыс ₸ от 1 плательщика; пороги ролей не достигнуты,1841,,,2,False,1,0,23650.0,0.0,1,0,0.0,False,0.0,0,1,4450.276195,0.188172,0,0.000303,0.0,0.0,,1,0,0,0,False,0.0825,0.0,0.0,0.212,0.0
100000005357034100,peripheral,0.9,1,0.0681,Получил 10 тыс ₸ от 1 плательщика; пороги ролей не достигнуты,1842,,,3,False,1,0,9754.0,0.0,1,0,0.0,False,0.0,0,2,8.256201,0.000846,1,0.000286,0.0,0.0,,1,0,0,0,False,0.09,0.1395,0.0,0.0109,0.0
100000008652094100,peripheral,0.791,1,0.0681,Получил 35 тыс ₸ от 1 плательщика; пороги ролей не достигнуты,1843,,,3,False,1,0,35000.0,0.0,1,0,0.0,False,0.0,0,2,29.62549,0.000846,1,0.000288,0.0,0.0,,1,0,0,0,False,0.0791,0.1395,0.0,0.0327,0.0
100000002891765100,peripheral,0.751,16,0.068,Получил 56 тыс ₸ от 1 плательщика; пороги ролей не достигнуты,1844,,,3,False,1,0,55576.0,0.0,1,0,0.0,False,0.0,0,1,61.44887,0.001106,1,0.000301,0.0,0.0,,1,0,0,0,False,0.0751,0.0,0.02,0.1995,0.0
100000003218308100,peripheral,0.89,1,0.068,Получил 11 тыс ₸ от 1 плательщика; пороги ролей не достигнуты,1845,,,3,False,1,0,11165.0,0.0,1,0,0.0,False,0.0,0,2,9.450531,0.000846,1,0.000286,0.0,0.0,,1,0,0,0,False,0.089,0.1395,0.0,0.0125,0.0
100000008712991100,peripheral,0.736,19,0.068,Получил 66 тыс ₸ от 1 плательщика; пороги ролей не достигнуты,1846,,,3,False,1,0,66100.0,0.0,1,0,0.0,False,0.0,0,1,43.923958,0.000665,1,0.000296,0.0,0.0,,1,0,0,0,False,0.0736,0.0,0.0527,0.159,0.0
100000001420847100,peripheral,0.84,18,0.0679,Получил 20 тыс ₸ от 1 плательщика; пороги ролей не достигнуты,1847,,,2,False,1,0,20000.0,0.0,2,0,0.0,False,0.0,0,1,1641.118881,0.082056,0,0.000303,0.0,0.0,,1,0,0,0,False,0.084,0.0,0.0,0.208,0.0
100000002597623100,peripheral,0.857,1,0.0678,Получил 16 тыс ₸ от 1 плательщика; пороги ролей не достигнуты,1848,,,3,False,1,0,16418.0,0.0,1,0,0.0,False,0.0,0,2,13.896894,0.000846,1,0.000286,0.0,0.0,,1,0,0,0,False,0.0857,0.1395,0.0,0.0176,0.0
100000002194329100,peripheral,0.82,1,0.0677,Получил 25 тыс ₸ от 1 плательщика; пороги ролей не достигнуты,1849,,,3,False,1,0,25170.0,0.0,1,0,0.0,False,0.0,0,2,21.30496,0.000846,1,0.000287,0.0,0.0,,1,0,0,0,False,0.082,0.1395,0.0,0.0247,0.0
100000003093299100,peripheral,0.865,1,0.0677,Получил 15 тыс ₸ от 1 плательщика; пороги ролей не достигнуты,1850,,,3,False,1,0,15000.0,0.0,1,0,0.0,False,0.0,0,2,12.696639,0.000846,1,0.000286,0.0,0.0,,1,0,0,0,False,0.0865,0.1395,0.0,0.0158,0.0
100000006919124100,peripheral,0.82,1,0.0677,Получил 25 тыс ₸ от 1 плательщика; пороги ролей не достигнуты,1851,,,3,False,1,0,25000.0,0.0,1,0,0.0,False,0.0,0,2,21.161065,0.000846,1,0.000287,0.0,0.0,,1,0,0,0,False,0.082,0.1395,0.0,0.0245,0.0
100000004611571100,peripheral,0.829,1,0.0675,Получил 23 тыс ₸ от 1 плательщика; пороги ролей не достигнуты,1852,,,3,False,1,0,22550.0,0.0,1,0,0.0,False,0.0,0,2,19.08728,0.000846,1,0.000287,0.0,0.0,,1,0,0,0,False,0.0829,0.1395,0.0,0.022,0.0
100000002858835100,peripheral,0.823,12,0.0674,Получил 24 тыс ₸ от 1 плательщика; пороги ролей не достигнуты,1853,,,1,False,1,0,24400.0,0.0,1,0,0.0,False,0.0,1,1,24400.0,1.0,1,0.000291,0.0,0.0,,1,0,0,0,False,0.0823,0.0842,0.0,0.0961,0.0
100000008259451100,peripheral,0.752,16,0.0674,Получил 55 тыс ₸ от 1 плательщика; пороги ролей не достигнуты,1854,,,3,False,1,0,55000.0,0.0,1,0,0.0,False,0.0,0,1,60.812003,0.001106,1,0.000301,0.0,0.0,,1,0,0,0,False,0.0752,0.0,0.018,0.1984,0.0
100000001870116100,peripheral,0.824,12,0.067,Получил 24 тыс ₸ от 1 плательщика; пороги ролей не достигнуты,1855,,,1,False,1,0,24000.0,0.0,1,0,0.0,False,0.0,1,1,24000.0,1.0,1,0.000291,0.0,0.0,,1,0,0,0,False,0.0824,0.0826,0.0,0.0956,0.0
100000002706810100,peripheral,0.677,32,0.067,4-е колено (обход оборван): 1 поступл. на 45 тыс ₸ от 1 плательщика; P(передаёт дальше)=0.24 — порогов ролей не достигает,1856,,обрыв_4_колена,4,False,1,0,45000.0,0.0,1,0,0.0,True,0.240884,0,1,2.177322,4.8e-05,1,0.00031,0.0,0.0,,1,0,0,0,False,0.0677,0.0,0.0,0.2353,0.0
100000001160401100,peripheral,0.765,1,0.0669,Получил 47 тыс ₸ от 1 плательщика; пороги ролей не достигнуты,1857,,,3,False,1,0,47190.0,0.0,2,0,0.0,False,0.0,0,1,36.942359,0.000783,1,0.000305,0.0,0.0,,1,0,0,0,False,0.0765,0.0,0.0,0.2171,0.0
100000004553349100,peripheral,0.9,4,0.0669,Получил 8 тыс ₸ от 1 плательщика; пороги ролей не достигнуты,1858,,,3,False,1,0,7755.0,0.0,1,0,0.0,False,0.0,0,1,46.917767,0.00605,0,0.0003,0.0,0.0,,1,0,0,0,False,0.09,0.0,0.0,0.1902,0.0
100000008680061100,peripheral,0.651,1,0.0668,4-е колено (обход оборван): 2 поступл. на 41 тыс ₸ от 1 плательщика; P(передаёт дальше)=0.32 — порогов ролей не достигает,1859,,обрыв_4_колена,4,False,1,0,41300.0,0.0,2,0,0.0,True,0.323619,0,1,106.962426,0.00259,1,0.000311,0.0,0.0,,1,0,0,0,False,0.0651,0.0,0.0,0.2393,0.0
100000008708368100,peripheral,0.825,12,0.0665,Получил 24 тыс ₸ от 1 плательщика; пороги ролей не достигнуты,1860,,,1,False,1,0,23677.0,0.0,1,0,0.0,False,0.0,1,1,23677.0,1.0,1,0.000291,0.0,0.0,,1,0,0,0,False,0.0825,0.0813,0.0,0.0945,0.0
100000008722328100,peripheral,0.825,12,0.0665,Получил 24 тыс ₸ от 1 плательщика; пороги ролей не достигнуты,1861,,,1,False,1,0,23677.0,0.0,1,0,0.0,False,0.0,1,1,23677.0,1.0,1,0.000291,0.0,0.0,,1,0,0,0,False,0.0825,0.0813,0.0,0.0945,0.0
100000008671026100,peripheral,0.826,12,0.0662,Получил 24 тыс ₸ от 1 плательщика; пороги ролей не достигнуты,1862,,,1,False,1,0,23534.0,0.0,1,0,0.0,False,0.0,1,1,23534.0,1.0,1,0.000291,0.0,0.0,,1,0,0,0,False,0.0826,0.0808,0.0,0.0934,0.0
100000008680451100,peripheral,0.826,12,0.0662,Получил 24 тыс ₸ от 1 плательщика; пороги ролей не достигнуты,1863,,,1,False,1,0,23534.0,0.0,1,0,0.0,False,0.0,1,1,23534.0,1.0,1,0.000291,0.0,0.0,,1,0,0,0,False,0.0826,0.0808,0.0,0.0934,0.0
100000008758106100,peripheral,0.785,2,0.0661,4-е колено (обход оборван): 1 поступл. на 10 тыс ₸ от 1 плательщика; P(передаёт дальше)=0.26 — порогов ролей не достигает,1864,,обрыв_4_колена,4,False,1,0,10000.0,0.0,1,0,0.0,True,0.25662,0,2,6.623695,0.000662,1,0.000287,0.0,0.0,,1,0,0,0,False,0.0785,0.1395,0.0,0.0229,0.0
100000008761132100,peripheral,0.785,2,0.0661,4-е колено (обход оборван): 1 поступл. на 10 тыс ₸ от 1 плательщика; P(передаёт дальше)=0.26 — порогов ролей не достигает,1865,,обрыв_4_колена,4,False,1,0,10000.0,0.0,1,0,0.0,True,0.256459,0,2,6.623695,0.000662,1,0.000287,0.0,0.0,,1,0,0,0,False,0.0785,0.1395,0.0,0.0229,0.0
100000008761220100,peripheral,0.785,2,0.0661,4-е колено (обход оборван): 1 поступл. на 10 тыс ₸ от 1 плательщика; P(передаёт дальше)=0.26 — порогов ролей не достигает,1866,,обрыв_4_колена,4,False,1,0,10000.0,0.0,1,0,0.0,True,0.256459,0,2,6.623695,0.000662,1,0.000287,0.0,0.0,,1,0,0,0,False,0.0785,0.1395,0.0,0.0229,0.0
100000006111442100,peripheral,0.739,2,0.066,Получил 64 тыс ₸ от 1 плательщика; пороги ролей не достигнуты,1867,,,3,False,1,0,64000.0,0.0,1,0,0.0,False,0.0,0,1,200.759535,0.003137,1,0.000296,0.0,0.0,,1,0,0,0,False,0.0739,0.0,0.0466,0.1555,0.0
100000001279875100,peripheral,0.762,11,0.0657,Получил 49 тыс ₸ от 1 плательщика; пороги ролей не достигнуты,1868,,,2,False,1,0,49235.0,0.0,1,0,0.0,False,0.0,0,1,717.074689,0.014564,0,0.000303,0.0,0.0,,1,0,0,0,False,0.0762,0.0,0.0,0.2113,0.0
100000005008589100,peripheral,0.774,1,0.0657,Получил 43 тыс ₸ от 1 плательщика; пороги ролей не достигнуты,1869,,,3,False,1,0,42806.68,0.0,1,0,0.0,False,0.0,0,1,33.510907,0.000783,1,0.000303,0.0,0.0,,1,0,0,0,False,0.0774,0.0,0.0,0.2089,0.0
100000008151098100,peripheral,0.647,27,0.0656,4-е колено (обход оборван): 1 поступл. на 30 тыс ₸ от 1 плательщика; P(передаёт дальше)=0.39 — порогов ролей не достигает,1870,,обрыв_4_колена,4,False,1,0,30000.0,0.0,1,0,0.0,True,0.392325,0,1,9.681558,0.000323,0,0.000309,0.0,0.0,,1,0,0,0,False,0.0647,0.0,0.0,0.2338,0.0
100000008008463100,peripheral,0.753,8,0.0655,Получил 54 тыс ₸ от 1 плательщика; пороги ролей не достигнуты,1871,,,2,False,1,0,54180.0,0.0,1,0,0.0,False,0.0,0,1,13003.546761,0.240006,1,0.000296,0.0,0.0,,1,0,0,0,False,0.0753,0.0248,0.0152,0.1588,0.0
100000008769636100,peripheral,0.827,12,0.0654,Получил 23 тыс ₸ от 1 плательщика; пороги ролей не достигнуты,1872,,,1,False,1,0,23118.0,0.0,1,0,0.0,False,0.0,1,1,23118.0,1.0,1,0.00029,0.0,0.0,,1,0,0,0,False,0.0827,0.0791,0.0,0.0912,0.0
100000006573438100,peripheral,0.9,20,0.0653,Получил 5 тыс ₸ от 1 плательщика; пороги ролей не достигнуты,1873,,,3,False,1,0,5000.0,0.0,1,0,0.0,False,0.0,0,1,102.567128,0.020513,0,0.000299,0.0,0.0,,1,0,0,0,False,0.09,0.0,0.0,0.1813,0.0
100000008690932100,peripheral,0.828,12,0.0653,Получил 23 тыс ₸ от 1 плательщика; пороги ролей не достигнуты,1874,,,1,False,1,0,23000.0,0.0,1,0,0.0,False,0.0,1,1,23000.0,1.0,1,0.00029,0.0,0.0,,1,0,0,0,False,0.0828,0.0786,0.0,0.091,0.0
100000002304943100,peripheral,0.69,28,0.0652,4-е колено (обход оборван): 1 поступл. на 15 тыс ₸ от 1 плательщика; P(передаёт дальше)=0.40 — порогов ролей не достигает,1875,,обрыв_4_колена,4,False,1,0,15000.0,0.0,1,0,0.0,True,0.403679,0,1,220.326538,0.014688,0,0.000306,0.0,0.0,,1,0,0,0,False,0.069,0.0,0.0,0.2229,0.0
100000002324543100,peripheral,0.804,6,0.065,Получил 30 тыс ₸ от 1 плательщика; пороги ролей не достигнуты,1876,,,1,False,1,0,30202.0,0.0,1,0,0.0,False,0.0,1,1,30202.0,1.0,1,0.000289,0.0,0.0,,1,0,0,0,False,0.0804,0.1043,0.0,0.0601,0.0
100000002489253100,peripheral,0.758,3,0.065,Получил 51 тыс ₸ от 1 плательщика; пороги ролей не достигнуты,1877,,,2,False,1,0,51000.0,0.0,1,0,0.0,False,0.0,0,1,1441.552541,0.028266,0,0.000302,0.0,0.0,,1,0,0,0,False,0.0758,0.0,0.0037,0.2031,0.0
100000008766031100,peripheral,0.782,2,0.065,4-е колено (обход оборван): 1 поступл. на 5 тыс ₸ от 1 плательщика; P(передаёт дальше)=0.26 — порогов ролей не достигает,1878,,обрыв_4_колена,4,False,1,0,5000.0,0.0,1,0,0.0,True,0.263136,0,2,0.735538,0.000147,1,0.000286,0.0,0.0,,1,0,0,0,False,0.0782,0.1395,0.0,0.0171,0.0
100000005621418100,peripheral,0.646,27,0.0648,4-е колено (обход оборван): 1 поступл. на 30 тыс ₸ от 1 плательщика; P(передаёт дальше)=0.39 — порогов ролей не достигает,1879,,обрыв_4_колена,4,False,1,0,30000.0,0.0,1,0,0.0,True,0.394743,0,1,9.681558,0.000323,0,0.000308,0.0,0.0,,1,0,0,0,False,0.0646,0.0,0.0,0.2293,0.0
100000008772058100,peripheral,0.76,12,0.0648,Получил 50 тыс ₸ от 1 плательщика; пороги ролей не достигнуты,1880,,,2,False,1,0,50000.0,0.0,1,0,0.0,False,0.0,0,1,859.250518,0.017185,1,0.000303,0.0,0.0,,1,0,0,0,False,0.076,0.0,0.0,0.2066,0.0
100000006918814100,peripheral,0.711,1,0.0646,4-е колено (обход оборван): 2 поступл. на 20 тыс ₸ от 1 плательщика; P(передаёт дальше)=0.31 — порогов ролей не достигает,1881,,обрыв_4_колена,4,False,1,0,20000.0,0.0,2,0,0.0,True,0.30718,0,1,4.589935,0.000229,1,0.000304,0.0,0.0,,1,0,0,0,False,0.0711,0.0,0.0,0.2151,0.0
100000008557672100,peripheral,0.762,12,0.0646,Получил 49 тыс ₸ от 1 плательщика; пороги ролей не достигнуты,1882,,,2,False,1,0,49125.0,0.0,1,0,0.0,False,0.0,0,1,844.213634,0.017185,1,0.000302,0.0,0.0,,1,0,0,0,False,0.0762,0.0,0.0,0.2048,0.0
100000008758607100,peripheral,0.782,2,0.0642,4-е колено (обход оборван): 1 поступл. на 5 тыс ₸ от 1 плательщика; P(передаёт дальше)=0.26 — порогов ролей не достигает,1883,,обрыв_4_колена,4,False,1,0,5000.0,0.0,1,0,0.0,True,0.263299,0,2,3.311847,0.000662,1,0.000286,0.0,0.0,,1,0,0,0,False,0.0782,0.1395,0.0,0.0129,0.0
100000008766764100,peripheral,0.782,2,0.0642,4-е колено (обход оборван): 1 поступл. на 5 тыс ₸ от 1 плательщика; P(передаёт дальше)=0.26 — порогов ролей не достигает,1884,,обрыв_4_колена,4,False,1,0,5000.0,0.0,1,0,0.0,True,0.263299,0,2,3.311847,0.000662,1,0.000286,0.0,0.0,,1,0,0,0,False,0.0782,0.1395,0.0,0.0129,0.0
100000008775747100,peripheral,0.782,2,0.0642,4-е колено (обход оборван): 1 поступл. на 5 тыс ₸ от 1 плательщика; P(передаёт дальше)=0.26 — порогов ролей не достигает,1885,,обрыв_4_колена,4,False,1,0,5000.0,0.0,1,0,0.0,True,0.262808,0,2,3.311847,0.000662,1,0.000286,0.0,0.0,,1,0,0,0,False,0.0782,0.1395,0.0,0.0129,0.0
100000001818442100,peripheral,0.775,15,0.0641,Получил 42 тыс ₸ от 1 плательщика; пороги ролей не достигнуты,1886,,,3,False,1,0,42215.0,0.0,1,0,0.0,False,0.0,0,1,325.736146,0.007716,1,0.000301,0.0,0.0,,1,0,0,0,False,0.0775,0.0,0.0,0.1997,0.0
100000008746025100,peripheral,0.832,12,0.0639,Получил 22 тыс ₸ от 1 плательщика; пороги ролей не достигнуты,1887,,,1,False,1,0,22000.0,0.0,1,0,0.0,False,0.0,1,1,22000.0,1.0,1,0.00029,0.0,0.0,,1,0,0,0,False,0.0832,0.0744,0.0,0.0881,0.0
100000001380986100,peripheral,0.731,6,0.0633,Получил 70 тыс ₸ от 1 плательщика; пороги ролей не достигнуты,1888,,,2,False,1,0,70170.0,0.0,1,0,0.0,False,0.0,0,1,8004.178835,0.114068,1,0.000292,0.0,0.0,,1,0,0,0,False,0.0731,0.0,0.064,0.119,0.0
100000004979283100,peripheral,0.779,15,0.0632,Получил 40 тыс ₸ от 1 плательщика; пороги ролей не достигнуты,1889,,,3,False,1,0,40132.0,0.0,1,0,0.0,False,0.0,0,1,309.663461,0.007716,1,0.000301,0.0,0.0,,1,0,0,0,False,0.0779,0.0,0.0,0.1937,0.0
100000008691330100,peripheral,0.834,12,0.0631,Получил 21 тыс ₸ от 1 плательщика; пороги ролей не достигнуты,1890,,,1,False,1,0,21440.0,0.0,1,0,0.0,False,0.0,1,1,21440.0,1.0,1,0.00029,0.0,0.0,,1,0,0,0,False,0.0834,0.072,0.0,0.0865,0.0
100000008688881100,peripheral,0.771,12,0.063,Получил 44 тыс ₸ от 1 плательщика; пороги ролей не достигнуты,1891,,,2,False,1,0,44211.0,0.0,1,0,0.0,False,0.0,0,1,759.766493,0.017185,1,0.000301,0.0,0.0,,1,0,0,0,False,0.0771,0.0,0.0,0.1942,0.0
100000008715513100,peripheral,0.7,32,0.063,4-е колено (обход оборван): 1 поступл. на 32 тыс ₸ от 1 плательщика; P(передаёт дальше)=0.24 — порогов ролей не достигает,1892,,обрыв_4_колена,4,False,1,0,32500.0,0.0,1,0,0.0,True,0.243786,0,1,1.572511,4.8e-05,1,0.000303,0.0,0.0,,1,0,0,0,False,0.07,0.0,0.0,0.2086,0.0
100000002371892100,peripheral,0.622,3,0.0629,4-е колено (обход оборван): 1 поступл. на 44 тыс ₸ от 1 плательщика; P(передаёт дальше)=0.39 — порогов ролей не достигает,1893,,обрыв_4_колена,4,False,1,0,43830.0,0.0,1,0,0.0,True,0.387076,0,1,62.086837,0.001417,0,0.000307,0.0,0.0,,1,0,0,0,False,0.0622,0.0,0.0,0.2235,0.0
100000002603478100,peripheral,0.826,17,0.0628,Получил 24 тыс ₸ от 1 плательщика; пороги ролей не достигнуты,1894,,,1,False,1,0,23500.0,0.0,1,0,0.0,False,0.0,1,1,23500.0,1.0,1,0.000289,0.0,0.0,,1,0,0,0,False,0.0826,0.0806,0.0,0.0747,0.0
100000003044518100,peripheral,0.793,6,0.0627,Получил 34 тыс ₸ от 1 плательщика; пороги ролей не достигнуты,1895,,,1,False,1,0,34423.0,0.0,1,0,0.0,False,0.0,1,1,34423.0,1.0,1,0.000288,0.0,0.0,,1,0,0,0,False,0.0793,0.1167,0.0,0.0329,0.0
100000002621434100,peripheral,0.718,2,0.0625,Получил 81 тыс ₸ от 1 плательщика; пороги ролей не достигнуты,1896,,,3,False,1,0,81000.0,0.0,1,0,0.0,False,0.0,0,1,102.120077,0.001261,1,0.00029,0.0,0.0,,1,0,0,0,False,0.0718,0.0,0.0911,0.0807,0.0
100000002670463100,peripheral,0.702,32,0.0625,4-е колено (обход оборван): 1 поступл. на 32 тыс ₸ от 1 плательщика; P(передаёт дальше)=0.25 — порогов ролей не достигает,1897,,обрыв_4_колена,4,False,1,0,31500.0,0.0,1,0,0.0,True,0.245031,0,1,1.524126,4.8e-05,1,0.000302,0.0,0.0,,1,0,0,0,False,0.0702,0.0,0.0,0.2053,0.0
100000002809896100,peripheral,0.784,15,0.0624,Получил 38 тыс ₸ от 1 плательщика; пороги ролей не достигнуты,1898,,,3,False,1,0,38000.0,0.0,1,0,0.0,False,0.0,0,1,293.212686,0.007716,1,0.0003,0.0,0.0,,1,0,0,0,False,0.0784,0.0,0.0,0.1884,0.0
100000003119550100,peripheral,0.836,12,0.0623,Получил 21 тыс ₸ от 1 плательщика; пороги ролей не достигнуты,1899,,,1,False,1,0,21000.0,0.0,1,0,0.0,False,0.0,1,1,21000.0,1.0,1,0.00029,0.0,0.0,,1,0,0,0,False,0.0836,0.07,0.0,0.0843,0.0
100000008695495100,peripheral,0.836,12,0.0623,Получил 21 тыс ₸ от 1 плательщика; пороги ролей не достигнуты,1900,,,1,False,1,0,21000.0,0.0,1,0,0.0,False,0.0,1,1,21000.0,1.0,1,0.00029,0.0,0.0,,1,0,0,0,False,0.0836,0.07,0.0,0.0843,0.0
100000000307908100,peripheral,0.9,31,0.0622,Получил 5 тыс ₸ от 1 плательщика; пороги ролей не достигнуты,1901,,,2,False,1,0,5000.0,0.0,1,0,0.0,False,0.0,0,1,1449.263856,0.289853,0,0.000296,0.0,0.0,,1,0,0,0,False,0.09,0.0,0.0,0.1644,0.0
100000002243354100,peripheral,0.836,12,0.0621,Получил 21 тыс ₸ от 1 плательщика; пороги ролей не достигнуты,1902,,,1,False,1,0,20879.0,0.0,1,0,0.0,False,0.0,1,1,20879.0,1.0,1,0.00029,0.0,0.0,,1,0,0,0,False,0.0836,0.0695,0.0,0.0839,0.0
100000000581662100,peripheral,0.669,11,0.0618,4-е колено (обход оборван): 1 поступл. на 21 тыс ₸ от 1 плательщика; P(передаёт дальше)=0.40 — порогов ролей не достигает,1903,,обрыв_4_колена,4,False,1,0,21160.0,0.0,1,0,0.0,True,0.397414,0,1,6.78695,0.000321,0,0.000303,0.0,0.0,,1,0,0,0,False,0.0669,0.0,0.0,0.2084,0.0
100000004674178100,peripheral,0.672,30,0.0618,4-е колено (обход оборван): 1 поступл. на 20 тыс ₸ от 1 плательщика; P(передаёт дальше)=0.40 — порогов ролей не достигает,1904,,обрыв_4_колена,4,False,1,0,20000.0,0.0,1,0,0.0,True,0.399963,0,1,10.317437,0.000516,0,0.000303,0.0,0.0,,1,0,0,0,False,0.0672,0.0,0.0,0.2075,0.0
100000002982252100,peripheral,0.838,12,0.0614,Получил 20 тыс ₸ от 1 плательщика; пороги ролей не достигнуты,1905,,,1,False,1,0,20320.0,0.0,1,0,0.0,False,0.0,1,1,20320.0,1.0,1,0.00029,0.0,0.0,,1,0,0,0,False,0.0838,0.0669,0.0,0.0827,0.0
100000001954903100,peripheral,0.813,15,0.0613,Получил 27 тыс ₸ от 1 плательщика; пороги ролей не достигнуты,1906,,,2,False,1,0,27118.0,0.0,1,0,0.0,False,0.0,0,1,632.243132,0.023315,1,0.000298,0.0,0.0,,1,0,0,0,False,0.0813,0.0,0.0,0.1768,0.0
100000005328215100,peripheral,0.814,15,0.0613,Получил 27 тыс ₸ от 1 плательщика; пороги ролей не достигнуты,1907,,,2,False,1,0,27000.0,0.0,1,0,0.0,False,0.0,0,1,629.492019,0.023315,1,0.000298,0.0,0.0,,1,0,0,0,False,0.0814,0.0,0.0,0.1762,0.0
100000008745643100,peripheral,0.838,12,0.0613,Получил 20 тыс ₸ от 1 плательщика; пороги ролей не достигнуты,1908,,,1,False,1,0,20313.0,0.0,1,0,0.0,False,0.0,1,1,20313.0,1.0,1,0.00029,0.0,0.0,,1,0,0,0,False,0.0838,0.0669,0.0,0.0825,0.0
100000008755754100,peripheral,0.9,11,0.0613,Получил 7 тыс ₸ от 1 плательщика; пороги ролей не достигнуты,1909,,,3,False,1,0,7000.0,0.0,1,0,0.0,False,0.0,0,1,73.678719,0.010526,0,0.000296,0.0,0.0,,1,0,0,0,False,0.09,0.0,0.0,0.1593,0.0
100000000424935100,peripheral,0.69,22,0.0612,4-е колено (обход оборван): 1 поступл. на 15 тыс ₸ от 1 плательщика; P(передаёт дальше)=0.40 — порогов ролей не достигает,1910,,обрыв_4_колена,4,False,1,0,15000.0,0.0,1,0,0.0,True,0.404086,0,1,41.450112,0.002763,0,0.000301,0.0,0.0,,1,0,0,0,False,0.069,0.0,0.0,0.2006,0.0
100000001418900100,peripheral,0.779,12,0.0612,Получил 40 тыс ₸ от 1 плательщика; пороги ролей не достигнуты,1911,,,2,False,1,0,40140.0,0.0,2,0,0.0,False,0.0,0,1,689.806316,0.017185,1,0.000299,0.0,0.0,,1,0,0,0,False,0.0779,0.0,0.0,0.1826,0.0
100000002558173100,peripheral,0.9,8,0.0612,Получил 9 тыс ₸ от 1 плательщика; пороги ролей не достигнуты,1912,,,2,False,1,0,9300.0,0.0,1,0,0.0,False,0.0,0,1,1384.803443,0.148904,0,0.000296,0.0,0.0,,1,0,0,0,False,0.09,0.0,0.0,0.1586,0.0
100000008629504100,peripheral,0.673,10,0.0611,4-е колено (обход оборван): 1 поступл. на 20 тыс ₸ от 1 плательщика; P(передаёт дальше)=0.40 — порогов ролей не достигает,1913,,обрыв_4_колена,4,False,1,0,20000.0,0.0,1,0,0.0,True,0.39814,0,1,4.89895,0.000245,0,0.000302,0.0,0.0,,1,0,0,0,False,0.0673,0.0,0.0,0.2035,0.0
100000004584730100,peripheral,0.618,34,0.061,4-е колено (обход оборван): 1 поступл. на 47 тыс ₸ от 1 плательщика; P(передаёт дальше)=0.38 — порогов ролей не достигает,1914,,обрыв_4_колена,4,False,1,0,47000.0,0.0,1,0,0.0,True,0.384786,0,1,6.907498,0.000147,0,0.000304,0.0,0.0,,1,0,0,0,False,0.0618,0.0,0.0,0.214,0.0
100000002289937100,peripheral,0.84,12,0.0608,Получил 20 тыс ₸ от 1 плательщика; пороги ролей не достигнуты,1915,,,1,False,1,0,20000.0,0.0,1,0,0.0,False,0.0,1,1,20000.0,1.0,1,0.00029,0.0,0.0,,1,0,0,0,False,0.084,0.0654,0.0,0.0812,0.0
100000008693069100,peripheral,0.84,12,0.0608,Получил 20 тыс ₸ от 1 плательщика; пороги ролей не достигнуты,1916,,,1,False,1,0,20000.0,0.0,1,0,0.0,False,0.0,1,1,20000.0,1.0,1,0.00029,0.0,0.0,,1,0,0,0,False,0.084,0.0654,0.0,0.0812,0.0
100000001597424100,peripheral,0.764,16,0.0606,Получил 48 тыс ₸ от 1 плательщика; пороги ролей не достигнуты,1917,,,3,False,1,0,48100.0,0.0,1,0,0.0,False,0.0,0,1,53.182861,0.001106,1,0.000299,0.0,0.0,,1,0,0,0,False,0.0764,0.0,0.0,0.1824,0.0
100000002862113100,peripheral,0.765,16,0.0603,Получил 47 тыс ₸ от 1 плательщика; пороги ролей не достигнуты,1918,,,3,False,1,0,47405.0,0.0,2,0,0.0,False,0.0,0,1,52.414418,0.001106,1,0.000299,0.0,0.0,,1,0,0,0,False,0.0765,0.0,0.0,0.1806,0.0
100000004041294100,peripheral,0.677,30,0.0601,4-е колено (обход оборван): 2 поступл. на 18 тыс ₸ от 1 плательщика; P(передаёт дальше)=0.41 — порогов ролей не достигает,1919,,обрыв_4_колена,4,False,1,0,17800.0,0.0,2,0,0.0,True,0.407141,0,1,9.182519,0.000516,0,0.000301,0.0,0.0,,1,0,0,0,False,0.0677,0.0,0.0,0.1971,0.0
100000005237935150,peripheral,0.792,11,0.0601,Получил 35 тыс ₸ от 1 плательщика; пороги ролей не достигнуты,1920,,,2,False,1,0,34508.0,0.0,1,0,0.0,False,0.0,0,1,502.58583,0.014564,0,0.000298,0.0,0.0,,1,0,0,0,False,0.0792,0.0,0.0,0.1744,0.0
100000001549194100,peripheral,0.767,16,0.06,Получил 46 тыс ₸ от 1 плательщика; пороги ролей не достигнуты,1921,,,3,False,1,0,46500.0,0.0,1,0,0.0,False,0.0,0,1,51.413784,0.001106,1,0.000299,0.0,0.0,,1,0,0,0,False,0.0767,0.0,0.0,0.1786,0.0
100000002838519100,peripheral,0.766,16,0.06,Получил 47 тыс ₸ от 1 плательщика; пороги ролей не достигнуты,1922,,,3,False,1,0,46900.0,0.0,1,0,0.0,False,0.0,0,1,51.856053,0.001106,1,0.000299,0.0,0.0,,1,0,0,0,False,0.0766,0.0,0.0,0.179,0.0
100000001273783100,peripheral,0.827,15,0.0598,Получил 23 тыс ₸ от 1 плательщика; пороги ролей не достигнуты,1923,,,2,False,1,0,23200.0,0.0,1,0,0.0,False,0.0,0,1,540.896846,0.023315,1,0.000297,0.0,0.0,,1,0,0,0,False,0.0827,0.0,0.0,0.1653,0.0
100000005059998100,peripheral,0.849,1,0.0595,Получил 18 тыс ₸ от 1 плательщика; пороги ролей не достигнуты,1924,,,2,False,1,0,18000.0,0.0,1,0,0.0,False,0.0,0,1,423.031727,0.023502,1,0.000296,0.0,0.0,,1,0,0,0,False,0.0849,0.0,0.0,0.1595,0.0
100000002227960100,peripheral,0.716,28,0.0594,4-е колено (обход оборван): 1 поступл. на 10 тыс ₸ от 1 плательщика; P(передаёт дальше)=0.41 — порогов ролей не достигает,1925,,обрыв_4_колена,4,False,1,0,10000.0,0.0,1,0,0.0,True,0.408733,0,1,146.884359,0.014688,0,0.000299,0.0,0.0,,1,0,0,0,False,0.0716,0.0,0.0,0.1853,0.0
100000002794197100,peripheral,0.804,6,0.0594,Получил 30 тыс ₸ от 1 плательщика; пороги ролей не достигнуты,1926,,,1,False,1,0,30100.0,0.0,1,0,0.0,False,0.0,1,1,30100.0,1.0,1,0.000287,0.0,0.0,,1,0,0,0,False,0.0804,0.104,0.0,0.0291,0.0
100000003105089100,peripheral,0.718,28,0.0594,4-е колено (обход оборван): 1 поступл. на 10 тыс ₸ от 1 плательщика; P(передаёт дальше)=0.41 — порогов ролей не достигает,1927,,обрыв_4_колена,4,False,1,0,10000.0,0.0,1,0,0.0,True,0.405065,0,1,146.884359,0.014688,0,0.000299,0.0,0.0,,1,0,0,0,False,0.0718,0.0,0.0,0.1853,0.0
100000008734279100,peripheral,0.644,9,0.0594,4-е колено (обход оборван): 1 поступл. на 32 тыс ₸ от 1 плательщика; P(передаёт дальше)=0.39 — порогов ролей не достигает,1928,,обрыв_4_колена,4,False,1,0,31650.0,0.0,1,0,0.0,True,0.390835,0,1,8.16688,0.000258,0,0.000301,0.0,0.0,,1,0,0,0,False,0.0644,0.0,0.0,0.2002,0.0
100000004984689100,peripheral,0.755,1,0.0593,Получил 53 тыс ₸ от 1 плательщика; пороги ролей не достигнуты,1929,,,3,False,1,0,53030.0,0.0,1,0,0.0,False,0.0,0,1,352.729242,0.006652,1,0.000296,0.0,0.0,,1,0,0,0,False,0.0755,0.0,0.0111,0.1626,0.0
100000003187359100,peripheral,0.844,12,0.059,Получил 19 тыс ₸ от 1 плательщика; пороги ролей не достигнуты,1930,,,1,False,1,0,19072.0,0.0,1,0,0.0,False,0.0,1,1,19072.0,1.0,1,0.00029,0.0,0.0,,1,0,0,0,False,0.0844,0.0609,0.0,0.0765,0.0
100000001250022100,peripheral,0.76,8,0.0589,Получил 50 тыс ₸ от 1 плательщика; пороги ролей не достигнуты,1931,,,2,False,1,0,50000.0,0.0,1,0,0.0,False,0.0,0,1,12000.320009,0.240006,1,0.000295,0.0,0.0,,1,0,0,0,False,0.076,0.0172,0.0,0.1512,0.0
100000002748581100,peripheral,0.777,16,0.0588,Получил 41 тыс ₸ от 1 плательщика; пороги ролей не достигнуты,1932,,,3,False,1,0,41180.0,0.0,1,0,0.0,False,0.0,0,1,45.531605,0.001106,1,0.000297,0.0,0.0,,1,0,0,0,False,0.0777,0.0,0.0,0.1699,0.0
100000004856746100,peripheral,0.674,22,0.0588,4-е колено (обход оборван): 1 поступл. на 20 тыс ₸ от 1 плательщика; P(передаёт дальше)=0.40 — порогов ролей не достигает,1933,,обрыв_4_колена,4,False,1,0,20000.0,0.0,1,0,0.0,True,0.395109,0,1,214.542426,0.010727,0,0.0003,0.0,0.0,,1,0,0,0,False,0.0674,0.0,0.0,0.1906,0.0
100000005370558100,peripheral,0.712,1,0.0588,4-е колено (обход оборван): 1 поступл. на 5 тыс ₸ от 1 плательщика; P(передаёт дальше)=0.42 — порогов ролей не достигает,1934,,обрыв_4_колена,4,False,1,0,5000.0,0.0,1,0,0.0,True,0.417561,0,1,0.847914,0.00017,0,0.000299,0.0,0.0,,1,0,0,0,False,0.0712,0.0,0.0,0.1831,0.0
100000008679986100,peripheral,0.844,12,0.0588,Получил 19 тыс ₸ от 1 плательщика; пороги ролей не достигнуты,1935,,,1,False,1,0,19000.0,0.0,1,0,0.0,False,0.0,1,1,19000.0,1.0,1,0.00029,0.0,0.0,,1,0,0,0,False,0.0844,0.0606,0.0,0.0758,0.0
100000008749063100,peripheral,0.844,12,0.0588,Получил 19 тыс ₸ от 1 плательщика; пороги ролей не достигнуты,1936,,,1,False,1,0,19000.0,0.0,1,0,0.0,False,0.0,1,1,19000.0,1.0,1,0.00029,0.0,0.0,,1,0,0,0,False,0.0844,0.0606,0.0,0.0758,0.0
100000005362848100,peripheral,0.808,15,0.0587,Получил 29 тыс ₸ от 1 плательщика; пороги ролей не достигнуты,1937,,,3,False,1,0,29000.0,0.0,1,0,0.0,False,0.0,0,1,223.767576,0.007716,1,0.000296,0.0,0.0,,1,0,0,0,False,0.0808,0.0,0.0,0.1635,0.0
100000002951898100,peripheral,0.78,16,0.0584,Получил 40 тыс ₸ от 1 плательщика; пороги ролей не достигнуты,1938,,,3,False,1,0,39990.0,0.0,1,0,0.0,False,0.0,0,1,44.215855,0.001106,1,0.000297,0.0,0.0,,1,0,0,0,False,0.078,0.0,0.0,0.167,0.0
100000002305007100,peripheral,0.75,19,0.0583,Получил 56 тыс ₸ от 1 плательщика; пороги ролей не достигнуты,1939,,,3,False,1,0,56000.0,0.0,1,0,0.0,False,0.0,0,1,37.21243,0.000665,1,0.000294,0.0,0.0,,1,0,0,0,False,0.075,0.0,0.0214,0.1439,0.0
100000004099450100,peripheral,0.802,14,0.0582,Получил 31 тыс ₸ от 1 плательщика; пороги ролей не достигнуты,1940,,,3,False,1,0,31000.0,0.0,1,0,0.0,False,0.0,0,1,455.794032,0.014703,0,0.000296,0.0,0.0,,1,0,0,0,False,0.0802,0.0,0.0,0.1615,0.0
100000007982908100,peripheral,0.802,12,0.058,Получил 31 тыс ₸ от 1 плательщика; пороги ролей не достигнуты,1941,,,2,False,1,0,31080.0,0.0,1,0,0.0,False,0.0,0,1,534.110122,0.017185,1,0.000296,0.0,0.0,,1,0,0,0,False,0.0802,0.0,0.0,0.1608,0.0
100000001297206100,peripheral,0.715,10,0.0579,4-е колено (обход оборван): 1 поступл. на 7 тыс ₸ от 1 плательщика; P(передаёт дальше)=0.41 — порогов ролей не достигает,1942,,обрыв_4_колена,4,False,1,0,6758.0,0.0,1,0,0.0,True,0.412195,0,1,32.776034,0.00485,0,0.000299,0.0,0.0,,1,0,0,0,False,0.0715,0.0,0.0,0.1773,0.0
100000008066326100,peripheral,0.843,1,0.0579,Получил 19 тыс ₸ от 1 плательщика; пороги ролей не достигнуты,1943,,,1,False,1,0,19320.0,0.0,1,0,0.0,False,0.0,1,1,19320.0,1.0,1,0.000289,0.0,0.0,,1,0,0,0,False,0.0843,0.0621,0.0,0.0687,0.0
100000004336228100,peripheral,0.758,1,0.0576,Получил 51 тыс ₸ от 1 плательщика; пороги ролей не достигнуты,1944,,,3,False,1,0,51407.0,0.0,2,0,0.0,False,0.0,0,1,341.933851,0.006652,1,0.000296,0.0,0.0,,1,0,0,0,False,0.0758,0.0,0.0052,0.1604,0.0
100000003899325100,peripheral,0.76,9,0.0575,Получил 50 тыс ₸ от 1 плательщика; пороги ролей не достигнуты,1945,,,3,False,1,0,50120.0,0.0,1,0,0.0,False,0.0,0,1,83.761884,0.001671,1,0.000297,0.0,0.0,,1,0,0,0,False,0.076,0.0,0.0005,0.1655,0.0
100000002646887100,peripheral,0.823,13,0.0573,Получил 24 тыс ₸ от 1 плательщика; пороги ролей не достигнуты,1946,,,3,False,1,0,24354.0,0.0,1,0,0.0,False,0.0,0,1,83.102571,0.003412,0,0.000295,0.0,0.0,,1,0,0,0,False,0.0823,0.0,0.0,0.1526,0.0
100000001103905100,peripheral,0.849,12,0.0572,Получил 18 тыс ₸ от 1 плательщика; пороги ролей не достигнуты,1947,,,1,False,1,0,18000.0,0.0,1,0,0.0,False,0.0,1,1,18000.0,1.0,1,0.000289,0.0,0.0,,1,0,0,0,False,0.0849,0.0555,0.0,0.0725,0.0
100000008716222100,peripheral,0.849,12,0.0572,Получил 18 тыс ₸ от 1 плательщика; пороги ролей не достигнуты,1948,,,1,False,1,0,18000.0,0.0,1,0,0.0,False,0.0,1,1,18000.0,1.0,1,0.000289,0.0,0.0,,1,0,0,0,False,0.0849,0.0555,0.0,0.0725,0.0
100000008777088100,peripheral,0.849,12,0.0572,Получил 18 тыс ₸ от 1 плательщика; пороги ролей не достигнуты,1949,,,1,False,1,0,18000.0,0.0,1,0,0.0,False,0.0,1,1,18000.0,1.0,1,0.000289,0.0,0.0,,1,0,0,0,False,0.0849,0.0555,0.0,0.0725,0.0
100000008283183100,peripheral,0.808,12,0.057,Получил 29 тыс ₸ от 1 плательщика; пороги ролей не достигнуты,1950,,,2,False,1,0,29000.0,0.0,1,0,0.0,False,0.0,0,1,498.365301,0.017185,1,0.000295,0.0,0.0,,1,0,0,0,False,0.0808,0.0,0.0,0.1539,0.0
100000008405209100,peripheral,0.753,14,0.0568,Получил 54 тыс ₸ от 1 плательщика; пороги ролей не достигнуты,1951,,,3,False,1,0,54400.0,0.0,1,0,0.0,False,0.0,0,1,133.760185,0.002459,1,0.000294,0.0,0.0,,1,0,0,0,False,0.0753,0.0,0.0159,0.1426,0.0
100000000408846100,peripheral,0.779,27,0.0566,Получил 40 тыс ₸ от 1 плательщика; пороги ролей не достигнуты,1952,,,3,False,1,0,40500.0,0.0,1,0,0.0,False,0.0,0,1,13.070103,0.000323,0,0.000296,0.0,0.0,,1,0,0,0,False,0.0779,0.0,0.0,0.1573,0.0
100000002554175100,peripheral,0.822,15,0.0566,Получил 25 тыс ₸ от 1 плательщика; пороги ролей не достигнуты,1953,,,3,False,1,0,24621.0,0.0,1,0,0.0,False,0.0,0,1,189.978672,0.007716,1,0.000295,0.0,0.0,,1,0,0,0,False,0.0822,0.0,0.0,0.1486,0.0
100000003594472100,peripheral,0.84,25,0.0566,Получил 20 тыс ₸ от 1 плательщика; пороги ролей не достигнуты,1954,,,3,False,1,0,20000.0,0.0,1,0,0.0,False,0.0,0,1,91.948086,0.004597,0,0.000294,0.0,0.0,,1,0,0,0,False,0.084,0.0,0.0,0.145,0.0
100000001991973100,peripheral,0.732,32,0.0565,4-е колено (обход оборван): 1 поступл. на 21 тыс ₸ от 1 плательщика; P(передаёт дальше)=0.25 — порогов ролей не достигает,1955,,обрыв_4_колена,4,False,1,0,20800.0,0.0,1,0,0.0,True,0.24934,0,1,1.006407,4.8e-05,1,0.000297,0.0,0.0,,1,0,0,0,False,0.0732,0.0,0.0,0.1661,0.0
100000001308856100,peripheral,0.814,12,0.0562,Получил 27 тыс ₸ от 1 плательщика; пороги ролей не достигнуты,1956,,,2,False,1,0,27000.0,0.0,1,0,0.0,False,0.0,0,1,463.99528,0.017185,1,0.000295,0.0,0.0,,1,0,0,0,False,0.0814,0.0,0.0,0.1484,0.0
100000003006633100,peripheral,0.9,14,0.0562,Получил 10 тыс ₸ от 1 плательщика; пороги ролей не достигнуты,1957,,,3,False,1,0,10000.0,0.0,1,0,0.0,False,0.0,0,1,32.06223,0.003206,0,0.000293,0.0,0.0,,1,0,0,0,False,0.09,0.0,0.0,0.131,0.0
100000002680477100,peripheral,0.82,11,0.0561,Получил 25 тыс ₸ от 1 плательщика; пороги ролей не достигнуты,1958,,,2,False,1,0,25000.0,0.0,1,0,0.0,False,0.0,0,1,364.1082,0.014564,0,0.000295,0.0,0.0,,1,0,0,0,False,0.082,0.0,0.0,0.1466,0.0
100000000907277100,peripheral,0.851,12,0.056,Получил 18 тыс ₸ от 1 плательщика; пороги ролей не достигнуты,1959,,,1,False,1,0,17534.0,0.0,1,0,0.0,False,0.0,1,1,17534.0,1.0,1,0.000289,0.0,0.0,,1,0,0,0,False,0.0851,0.053,0.0,0.0692,0.0
100000001280798100,peripheral,0.825,15,0.056,Получил 24 тыс ₸ от 1 плательщика; пороги ролей не достигнуты,1960,,,3,False,1,0,23785.0,0.0,1,0,0.0,False,0.0,0,1,183.527993,0.007716,1,0.000294,0.0,0.0,,1,0,0,0,False,0.0825,0.0,0.0,0.1448,0.0
100000008667058100,peripheral,0.851,12,0.056,Получил 18 тыс ₸ от 1 плательщика; пороги ролей не достигнуты,1961,,,1,False,1,0,17534.0,0.0,1,0,0.0,False,0.0,1,1,17534.0,1.0,1,0.000289,0.0,0.0,,1,0,0,0,False,0.0851,0.053,0.0,0.0692,0.0
100000008691027100,peripheral,0.851,12,0.056,Получил 18 тыс ₸ от 1 плательщика; пороги ролей не достигнуты,1962,,,1,False,1,0,17534.0,0.0,1,0,0.0,False,0.0,1,1,17534.0,1.0,1,0.000289,0.0,0.0,,1,0,0,0,False,0.0851,0.053,0.0,0.0692,0.0
100000008729801100,peripheral,0.851,12,0.056,Получил 18 тыс ₸ от 1 плательщика; пороги ролей не достигнуты,1963,,,1,False,1,0,17534.0,0.0,1,0,0.0,False,0.0,1,1,17534.0,1.0,1,0.000289,0.0,0.0,,1,0,0,0,False,0.0851,0.053,0.0,0.0692,0.0
100000000795374100,peripheral,0.76,1,0.0559,Получил 50 тыс ₸ от 1 плательщика; пороги ролей не достигнуты,1964,,,3,False,1,0,50000.0,0.0,1,0,0.0,False,0.0,0,1,332.575186,0.006652,1,0.000296,0.0,0.0,,1,0,0,0,False,0.076,0.0,0.0,0.1575,0.0
100000003095610100,peripheral,0.825,15,0.0559,Получил 24 тыс ₸ от 1 плательщика; пороги ролей не достигнуты,1965,,,3,False,1,0,23665.0,0.0,1,0,0.0,False,0.0,0,1,182.602058,0.007716,1,0.000294,0.0,0.0,,1,0,0,0,False,0.0825,0.0,0.0,0.1446,0.0
100000003711830100,peripheral,0.76,1,0.0559,Получил 50 тыс ₸ от 1 плательщика; пороги ролей не достигнуты,1966,,,3,False,1,0,50000.0,0.0,1,0,0.0,False,0.0,0,1,332.575186,0.006652,1,0.000296,0.0,0.0,,1,0,0,0,False,0.076,0.0,0.0,0.1575,0.0
100000004435304100,peripheral,0.816,12,0.0558,Получил 26 тыс ₸ от 1 плательщика; пороги ролей не достигнуты,1967,,,2,False,1,0,26200.0,0.0,1,0,0.0,False,0.0,0,1,450.247272,0.017185,1,0.000294,0.0,0.0,,1,0,0,0,False,0.0816,0.0,0.0,0.1455,0.0
100000008656043100,peripheral,0.816,12,0.0558,Получил 26 тыс ₸ от 1 плательщика; пороги ролей не достигнуты,1968,,,2,False,1,0,26200.0,0.0,1,0,0.0,False,0.0,0,1,450.247272,0.017185,1,0.000294,0.0,0.0,,1,0,0,0,False,0.0816,0.0,0.0,0.1455,0.0
100000008734364100,peripheral,0.816,12,0.0558,Получил 26 тыс ₸ от 1 плательщика; пороги ролей не достигнуты,1969,,,2,False,1,0,26200.0,0.0,1,0,0.0,False,0.0,0,1,450.247272,0.017185,1,0.000294,0.0,0.0,,1,0,0,0,False,0.0816,0.0,0.0,0.1455,0.0
100000002299948100,peripheral,0.9,8,0.0557,Получил 7 тыс ₸ от 1 плательщика; пороги ролей не достигнуты,1970,,,2,False,1,0,6750.0,0.0,1,0,0.0,False,0.0,0,1,1005.099273,0.148904,0,0.000293,0.0,0.0,,1,0,0,0,False,0.09,0.0,0.0,0.1283,0.0
100000007618425100,peripheral,0.781,4,0.0556,Получил 39 тыс ₸ от 1 плательщика; пороги ролей не достигнуты,1971,,,3,False,1,0,39348.0,0.0,1,0,0.0,False,0.0,0,1,147.941752,0.00376,1,0.000295,0.0,0.0,,1,0,0,0,False,0.0781,0.0,0.0,0.1515,0.0
100000005807278100,peripheral,0.9,42,0.0555,Получил 8 тыс ₸ от 1 плательщика; пороги ролей не достигнуты,1972,,,1,False,1,0,8385.0,0.0,1,0,0.0,False,0.0,1,1,8385.0,1.0,0,0.000293,0.0,0.0,,1,0,0,0,False,0.09,0.0,0.0,0.1272,0.0
100000007487729100,peripheral,0.82,14,0.0553,Получил 25 тыс ₸ от 1 плательщика; пороги ролей не достигнуты,1973,,,3,False,1,0,25000.0,0.0,1,0,0.0,False,0.0,0,1,367.575832,0.014703,0,0.000294,0.0,0.0,,1,0,0,0,False,0.082,0.0,0.0,0.1419,0.0
100000001111763100,peripheral,0.853,12,0.0552,Получил 17 тыс ₸ от 1 плательщика; пороги ролей не достигнуты,1974,,,1,False,1,0,17144.0,0.0,1,0,0.0,False,0.0,1,1,17144.0,1.0,1,0.000289,0.0,0.0,,1,0,0,0,False,0.0853,0.0509,0.0,0.0672,0.0
100000004491881100,peripheral,0.853,12,0.0552,Получил 17 тыс ₸ от 1 плательщика; пороги ролей не достигнуты,1975,,,1,False,1,0,17144.0,0.0,1,0,0.0,False,0.0,1,1,17144.0,1.0,1,0.000289,0.0,0.0,,1,0,0,0,False,0.0853,0.0509,0.0,0.0672,0.0
100000008749406100,peripheral,0.853,12,0.0552,Получил 17 тыс ₸ от 1 плательщика; пороги ролей не достигнуты,1976,,,1,False,1,0,17144.0,0.0,1,0,0.0,False,0.0,1,1,17144.0,1.0,1,0.000289,0.0,0.0,,1,0,0,0,False,0.0853,0.0509,0.0,0.0672,0.0
100000008767925100,peripheral,0.853,12,0.0552,Получил 17 тыс ₸ от 1 плательщика; пороги ролей не достигнуты,1977,,,1,False,1,0,17144.0,0.0,1,0,0.0,False,0.0,1,1,17144.0,1.0,1,0.000289,0.0,0.0,,1,0,0,0,False,0.0853,0.0509,0.0,0.0672,0.0
100000002881669100,peripheral,0.846,17,0.0548,Получил 19 тыс ₸ от 1 плательщика; пороги ролей не достигнуты,1978,,,1,False,1,0,18600.0,0.0,1,0,0.0,False,0.0,1,1,18600.0,1.0,1,0.000289,0.0,0.0,,1,0,0,0,False,0.0846,0.0586,0.0,0.056,0.0
100000003239859100,peripheral,0.846,17,0.0548,Получил 19 тыс ₸ от 1 плательщика; пороги ролей не достигнуты,1979,,,1,False,1,0,18600.0,0.0,1,0,0.0,False,0.0,1,1,18600.0,1.0,1,0.000289,0.0,0.0,,1,0,0,0,False,0.0846,0.0586,0.0,0.056,0.0
100000005532138100,peripheral,0.82,18,0.0548,Получил 25 тыс ₸ от 1 плательщика; пороги ролей не достигнуты,1980,,,3,False,1,0,25046.0,0.0,1,0,0.0,False,0.0,0,1,65.287927,0.002607,1,0.000294,0.0,0.0,,1,0,0,0,False,0.082,0.0,0.0,0.139,0.0
100000008688476100,peripheral,0.824,12,0.0547,Получил 24 тыс ₸ от 1 плательщика; пороги ролей не достигнуты,1981,,,2,False,1,0,24000.0,0.0,1,0,0.0,False,0.0,0,1,412.440249,0.017185,1,0.000294,0.0,0.0,,1,0,0,0,False,0.0824,0.0,0.0,0.1379,0.0
100000008691168100,peripheral,0.824,12,0.0547,Получил 24 тыс ₸ от 1 плательщика; пороги ролей не достигнуты,1982,,,2,False,1,0,24000.0,0.0,1,0,0.0,False,0.0,0,1,412.440249,0.017185,1,0.000294,0.0,0.0,,1,0,0,0,False,0.0824,0.0,0.0,0.1379,0.0
100000008765494100,peripheral,0.824,12,0.0547,Получил 24 тыс ₸ от 1 плательщика; пороги ролей не достигнуты,1983,,,2,False,1,0,24000.0,0.0,1,0,0.0,False,0.0,0,1,412.440249,0.017185,1,0.000294,0.0,0.0,,1,0,0,0,False,0.0824,0.0,0.0,0.1379,0.0
100000002232266100,peripheral,0.769,1,0.0546,Получил 45 тыс ₸ от 1 плательщика; пороги ролей не достигнуты,1984,,,3,False,1,0,45000.0,0.0,1,0,0.0,False,0.0,0,1,299.317667,0.006652,1,0.000295,0.0,0.0,,1,0,0,0,False,0.0769,0.0,0.0,0.1481,0.0
100000008771814100,peripheral,0.825,12,0.0545,Получил 24 тыс ₸ от 1 плательщика; пороги ролей не достигнуты,1985,,,2,False,1,0,23700.0,0.0,1,0,0.0,False,0.0,0,1,407.284746,0.017185,1,0.000294,0.0,0.0,,1,0,0,0,False,0.0825,0.0,0.0,0.1363,0.0
100000007303047100,peripheral,0.756,19,0.0544,Получил 52 тыс ₸ от 1 плательщика; пороги ролей не достигнуты,1986,,,3,False,1,0,52250.0,0.0,1,0,0.0,False,0.0,0,1,34.720526,0.000665,1,0.000294,0.0,0.0,,1,0,0,0,False,0.0756,0.0,0.0083,0.1386,0.0
100000004066647100,peripheral,0.758,18,0.0543,Получил 51 тыс ₸ от 1 плательщика; пороги ролей не достигнуты,1987,,,3,False,1,0,51000.0,0.0,1,0,0.0,False,0.0,0,1,378.326986,0.007418,1,0.000294,0.0,0.0,,1,0,0,0,False,0.0758,0.0,0.0037,0.1437,0.0
100000004257714100,peripheral,0.756,19,0.0542,Получил 52 тыс ₸ от 1 плательщика; пороги ролей не достигнуты,1988,,,3,False,1,0,52220.0,0.0,1,0,0.0,False,0.0,0,1,34.700591,0.000665,1,0.000294,0.0,0.0,,1,0,0,0,False,0.0756,0.0,0.0082,0.1377,0.0
100000008684452100,peripheral,0.757,19,0.0537,Получил 52 тыс ₸ от 1 плательщика; пороги ролей не достигнуты,1989,,,3,False,1,0,51800.0,0.0,1,0,0.0,False,0.0,0,1,34.421498,0.000665,1,0.000294,0.0,0.0,,1,0,0,0,False,0.0757,0.0,0.0067,0.137,0.0
100000008759795100,peripheral,0.747,32,0.0537,4-е колено (обход оборван): 1 поступл. на 17 тыс ₸ от 1 плательщика; P(передаёт дальше)=0.25 — порогов ролей не достигает,1990,,обрыв_4_колена,4,False,1,0,17000.0,0.0,1,0,0.0,True,0.251058,0,1,0.822544,4.8e-05,1,0.000295,0.0,0.0,,1,0,0,0,False,0.0747,0.0,0.0,0.1477,0.0
100000001389255100,peripheral,0.858,12,0.0536,Получил 16 тыс ₸ от 1 плательщика; пороги ролей не достигнуты,1991,,,1,False,1,0,16136.0,0.0,1,0,0.0,False,0.0,1,1,16136.0,1.0,1,0.000289,0.0,0.0,,1,0,0,0,False,0.0858,0.0452,0.0,0.0647,0.0
100000001298099100,peripheral,0.844,15,0.0531,Получил 19 тыс ₸ от 1 плательщика; пороги ролей не достигнуты,1992,,,3,False,1,0,19000.0,0.0,1,0,0.0,False,0.0,0,1,146.606343,0.007716,1,0.000293,0.0,0.0,,1,0,0,0,False,0.0844,0.0,0.0,0.1248,0.0
100000008042075100,peripheral,0.9,21,0.0531,Получил 5 тыс ₸ от 1 плательщика; пороги ролей не достигнуты,1993,,,3,False,1,0,5000.0,0.0,1,0,0.0,False,0.0,0,1,159.774436,0.031955,0,0.000292,0.0,0.0,,1,0,0,0,False,0.09,0.0,0.0,0.1141,0.0
100000008742266100,peripheral,0.836,12,0.053,Получил 21 тыс ₸ от 1 плательщика; пороги ролей не достигнуты,1994,,,2,False,1,0,21000.0,0.0,1,0,0.0,False,0.0,0,1,360.885218,0.017185,1,0.000293,0.0,0.0,,1,0,0,0,False,0.0836,0.0,0.0,0.1259,0.0
100000008716773100,peripheral,0.861,12,0.0527,Получил 16 тыс ₸ от 1 плательщика; пороги ролей не достигнуты,1995,,,1,False,1,0,15677.0,0.0,1,0,0.0,False,0.0,1,1,15677.0,1.0,1,0.000289,0.0,0.0,,1,0,0,0,False,0.0861,0.0424,0.0,0.0627,0.0
100000008732098100,peripheral,0.861,12,0.0527,Получил 16 тыс ₸ от 1 плательщика; пороги ролей не достигнуты,1996,,,1,False,1,0,15677.0,0.0,1,0,0.0,False,0.0,1,1,15677.0,1.0,1,0.000289,0.0,0.0,,1,0,0,0,False,0.0861,0.0424,0.0,0.0627,0.0
100000002893020100,peripheral,0.847,15,0.0526,Получил 18 тыс ₸ от 1 плательщика; пороги ролей не достигнуты,1997,,,3,False,1,0,18340.0,0.0,1,0,0.0,False,0.0,0,1,141.513702,0.007716,1,0.000292,0.0,0.0,,1,0,0,0,False,0.0847,0.0,0.0,0.1217,0.0
100000003072676100,peripheral,0.8,4,0.0525,Получил 32 тыс ₸ от 1 плательщика; пороги ролей не достигнуты,1998,,,3,False,1,0,31545.0,0.0,1,0,0.0,False,0.0,0,1,118.603806,0.00376,1,0.000293,0.0,0.0,,1,0,0,0,False,0.08,0.0,0.0,0.1308,0.0
100000004488265100,peripheral,0.782,1,0.0525,Получил 39 тыс ₸ от 1 плательщика; пороги ролей не достигнуты,1999,,,3,False,1,0,38740.0,0.0,1,0,0.0,False,0.0,0,1,257.679254,0.006652,1,0.000293,0.0,0.0,,1,0,0,0,False,0.0782,0.0,0.0,0.1341,0.0
100000001953577100,peripheral,0.861,12,0.0524,Получил 16 тыс ₸ от 1 плательщика; пороги ролей не достигнуты,2000,,,1,False,1,0,15600.0,0.0,1,0,0.0,False,0.0,1,1,15600.0,1.0,1,0.000289,0.0,0.0,,1,0,0,0,False,0.0861,0.042,0.0,0.0616,0.0
100000008043184100,peripheral,0.759,14,0.0523,Получил 51 тыс ₸ от 1 плательщика; пороги ролей не достигнуты,2001,,,3,False,1,0,50564.0,0.0,1,0,0.0,False,0.0,0,1,124.328125,0.002459,1,0.000294,0.0,0.0,,1,0,0,0,False,0.0759,0.0,0.0021,0.1348,0.0
100000008672162100,peripheral,0.862,12,0.0523,Получил 16 тыс ₸ от 1 плательщика; пороги ролей не достигнуты,2002,,,1,False,1,0,15550.0,0.0,1,0,0.0,False,0.0,1,1,15550.0,1.0,1,0.000289,0.0,0.0,,1,0,0,0,False,0.0862,0.0417,0.0,0.0614,0.0
100000007337374100,peripheral,0.84,12,0.0522,Получил 20 тыс ₸ от 1 плательщика; пороги ролей не достигнуты,2003,,,2,False,1,0,20000.0,0.0,2,0,0.0,False,0.0,0,1,343.700207,0.017185,1,0.000292,0.0,0.0,,1,0,0,0,False,0.084,0.0,0.0,0.121,0.0
100000004497606100,peripheral,0.862,12,0.0521,Получил 16 тыс ₸ от 1 плательщика; пороги ролей не достигнуты,2004,,,1,False,1,0,15534.0,0.0,1,0,0.0,False,0.0,1,1,15534.0,1.0,1,0.000289,0.0,0.0,,1,0,0,0,False,0.0862,0.0416,0.0,0.0605,0.0
100000008670667100,peripheral,0.862,12,0.0521,Получил 16 тыс ₸ от 1 плательщика; пороги ролей не достигнуты,2005,,,1,False,1,0,15534.0,0.0,1,0,0.0,False,0.0,1,1,15534.0,1.0,1,0.000289,0.0,0.0,,1,0,0,0,False,0.0862,0.0416,0.0,0.0605,0.0
100000008718089100,peripheral,0.862,12,0.0521,Получил 16 тыс ₸ от 1 плательщика; пороги ролей не достигнуты,2006,,,1,False,1,0,15534.0,0.0,1,0,0.0,False,0.0,1,1,15534.0,1.0,1,0.000289,0.0,0.0,,1,0,0,0,False,0.0862,0.0416,0.0,0.0605,0.0
100000008720798100,peripheral,0.862,12,0.0521,Получил 16 тыс ₸ от 1 плательщика; пороги ролей не достигнуты,2007,,,1,False,1,0,15534.0,0.0,1,0,0.0,False,0.0,1,1,15534.0,1.0,1,0.000289,0.0,0.0,,1,0,0,0,False,0.0862,0.0416,0.0,0.0605,0.0
100000006288612100,peripheral,0.57,17,0.0518,4-е колено (обход оборван): 3 поступл. на 31 тыс ₸ от 1 плательщика; P(передаёт дальше)=0.58 — порогов ролей не достигает,2008,,обрыв_4_колена,4,False,1,0,30805.0,0.0,3,0,0.0,True,0.577849,0,1,21.890365,0.000711,0,0.000298,0.0,0.0,,1,0,0,0,False,0.057,0.0,0.0,0.1726,0.0
100000008778753100,peripheral,0.718,30,0.0518,4-е колено (обход оборван): 1 поступл. на 10 тыс ₸ от 1 плательщика; P(передаёт дальше)=0.40 — порогов ролей не достигает,2009,,обрыв_4_колена,4,False,1,0,10000.0,0.0,1,0,0.0,True,0.404251,0,1,5.158719,0.000516,0,0.000294,0.0,0.0,,1,0,0,0,False,0.0718,0.0,0.0,0.1428,0.0
100000006412162100,peripheral,0.75,32,0.0517,4-е колено (обход оборван): 2 поступл. на 15 тыс ₸ от 1 плательщика; P(передаёт дальше)=0.26 — порогов ролей не достигает,2010,,обрыв_4_колена,4,False,1,0,15000.0,0.0,2,0,0.0,True,0.264548,0,1,0.725774,4.8e-05,1,0.000294,0.0,0.0,,1,0,0,0,False,0.075,0.0,0.0,0.1361,0.0
100000008454065100,peripheral,0.824,16,0.0517,Получил 24 тыс ₸ от 1 плательщика; пороги ролей не достигнуты,2011,,,3,False,1,0,24050.0,0.0,1,0,0.0,False,0.0,0,1,26.59143,0.001106,1,0.000292,0.0,0.0,,1,0,0,0,False,0.0824,0.0,0.0,0.1212,0.0
100000005172860100,peripheral,0.864,1,0.0516,Получил 15 тыс ₸ от 1 плательщика; пороги ролей не достигнуты,2012,,,3,False,1,0,15209.2,0.0,1,0,0.0,False,0.0,0,1,11.906415,0.000783,1,0.000292,0.0,0.0,,1,0,0,0,False,0.0864,0.0,0.0,0.1128,0.0
100000007631637100,peripheral,0.863,12,0.0516,Получил 15 тыс ₸ от 1 плательщика; пороги ролей не достигнуты,2013,,,1,False,1,0,15341.0,0.0,1,0,0.0,False,0.0,1,1,15341.0,1.0,1,0.000289,0.0,0.0,,1,0,0,0,False,0.0863,0.0404,0.0,0.0592,0.0
100000002369443100,peripheral,0.76,19,0.0515,Получил 50 тыс ₸ от 1 плательщика; пороги ролей не достигнуты,2014,,,3,False,1,0,50000.0,0.0,1,0,0.0,False,0.0,0,1,33.225384,0.000665,1,0.000293,0.0,0.0,,1,0,0,0,False,0.076,0.0,0.0,0.133,0.0
100000008713685100,peripheral,0.761,19,0.0515,Получил 50 тыс ₸ от 1 плательщика; пороги ролей не достигнуты,2015,,,3,False,1,0,49700.0,0.0,1,0,0.0,False,0.0,0,1,33.026032,0.000665,1,0.000293,0.0,0.0,,1,0,0,0,False,0.0761,0.0,0.0,0.1326,0.0
100000002948492100,peripheral,0.825,16,0.0514,Получил 24 тыс ₸ от 1 плательщика; пороги ролей не достигнуты,2016,,,3,False,1,0,23660.0,0.0,1,0,0.0,False,0.0,0,1,26.160218,0.001106,1,0.000292,0.0,0.0,,1,0,0,0,False,0.0825,0.0,0.0,0.1197,0.0
100000008696692100,peripheral,0.844,12,0.0514,Получил 19 тыс ₸ от 1 плательщика; пороги ролей не достигнуты,2017,,,2,False,1,0,19000.0,0.0,1,0,0.0,False,0.0,0,1,326.515197,0.017185,1,0.000292,0.0,0.0,,1,0,0,0,False,0.0844,0.0,0.0,0.1159,0.0
100000002871199100,peripheral,0.827,16,0.0512,Получил 23 тыс ₸ от 1 плательщика; пороги ролей не достигнуты,2018,,,3,False,1,0,23186.0,0.0,1,0,0.0,False,0.0,0,1,25.636129,0.001106,1,0.000292,0.0,0.0,,1,0,0,0,False,0.0827,0.0,0.0,0.1177,0.0
100000004286573100,peripheral,0.856,17,0.0512,Получил 17 тыс ₸ от 1 плательщика; пороги ролей не достигнуты,2019,,,1,False,1,0,16590.0,0.0,1,0,0.0,False,0.0,1,1,16590.0,1.0,1,0.000288,0.0,0.0,,1,0,0,0,False,0.0856,0.0478,0.0,0.0485,0.0
100000006527156100,peripheral,0.615,1,0.0512,4-е колено (обход оборван): 1 поступл. на 48 тыс ₸ от 1 плательщика; P(передаёт дальше)=0.39 — порогов ролей не достигает,2020,,обрыв_4_колена,4,False,1,0,48500.0,0.0,1,0,0.0,True,0.38839,0,1,168.011396,0.003464,0,0.000296,0.0,0.0,,1,0,0,0,False,0.0615,0.0,0.0,0.1606,0.0
100000007999728100,peripheral,0.827,16,0.0512,Получил 23 тыс ₸ от 1 плательщика; пороги ролей не достигнуты,2021,,,3,False,1,0,23250.0,0.0,1,0,0.0,False,0.0,0,1,25.706892,0.001106,1,0.000292,0.0,0.0,,1,0,0,0,False,0.0827,0.0,0.0,0.1181,0.0
100000008677518100,peripheral,0.762,19,0.0511,Получил 49 тыс ₸ от 1 плательщика; пороги ролей не достигнуты,2022,,,3,False,1,0,48700.0,0.0,1,0,0.0,False,0.0,0,1,32.361524,0.000665,1,0.000293,0.0,0.0,,1,0,0,0,False,0.0762,0.0,0.0,0.1303,0.0
100000001550419100,peripheral,0.828,16,0.051,Получил 23 тыс ₸ от 1 плательщика; пороги ролей не достигнуты,2023,,,3,False,1,0,23000.0,0.0,1,0,0.0,False,0.0,0,1,25.430474,0.001106,1,0.000292,0.0,0.0,,1,0,0,0,False,0.0828,0.0,0.0,0.1165,0.0
100000003009900100,peripheral,0.859,15,0.051,Получил 16 тыс ₸ от 1 плательщика; пороги ролей не достигнуты,2024,,,3,False,1,0,15998.0,0.0,1,0,0.0,False,0.0,0,1,123.442541,0.007716,1,0.000292,0.0,0.0,,1,0,0,0,False,0.0859,0.0,0.0,0.1103,0.0
100000000968253100,peripheral,0.865,12,0.0509,Получил 15 тыс ₸ от 1 плательщика; пороги ролей не достигнуты,2025,,,1,False,1,0,15000.0,0.0,1,0,0.0,False,0.0,1,1,15000.0,1.0,1,0.000289,0.0,0.0,,1,0,0,0,False,0.0865,0.0383,0.0,0.0576,0.0
100000001969496100,peripheral,0.829,16,0.0509,Получил 23 тыс ₸ от 1 плательщика; пороги ролей не достигнуты,2026,,,3,False,1,0,22740.0,0.0,1,0,0.0,False,0.0,0,1,25.142999,0.001106,1,0.000292,0.0,0.0,,1,0,0,0,False,0.0829,0.0,0.0,0.1157,0.0
100000002301828100,peripheral,0.766,14,0.0508,Получил 47 тыс ₸ от 1 плательщика; пороги ролей не достигнуты,2027,,,3,False,1,0,46977.0,0.0,1,0,0.0,False,0.0,0,1,115.508312,0.002459,1,0.000293,0.0,0.0,,1,0,0,0,False,0.0766,0.0,0.0,0.1279,0.0
100000008503177100,peripheral,0.794,1,0.0508,Получил 34 тыс ₸ от 1 плательщика; пороги ролей не достигнуты,2028,,,3,False,1,0,33951.0,0.0,1,0,0.0,False,0.0,0,1,225.825202,0.006652,1,0.000292,0.0,0.0,,1,0,0,0,False,0.0794,0.0,0.0,0.1226,0.0
100000008554390100,peripheral,0.76,32,0.0508,4-е колено (обход оборван): 1 поступл. на 14 тыс ₸ от 1 плательщика; P(передаёт дальше)=0.25 — порогов ролей не достигает,2029,,обрыв_4_колена,4,False,1,0,14000.0,0.0,1,0,0.0,True,0.253344,0,1,0.677389,4.8e-05,1,0.000293,0.0,0.0,,1,0,0,0,False,0.076,0.0,0.0,0.1292,0.0
100000008683818100,peripheral,0.852,12,0.0506,Получил 17 тыс ₸ от 1 плательщика; пороги ролей не достигнуты,2030,,,2,False,1,0,17400.0,0.0,1,0,0.0,False,0.0,0,1,299.01918,0.017185,1,0.000291,0.0,0.0,,1,0,0,0,False,0.0852,0.0,0.0,0.1097,0.0
100000005553088100,peripheral,0.681,9,0.0505,4-е колено (обход оборван): 1 поступл. на 18 тыс ₸ от 1 плательщика; P(передаёт дальше)=0.40 — порогов ролей не достигает,2031,,обрыв_4_колена,4,False,1,0,17500.0,0.0,1,0,0.0,True,0.401281,0,1,4.515652,0.000258,0,0.000294,0.0,0.0,,1,0,0,0,False,0.0681,0.0,0.0,0.1435,0.0
100000008754747100,peripheral,0.768,19,0.0504,Получил 46 тыс ₸ от 1 плательщика; пороги ролей не достигнуты,2032,,,3,False,1,0,45500.0,0.0,1,0,0.0,False,0.0,0,1,30.2351,0.000665,1,0.000293,0.0,0.0,,1,0,0,0,False,0.0768,0.0,0.0,0.1252,0.0
100000008776576100,peripheral,0.866,12,0.0504,Получил 15 тыс ₸ от 1 плательщика; пороги ролей не достигнуты,2033,,,1,False,1,0,14765.0,0.0,1,0,0.0,False,0.0,1,1,14765.0,1.0,1,0.000289,0.0,0.0,,1,0,0,0,False,0.0866,0.0368,0.0,0.0565,0.0
100000004780083100,peripheral,0.718,47,0.0501,4-е колено (обход оборван): 1 поступл. на 10 тыс ₸ от 1 плательщика; P(передаёт дальше)=0.41 — порогов ролей не достигает,2034,,обрыв_4_колена,4,False,1,0,9999.0,0.0,1,0,0.0,True,0.405066,0,1,6.448578,0.000645,0,0.000293,0.0,0.0,,1,0,0,0,False,0.0718,0.0,0.0,0.1335,0.0
100000002908521100,peripheral,0.77,19,0.05,Получил 44 тыс ₸ от 1 плательщика; пороги ролей не достигнуты,2035,,,3,False,1,0,44500.0,0.0,1,0,0.0,False,0.0,0,1,29.570592,0.000665,1,0.000293,0.0,0.0,,1,0,0,0,False,0.077,0.0,0.0,0.1228,0.0
100000003241965100,peripheral,0.865,15,0.05,Получил 15 тыс ₸ от 1 плательщика; пороги ролей не достигнуты,2036,,,3,False,1,0,15000.0,0.0,1,0,0.0,False,0.0,0,1,115.74185,0.007716,1,0.000291,0.0,0.0,,1,0,0,0,False,0.0865,0.0,0.0,0.1034,0.0
100000008772246100,peripheral,0.77,19,0.05,Получил 44 тыс ₸ от 1 плательщика; пороги ролей не достигнуты,2037,,,3,False,1,0,44500.0,0.0,1,0,0.0,False,0.0,0,1,29.570592,0.000665,1,0.000293,0.0,0.0,,1,0,0,0,False,0.077,0.0,0.0,0.1228,0.0
100000001557930100,peripheral,0.792,8,0.0499,Получил 35 тыс ₸ от 1 плательщика; пороги ролей не достигнуты,2038,,,2,False,1,0,34610.0,0.0,1,0,0.0,False,0.0,0,1,8306.62151,0.240006,1,0.000292,0.0,0.0,,1,0,0,0,False,0.0792,0.0,0.0,0.1179,0.0
100000002992171100,peripheral,0.867,12,0.0499,Получил 15 тыс ₸ от 1 плательщика; пороги ролей не достигнуты,2039,,,1,False,1,0,14627.0,0.0,1,0,0.0,False,0.0,1,1,14627.0,1.0,1,0.000289,0.0,0.0,,1,0,0,0,False,0.0867,0.0359,0.0,0.0547,0.0
100000008717341100,peripheral,0.867,12,0.0499,Получил 15 тыс ₸ от 1 плательщика; пороги ролей не достигнуты,2040,,,1,False,1,0,14627.0,0.0,1,0,0.0,False,0.0,1,1,14627.0,1.0,1,0.000289,0.0,0.0,,1,0,0,0,False,0.0867,0.0359,0.0,0.0547,0.0
100000008755361100,peripheral,0.867,12,0.0499,Получил 15 тыс ₸ от 1 плательщика; пороги ролей не достигнуты,2041,,,1,False,1,0,14627.0,0.0,1,0,0.0,False,0.0,1,1,14627.0,1.0,1,0.000289,0.0,0.0,,1,0,0,0,False,0.0867,0.0359,0.0,0.0547,0.0
100000003336565100,peripheral,0.856,12,0.0498,Получил 17 тыс ₸ от 1 плательщика; пороги ролей не достигнуты,2042,,,2,False,1,0,16550.0,0.0,1,0,0.0,False,0.0,0,1,284.411922,0.017185,1,0.000291,0.0,0.0,,1,0,0,0,False,0.0856,0.0,0.0,0.1043,0.0
100000008631800100,peripheral,0.767,32,0.0498,4-е колено (обход оборван): 1 поступл. на 13 тыс ₸ от 1 плательщика; P(передаёт дальше)=0.25 — порогов ролей не достигает,2043,,обрыв_4_колена,4,False,1,0,12850.0,0.0,1,0,0.0,True,0.253577,0,1,0.621746,4.8e-05,1,0.000292,0.0,0.0,,1,0,0,0,False,0.0767,0.0,0.0,0.1221,0.0
100000008687617100,peripheral,0.773,19,0.0498,Получил 43 тыс ₸ от 1 плательщика; пороги ролей не достигнуты,2044,,,3,False,1,0,43350.0,0.0,2,0,0.0,False,0.0,0,1,28.806408,0.000665,1,0.000292,0.0,0.0,,1,0,0,0,False,0.0773,0.0,0.0,0.1208,0.0
100000008771627100,peripheral,0.857,12,0.0497,Получил 16 тыс ₸ от 1 плательщика; пороги ролей не достигнуты,2045,,,2,False,1,0,16500.0,0.0,1,0,0.0,False,0.0,0,1,283.552671,0.017185,1,0.000291,0.0,0.0,,1,0,0,0,False,0.0857,0.0,0.0,0.1036,0.0
100000002546921100,peripheral,0.84,16,0.0493,Получил 20 тыс ₸ от 1 плательщика; пороги ролей не достигнуты,2046,,,3,False,1,0,20000.0,0.0,1,0,0.0,False,0.0,0,1,22.113456,0.001106,1,0.000291,0.0,0.0,,1,0,0,0,False,0.084,0.0,0.0,0.1048,0.0
100000006471232100,peripheral,0.776,19,0.0493,Получил 42 тыс ₸ от 1 плательщика; пороги ролей не достигнуты,2047,,,3,False,1,0,41800.0,0.0,1,0,0.0,False,0.0,0,1,27.776421,0.000665,1,0.000292,0.0,0.0,,1,0,0,0,False,0.0776,0.0,0.0,0.1174,0.0
100000008416433100,peripheral,0.84,16,0.0493,Получил 20 тыс ₸ от 1 плательщика; пороги ролей не достигнуты,2048,,,3,False,1,0,20000.0,0.0,1,0,0.0,False,0.0,0,1,22.113456,0.001106,1,0.000291,0.0,0.0,,1,0,0,0,False,0.084,0.0,0.0,0.1048,0.0
100000008682426100,peripheral,0.84,16,0.0493,Получил 20 тыс ₸ от 1 плательщика; пороги ролей не достигнуты,2049,,,3,False,1,0,20000.0,0.0,1,0,0.0,False,0.0,0,1,22.113456,0.001106,1,0.000291,0.0,0.0,,1,0,0,0,False,0.084,0.0,0.0,0.1048,0.0
100000008473765100,peripheral,0.805,1,0.0492,Получил 30 тыс ₸ от 1 плательщика; пороги ролей не достигнуты,2050,,,3,False,1,0,30000.0,0.0,1,0,0.0,False,0.0,0,1,199.545111,0.006652,1,0.000292,0.0,0.0,,1,0,0,0,False,0.0805,0.0,0.0,0.1114,0.0
100000008736394100,peripheral,0.859,12,0.0492,Получил 16 тыс ₸ от 1 плательщика; пороги ролей не достигнуты,2051,,,2,False,1,0,16000.0,0.0,1,0,0.0,False,0.0,0,1,274.960166,0.017185,1,0.000291,0.0,0.0,,1,0,0,0,False,0.0859,0.0,0.0,0.1005,0.0
100000008749989100,peripheral,0.859,12,0.0492,Получил 16 тыс ₸ от 1 плательщика; пороги ролей не достигнуты,2052,,,2,False,1,0,16000.0,0.0,1,0,0.0,False,0.0,0,1,274.960166,0.017185,1,0.000291,0.0,0.0,,1,0,0,0,False,0.0859,0.0,0.0,0.1005,0.0
100000006746688100,peripheral,0.777,19,0.0488,Получил 41 тыс ₸ от 1 плательщика; пороги ролей не достигнуты,2053,,,3,False,1,0,41000.0,0.0,1,0,0.0,False,0.0,0,1,27.244815,0.000665,1,0.000292,0.0,0.0,,1,0,0,0,False,0.0777,0.0,0.0,0.1145,0.0
100000002645046100,peripheral,0.772,32,0.0486,4-е колено (обход оборван): 1 поступл. на 12 тыс ₸ от 1 плательщика; P(передаёт дальше)=0.25 — порогов ролей не достигает,2054,,обрыв_4_колена,4,False,1,0,12000.0,0.0,1,0,0.0,True,0.254274,0,1,0.580619,4.8e-05,1,0.000292,0.0,0.0,,1,0,0,0,False,0.0772,0.0,0.0,0.1148,0.0
100000002876914100,peripheral,0.772,32,0.0486,4-е колено (обход оборван): 1 поступл. на 12 тыс ₸ от 1 плательщика; P(передаёт дальше)=0.25 — порогов ролей не достигает,2055,,обрыв_4_колена,4,False,1,0,12000.0,0.0,1,0,0.0,True,0.254755,0,1,0.580619,4.8e-05,1,0.000292,0.0,0.0,,1,0,0,0,False,0.0772,0.0,0.0,0.1148,0.0
100000004780327100,peripheral,0.771,32,0.0486,4-е колено (обход оборван): 1 поступл. на 12 тыс ₸ от 1 плательщика; P(передаёт дальше)=0.25 — порогов ролей не достигает,2056,,обрыв_4_колена,4,False,1,0,12000.0,0.0,1,0,0.0,True,0.254915,0,1,0.580619,4.8e-05,1,0.000292,0.0,0.0,,1,0,0,0,False,0.0771,0.0,0.0,0.1148,0.0
100000008687492100,peripheral,0.865,12,0.0486,Получил 15 тыс ₸ от 1 плательщика; пороги ролей не достигнуты,2057,,,2,False,1,0,15000.0,0.0,1,0,0.0,False,0.0,0,1,257.775155,0.017185,1,0.000291,0.0,0.0,,1,0,0,0,False,0.0865,0.0,0.0,0.0959,0.0
100000000783406100,peripheral,0.9,14,0.0485,Получил 6 тыс ₸ от 1 плательщика; пороги ролей не достигнуты,2058,,,3,False,1,0,6066.0,0.0,1,0,0.0,False,0.0,0,1,19.448949,0.003206,0,0.00029,0.0,0.0,,1,0,0,0,False,0.09,0.0,0.0,0.0883,0.0
100000002184107100,peripheral,0.9,14,0.0485,Получил 6 тыс ₸ от 1 плательщика; пороги ролей не достигнуты,2059,,,3,False,1,0,6066.0,0.0,1,0,0.0,False,0.0,0,1,19.448949,0.003206,0,0.00029,0.0,0.0,,1,0,0,0,False,0.09,0.0,0.0,0.0883,0.0
100000002830055100,peripheral,0.871,12,0.0485,Получил 14 тыс ₸ от 1 плательщика; пороги ролей не достигнуты,2060,,,1,False,1,0,14000.0,0.0,1,0,0.0,False,0.0,1,1,14000.0,1.0,1,0.000289,0.0,0.0,,1,0,0,0,False,0.0871,0.0318,0.0,0.052,0.0
100000008663007100,peripheral,0.871,12,0.0485,Получил 14 тыс ₸ от 1 плательщика; пороги ролей не достигнуты,2061,,,1,False,1,0,14000.0,0.0,1,0,0.0,False,0.0,1,1,14000.0,1.0,1,0.000289,0.0,0.0,,1,0,0,0,False,0.0871,0.0318,0.0,0.052,0.0
100000001716579100,peripheral,0.871,12,0.0484,Получил 14 тыс ₸ от 1 плательщика; пороги ролей не достигнуты,2062,,,1,False,1,0,13916.0,0.0,1,0,0.0,False,0.0,1,1,13916.0,1.0,1,0.000288,0.0,0.0,,1,0,0,0,False,0.0871,0.0312,0.0,0.0518,0.0
100000002820010100,peripheral,0.805,8,0.0482,Получил 30 тыс ₸ от 1 плательщика; пороги ролей не достигнуты,2063,,,2,False,1,0,30000.0,0.0,1,0,0.0,False,0.0,0,1,7200.192005,0.240006,1,0.000291,0.0,0.0,,1,0,0,0,False,0.0805,0.0,0.0,0.1056,0.0
100000003157333100,peripheral,0.805,8,0.0482,Получил 30 тыс ₸ от 1 плательщика; пороги ролей не достигнуты,2064,,,2,False,1,0,30000.0,0.0,1,0,0.0,False,0.0,0,1,7200.192005,0.240006,1,0.000291,0.0,0.0,,1,0,0,0,False,0.0805,0.0,0.0,0.1056,0.0
100000005661528100,peripheral,0.82,9,0.0482,Получил 25 тыс ₸ от 1 плательщика; пороги ролей не достигнуты,2065,,,3,False,1,0,25000.0,0.0,1,0,0.0,False,0.0,0,1,41.780669,0.001671,1,0.000291,0.0,0.0,,1,0,0,0,False,0.082,0.0,0.0,0.1028,0.0
100000003109805100,peripheral,0.787,14,0.048,Получил 37 тыс ₸ от 1 плательщика; пороги ролей не достигнуты,2066,,,3,False,1,0,36929.0,0.0,1,0,0.0,False,0.0,0,1,90.80202,0.002459,1,0.000291,0.0,0.0,,1,0,0,0,False,0.0787,0.0,0.0,0.1083,0.0
100000002369510100,peripheral,0.786,19,0.0479,Получил 37 тыс ₸ от 1 плательщика; пороги ролей не достигнуты,2067,,,3,False,1,0,37150.0,0.0,1,0,0.0,False,0.0,0,1,24.68646,0.000665,1,0.000291,0.0,0.0,,1,0,0,0,False,0.0786,0.0,0.0,0.1077,0.0
100000008671081100,peripheral,0.786,19,0.0479,Получил 37 тыс ₸ от 1 плательщика; пороги ролей не достигнуты,2068,,,3,False,1,0,37200.0,0.0,1,0,0.0,False,0.0,0,1,24.719686,0.000665,1,0.000291,0.0,0.0,,1,0,0,0,False,0.0786,0.0,0.0,0.1081,0.0
100000008749405100,peripheral,0.786,19,0.0479,Получил 37 тыс ₸ от 1 плательщика; пороги ролей не достигнуты,2069,,,3,False,1,0,37150.0,0.0,1,0,0.0,False,0.0,0,1,24.68646,0.000665,1,0.000291,0.0,0.0,,1,0,0,0,False,0.0786,0.0,0.0,0.1077,0.0
100000008695133100,peripheral,0.787,19,0.0478,Получил 37 тыс ₸ от 1 плательщика; пороги ролей не достигнуты,2070,,,3,False,1,0,36610.0,0.0,1,0,0.0,False,0.0,0,1,24.327626,0.000665,1,0.000291,0.0,0.0,,1,0,0,0,False,0.0787,0.0,0.0,0.107,0.0
100000008764436100,peripheral,0.877,12,0.0473,Получил 13 тыс ₸ от 1 плательщика; пороги ролей не достигнуты,2071,,,2,False,1,0,13100.0,0.0,1,0,0.0,False,0.0,0,1,225.123636,0.017185,1,0.00029,0.0,0.0,,1,0,0,0,False,0.0877,0.0,0.0,0.0861,0.0
100000008672480100,peripheral,0.877,12,0.047,Получил 13 тыс ₸ от 1 плательщика; пороги ролей не достигнуты,2072,,,2,False,1,0,13000.0,0.0,1,0,0.0,False,0.0,0,1,223.405135,0.017185,1,0.00029,0.0,0.0,,1,0,0,0,False,0.0877,0.0,0.0,0.0847,0.0
100000008672762100,peripheral,0.877,12,0.047,Получил 13 тыс ₸ от 1 плательщика; пороги ролей не достигнуты,2073,,,2,False,1,0,13000.0,0.0,1,0,0.0,False,0.0,0,1,223.405135,0.017185,1,0.00029,0.0,0.0,,1,0,0,0,False,0.0877,0.0,0.0,0.0847,0.0
100000004723755100,peripheral,0.704,5,0.0465,Отдал 95 тыс ₸ 1 получ.; пороги ролей не достигнуты; seed: вход занижен,2074,,seed,0,True,0,1,0.0,95000.0,0,5,,False,1.0,0,0,0.0,1.0,1,0.000286,0.0,0.0,,0,0,0,1,False,0.0704,0.0,0.1211,0.0002,0.0
100000008667795100,peripheral,0.794,19,0.0465,Получил 34 тыс ₸ от 1 плательщика; пороги ролей не достигнуты,2075,,,3,False,1,0,34000.0,0.0,1,0,0.0,False,0.0,0,1,22.593261,0.000665,1,0.000291,0.0,0.0,,1,0,0,0,False,0.0794,0.0,0.0,0.0988,0.0
100000008667799100,peripheral,0.794,19,0.0465,Получил 34 тыс ₸ от 1 плательщика; пороги ролей не достигнуты,2076,,,3,False,1,0,34000.0,0.0,1,0,0.0,False,0.0,0,1,22.593261,0.000665,1,0.000291,0.0,0.0,,1,0,0,0,False,0.0794,0.0,0.0,0.0988,0.0
100000008695566100,peripheral,0.794,19,0.0464,Получил 34 тыс ₸ от 1 плательщика; пороги ролей не достигнуты,2077,,,3,False,1,0,33700.0,0.0,1,0,0.0,False,0.0,0,1,22.393909,0.000665,1,0.000291,0.0,0.0,,1,0,0,0,False,0.0794,0.0,0.0,0.0979,0.0
100000003338583100,peripheral,0.832,24,0.0459,Получил 22 тыс ₸ от 1 плательщика; пороги ролей не достигнуты,2078,,,3,False,1,0,21765.0,0.0,1,0,0.0,False,0.0,0,1,51.301286,0.002357,1,0.00029,0.0,0.0,,1,0,0,0,False,0.0832,0.0,0.0,0.0879,0.0
100000006894637100,peripheral,0.755,10,0.0459,Получил 53 тыс ₸ от 1 плательщика; пороги ролей не достигнуты,2079,,,3,False,1,0,52831.0,0.0,1,0,0.0,False,0.0,0,1,256.228268,0.00485,1,0.00029,0.0,0.0,,1,0,0,0,False,0.0755,0.0,0.0104,0.0894,0.0
100000002603371100,peripheral,0.9,1,0.0458,Получил 9 тыс ₸ от 1 плательщика; пороги ролей не достигнуты,2080,,,3,False,1,0,9300.0,0.0,1,0,0.0,False,0.0,0,1,7.280439,0.000783,1,0.000289,0.0,0.0,,1,0,0,0,False,0.09,0.0,0.0,0.0736,0.0
100000006249740100,peripheral,0.706,46,0.0457,Отдал 93 тыс ₸ 3 получ.; пороги ролей не достигнуты; seed: вход занижен,2081,,seed,0,True,0,3,0.0,93007.0,0,5,,False,1.0,0,0,0.0,1.0,0,0.000286,0.0,0.0,,0,0,0,0,False,0.0706,0.0,0.1171,0.0002,0.0
100000001325618100,peripheral,0.784,32,0.0455,4-е колено (обход оборван): 1 поступл. на 9 тыс ₸ от 1 плательщика; P(передаёт дальше)=0.26 — порогов ролей не достигает,2082,,обрыв_4_колена,4,False,1,0,9300.0,0.0,1,0,0.0,True,0.256719,0,1,0.44998,4.8e-05,1,0.000291,0.0,0.0,,1,0,0,0,False,0.0784,0.0,0.0,0.095,0.0
100000008684767100,peripheral,0.801,19,0.0455,Получил 31 тыс ₸ от 1 плательщика; пороги ролей не достигнуты,2083,,,3,False,1,0,31100.0,0.0,1,0,0.0,False,0.0,0,1,20.666189,0.000665,1,0.00029,0.0,0.0,,1,0,0,0,False,0.0801,0.0,0.0,0.0914,0.0
100000008769097100,peripheral,0.801,19,0.0455,Получил 31 тыс ₸ от 1 плательщика; пороги ролей не достигнуты,2084,,,3,False,1,0,31100.0,0.0,1,0,0.0,False,0.0,0,1,20.666189,0.000665,1,0.00029,0.0,0.0,,1,0,0,0,False,0.0801,0.0,0.0,0.0914,0.0
100000008738658100,peripheral,0.805,19,0.0452,Получил 30 тыс ₸ от 1 плательщика; пороги ролей не достигнуты,2085,,,3,False,1,0,29920.0,0.0,1,0,0.0,False,0.0,0,1,19.88207,0.000665,1,0.00029,0.0,0.0,,1,0,0,0,False,0.0805,0.0,0.0,0.089,0.0
100000005198498100,peripheral,0.808,19,0.0448,Получил 29 тыс ₸ от 1 плательщика; пороги ролей не достигнуты,2086,,,3,False,1,0,28800.0,0.0,1,0,0.0,False,0.0,0,1,19.137821,0.000665,1,0.00029,0.0,0.0,,1,0,0,0,False,0.0808,0.0,0.0,0.0863,0.0
100000008507703100,peripheral,0.809,19,0.0448,Получил 28 тыс ₸ от 1 плательщика; пороги ролей не достигнуты,2087,,,3,False,1,0,28500.0,0.0,1,0,0.0,False,0.0,0,1,18.938469,0.000665,1,0.00029,0.0,0.0,,1,0,0,0,False,0.0809,0.0,0.0,0.0859,0.0
100000004263867100,peripheral,0.784,32,0.0447,4-е колено (обход оборван): 1 поступл. на 9 тыс ₸ от 1 плательщика; P(передаёт дальше)=0.26 — порогов ролей не достигает,2088,,обрыв_4_колена,4,False,1,0,9000.0,0.0,1,0,0.0,True,0.256895,0,1,0.435464,4.8e-05,1,0.00029,0.0,0.0,,1,0,0,0,False,0.0784,0.0,0.0,0.0905,0.0
100000004449824100,peripheral,0.784,32,0.0447,4-е колено (обход оборван): 1 поступл. на 9 тыс ₸ от 1 плательщика; P(передаёт дальше)=0.26 — порогов ролей не достигает,2089,,обрыв_4_колена,4,False,1,0,9000.0,0.0,1,0,0.0,True,0.257217,0,1,0.435464,4.8e-05,1,0.00029,0.0,0.0,,1,0,0,0,False,0.0784,0.0,0.0,0.0905,0.0
100000008055972100,peripheral,0.81,19,0.0447,Получил 28 тыс ₸ от 1 плательщика; пороги ролей не достигнуты,2090,,,3,False,1,0,28300.0,0.0,1,0,0.0,False,0.0,0,1,18.805567,0.000665,1,0.00029,0.0,0.0,,1,0,0,0,False,0.081,0.0,0.0,0.0852,0.0
100000008753061100,peripheral,0.809,19,0.0447,Получил 28 тыс ₸ от 1 плательщика; пороги ролей не достигнуты,2091,,,3,False,1,0,28400.0,0.0,2,0,0.0,False,0.0,0,1,18.872018,0.000665,1,0.00029,0.0,0.0,,1,0,0,0,False,0.0809,0.0,0.0,0.0854,0.0
100000008653041100,peripheral,0.811,19,0.0444,Получил 28 тыс ₸ от 1 плательщика; пороги ролей не достигнуты,2092,,,3,False,1,0,28000.0,0.0,1,0,0.0,False,0.0,0,1,18.606215,0.000665,1,0.00029,0.0,0.0,,1,0,0,0,False,0.0811,0.0,0.0,0.0836,0.0
100000000625169100,peripheral,0.9,12,0.0443,Получил 10 тыс ₸ от 1 плательщика; пороги ролей не достигнуты,2093,,,2,False,1,0,10000.0,0.0,1,0,0.0,False,0.0,0,1,171.850104,0.017185,1,0.000289,0.0,0.0,,1,0,0,0,False,0.09,0.0,0.0,0.0649,0.0
100000008478414100,peripheral,0.9,12,0.0443,Получил 10 тыс ₸ от 1 плательщика; пороги ролей не достигнуты,2094,,,2,False,1,0,10000.0,0.0,1,0,0.0,False,0.0,0,1,171.850104,0.017185,1,0.000289,0.0,0.0,,1,0,0,0,False,0.09,0.0,0.0,0.0649,0.0
100000008575624100,peripheral,0.709,37,0.0443,Отдал 90 тыс ₸ 3 получ.; пороги ролей не достигнуты; seed: вход занижен,2095,,seed,0,True,0,3,0.0,89500.0,0,5,,False,1.0,0,0,0.0,1.0,0,0.000286,0.0,0.0,,0,0,0,1,False,0.0709,0.0,0.1099,0.0002,0.0
100000008716439100,peripheral,0.882,12,0.0443,Получил 12 тыс ₸ от 1 плательщика; пороги ролей не достигнуты,2096,,,1,False,1,0,12267.0,0.0,1,0,0.0,False,0.0,1,1,12267.0,1.0,1,0.000288,0.0,0.0,,1,0,0,0,False,0.0882,0.0193,0.0,0.0429,0.0
100000002103448100,peripheral,0.814,19,0.0442,Получил 27 тыс ₸ от 1 плательщика; пороги ролей не достигнуты,2097,,,3,False,1,0,27000.0,0.0,1,0,0.0,False,0.0,0,1,17.941707,0.000665,1,0.00029,0.0,0.0,,1,0,0,0,False,0.0814,0.0,0.0,0.0821,0.0
100000006701983100,peripheral,0.814,19,0.0442,Получил 27 тыс ₸ от 1 плательщика; пороги ролей не достигнуты,2098,,,3,False,1,0,27000.0,0.0,1,0,0.0,False,0.0,0,1,17.941707,0.000665,1,0.00029,0.0,0.0,,1,0,0,0,False,0.0814,0.0,0.0,0.0821,0.0
100000005496254100,peripheral,0.879,1,0.0441,Получил 13 тыс ₸ от 1 плательщика; пороги ролей не достигнуты,2099,,,1,False,1,0,12700.0,0.0,1,0,0.0,False,0.0,1,1,12700.0,1.0,1,0.000288,0.0,0.0,,1,0,0,0,False,0.0879,0.0226,0.0,0.0383,0.0
100000008690762100,peripheral,0.815,19,0.0441,Получил 27 тыс ₸ от 1 плательщика; пороги ролей не достигнуты,2100,,,3,False,1,0,26750.0,0.0,1,0,0.0,False,0.0,0,1,17.77558,0.000665,1,0.00029,0.0,0.0,,1,0,0,0,False,0.0815,0.0,0.0,0.081,0.0
100000005674387100,peripheral,0.816,19,0.0438,Получил 26 тыс ₸ от 1 плательщика; пороги ролей не достигнуты,2101,,,3,False,1,0,26200.0,0.0,1,0,0.0,False,0.0,0,1,17.410101,0.000665,1,0.00029,0.0,0.0,,1,0,0,0,False,0.0816,0.0,0.0,0.079,0.0
100000006491272100,peripheral,0.816,19,0.0438,Получил 26 тыс ₸ от 1 плательщика; пороги ролей не достигнуты,2102,,,3,False,1,0,26200.0,0.0,1,0,0.0,False,0.0,0,1,17.410101,0.000665,1,0.00029,0.0,0.0,,1,0,0,0,False,0.0816,0.0,0.0,0.079,0.0
100000008662216100,peripheral,0.816,19,0.0438,Получил 26 тыс ₸ от 1 плательщика; пороги ролей не достигнуты,2103,,,3,False,1,0,26200.0,0.0,1,0,0.0,False,0.0,0,1,17.410101,0.000665,1,0.00029,0.0,0.0,,1,0,0,0,False,0.0816,0.0,0.0,0.079,0.0
100000008671129100,peripheral,0.816,19,0.0438,Получил 26 тыс ₸ от 1 плательщика; пороги ролей не достигнуты,2104,,,3,False,1,0,26200.0,0.0,1,0,0.0,False,0.0,0,1,17.410101,0.000665,1,0.00029,0.0,0.0,,1,0,0,0,False,0.0816,0.0,0.0,0.079,0.0
100000008695689100,peripheral,0.816,19,0.0438,Получил 26 тыс ₸ от 1 плательщика; пороги ролей не достигнуты,2105,,,3,False,1,0,26200.0,0.0,1,0,0.0,False,0.0,0,1,17.410101,0.000665,1,0.00029,0.0,0.0,,1,0,0,0,False,0.0816,0.0,0.0,0.079,0.0
100000008707810100,peripheral,0.816,19,0.0438,Получил 26 тыс ₸ от 1 плательщика; пороги ролей не достигнуты,2106,,,3,False,1,0,26200.0,0.0,1,0,0.0,False,0.0,0,1,17.410101,0.000665,1,0.00029,0.0,0.0,,1,0,0,0,False,0.0816,0.0,0.0,0.079,0.0
100000002975287100,peripheral,0.865,4,0.0436,Получил 15 тыс ₸ от 1 плательщика; пороги ролей не достигнуты,2107,,,3,False,1,0,15000.0,0.0,1,0,0.0,False,0.0,0,1,56.397435,0.00376,1,0.000289,0.0,0.0,,1,0,0,0,False,0.0865,0.0,0.0,0.0683,0.0
100000004634420100,peripheral,0.817,19,0.0436,Получил 26 тыс ₸ от 1 плательщика; пороги ролей не достигнуты,2108,,,3,False,1,0,26150.0,0.0,1,0,0.0,False,0.0,0,1,17.376876,0.000665,1,0.00029,0.0,0.0,,1,0,0,0,False,0.0817,0.0,0.0,0.0778,0.0
100000008011573100,peripheral,0.865,4,0.0436,Получил 15 тыс ₸ от 1 плательщика; пороги ролей не достигнуты,2109,,,3,False,1,0,15000.0,0.0,1,0,0.0,False,0.0,0,1,56.397435,0.00376,1,0.000289,0.0,0.0,,1,0,0,0,False,0.0865,0.0,0.0,0.0683,0.0
100000008717802100,peripheral,0.817,19,0.0436,Получил 26 тыс ₸ от 1 плательщика; пороги ролей не достигнуты,2110,,,3,False,1,0,26150.0,0.0,1,0,0.0,False,0.0,0,1,17.376876,0.000665,1,0.00029,0.0,0.0,,1,0,0,0,False,0.0817,0.0,0.0,0.0778,0.0
100000008764654100,peripheral,0.817,19,0.0436,Получил 26 тыс ₸ от 1 плательщика; пороги ролей не достигнуты,2111,,,3,False,1,0,26150.0,0.0,1,0,0.0,False,0.0,0,1,17.376876,0.000665,1,0.00029,0.0,0.0,,1,0,0,0,False,0.0817,0.0,0.0,0.0778,0.0
100000008776720100,peripheral,0.817,19,0.0436,Получил 26 тыс ₸ от 1 плательщика; пороги ролей не достигнуты,2112,,,3,False,1,0,26150.0,0.0,1,0,0.0,False,0.0,0,1,17.376876,0.000665,1,0.00029,0.0,0.0,,1,0,0,0,False,0.0817,0.0,0.0,0.0778,0.0
100000000581682100,peripheral,0.712,22,0.0435,4-е колено (обход оборван): 1 поступл. на 5 тыс ₸ от 1 плательщика; P(передаёт дальше)=0.42 — порогов ролей не достигает,2113,,обрыв_4_колена,4,False,1,0,5000.0,0.0,1,0,0.0,True,0.41715,0,1,13.816704,0.002763,0,0.000291,0.0,0.0,,1,0,0,0,False,0.0712,0.0,0.0,0.0983,0.0
100000003194831100,peripheral,0.715,11,0.0435,4-е колено (обход оборван): 1 поступл. на 6 тыс ₸ от 1 плательщика; P(передаёт дальше)=0.41 — порогов ролей не достигает,2114,,обрыв_4_колена,4,False,1,0,6265.0,0.0,1,0,0.0,True,0.41134,0,1,4.130726,0.000659,0,0.000291,0.0,0.0,,1,0,0,0,False,0.0715,0.0,0.0,0.0976,0.0
100000001299443100,peripheral,0.783,32,0.0433,4-е колено (обход оборван): 1 поступл. на 8 тыс ₸ от 1 плательщика; P(передаёт дальше)=0.26 — порогов ролей не достигает,2115,,обрыв_4_колена,4,False,1,0,8000.0,0.0,1,0,0.0,True,0.259076,0,1,0.38708,4.8e-05,1,0.00029,0.0,0.0,,1,0,0,0,False,0.0783,0.0,0.0,0.083,0.0
100000008697670100,peripheral,0.819,19,0.0433,Получил 25 тыс ₸ от 1 плательщика; пороги ролей не достигнуты,2116,,,3,False,1,0,25350.0,0.0,1,0,0.0,False,0.0,0,1,16.84527,0.000665,1,0.00029,0.0,0.0,,1,0,0,0,False,0.0819,0.0,0.0,0.0756,0.0
100000002671806100,peripheral,0.881,17,0.0431,Получил 12 тыс ₸ от 1 плательщика; пороги ролей не достигнуты,2117,,,1,False,1,0,12440.0,0.0,1,0,0.0,False,0.0,1,1,12440.0,1.0,1,0.000288,0.0,0.0,,1,0,0,0,False,0.0881,0.0206,0.0,0.0349,0.0
100000004388209100,peripheral,0.886,12,0.0431,Получил 12 тыс ₸ от 1 плательщика; пороги ролей не достигнуты,2118,,,1,False,1,0,11800.0,0.0,1,0,0.0,False,0.0,1,1,11800.0,1.0,1,0.000288,0.0,0.0,,1,0,0,0,False,0.0886,0.0156,0.0,0.0405,0.0
100000001745217100,peripheral,0.76,10,0.0429,Получил 50 тыс ₸ от 1 плательщика; пороги ролей не достигнуты,2119,,,3,False,1,0,50000.0,0.0,1,0,0.0,False,0.0,0,1,242.49803,0.00485,1,0.00029,0.0,0.0,,1,0,0,0,False,0.076,0.0,0.0,0.0856,0.0
100000008753897100,peripheral,0.824,19,0.0428,Получил 24 тыс ₸ от 1 плательщика; пороги ролей не достигнуты,2120,,,3,False,1,0,24050.0,0.0,1,0,0.0,False,0.0,0,1,15.98141,0.000665,1,0.000289,0.0,0.0,,1,0,0,0,False,0.0824,0.0,0.0,0.0721,0.0
100000002216999100,peripheral,0.825,19,0.0427,Получил 24 тыс ₸ от 1 плательщика; пороги ролей не достигнуты,2121,,,3,False,1,0,23677.0,0.0,1,0,0.0,False,0.0,0,1,15.733548,0.000665,1,0.000289,0.0,0.0,,1,0,0,0,False,0.0825,0.0,0.0,0.0712,0.0
100000002373386100,peripheral,0.824,19,0.0427,Получил 24 тыс ₸ от 1 плательщика; пороги ролей не достигнуты,2122,,,3,False,1,0,24000.0,0.0,1,0,0.0,False,0.0,0,1,15.948184,0.000665,1,0.000289,0.0,0.0,,1,0,0,0,False,0.0824,0.0,0.0,0.0716,0.0
100000008029279100,peripheral,0.854,1,0.0427,Получил 17 тыс ₸ от 1 плательщика; пороги ролей не достигнуты,2123,,,3,False,1,0,17000.0,0.0,1,0,0.0,False,0.0,0,1,113.075563,0.006652,1,0.000289,0.0,0.0,,1,0,0,0,False,0.0854,0.0,0.0,0.0654,0.0
100000008744364100,peripheral,0.825,19,0.0427,Получил 24 тыс ₸ от 1 плательщика; пороги ролей не достигнуты,2124,,,3,False,1,0,23700.0,0.0,1,0,0.0,False,0.0,0,1,15.748832,0.000665,1,0.000289,0.0,0.0,,1,0,0,0,False,0.0825,0.0,0.0,0.0714,0.0
100000001248999100,peripheral,0.826,14,0.0426,Получил 23 тыс ₸ от 1 плательщика; пороги ролей не достигнуты,2125,,,3,False,1,0,23425.0,0.0,1,0,0.0,False,0.0,0,1,57.598021,0.002459,1,0.000289,0.0,0.0,,1,0,0,0,False,0.0826,0.0,0.0,0.0705,0.0
100000002913340100,peripheral,0.825,19,0.0425,Получил 24 тыс ₸ от 1 плательщика; пороги ролей не достигнуты,2126,,,3,False,1,0,23600.0,0.0,1,0,0.0,False,0.0,0,1,15.682381,0.000665,1,0.000289,0.0,0.0,,1,0,0,0,False,0.0825,0.0,0.0,0.0701,0.0
100000004493586100,peripheral,0.9,1,0.0425,Получил 8 тыс ₸ от 1 плательщика; пороги ролей не достигнуты,2127,,,3,False,1,0,7500.0,0.0,1,0,0.0,False,0.0,0,1,5.871322,0.000783,1,0.000289,0.0,0.0,,1,0,0,0,False,0.09,0.0,0.0,0.0554,0.0
100000008688155100,peripheral,0.825,19,0.0425,Получил 24 тыс ₸ от 1 плательщика; пороги ролей не достигнуты,2128,,,3,False,1,0,23600.0,0.0,1,0,0.0,False,0.0,0,1,15.682381,0.000665,1,0.000289,0.0,0.0,,1,0,0,0,False,0.0825,0.0,0.0,0.0701,0.0
100000008586731100,peripheral,0.884,17,0.0421,Получил 12 тыс ₸ от 1 плательщика; пороги ролей не достигнуты,2129,,,1,False,1,0,12000.0,0.0,1,0,0.0,False,0.0,1,1,12000.0,1.0,1,0.000288,0.0,0.0,,1,0,0,0,False,0.0884,0.0172,0.0,0.0334,0.0
100000008745863100,peripheral,0.828,19,0.042,Получил 23 тыс ₸ от 1 плательщика; пороги ролей не достигнуты,2130,,,3,False,1,0,22900.0,0.0,1,0,0.0,False,0.0,0,1,15.217226,0.000665,1,0.000289,0.0,0.0,,1,0,0,0,False,0.0828,0.0,0.0,0.0667,0.0
100000008661550100,peripheral,0.828,19,0.0419,Получил 23 тыс ₸ от 1 плательщика; пороги ролей не достигнуты,2131,,,3,False,1,0,22800.0,0.0,1,0,0.0,False,0.0,0,1,15.150775,0.000665,1,0.000289,0.0,0.0,,1,0,0,0,False,0.0828,0.0,0.0,0.0661,0.0
100000001155773100,peripheral,0.834,19,0.0417,Получил 22 тыс ₸ от 1 плательщика; пороги ролей не достигнуты,2132,,,3,False,1,0,21500.0,0.0,1,0,0.0,False,0.0,0,1,14.286915,0.000665,1,0.000289,0.0,0.0,,1,0,0,0,False,0.0834,0.0,0.0,0.0641,0.0
100000008712036100,peripheral,0.836,19,0.0414,Получил 21 тыс ₸ от 1 плательщика; пороги ролей не достигнуты,2133,,,3,False,1,0,21000.0,0.0,1,0,0.0,False,0.0,0,1,13.954661,0.000665,1,0.000289,0.0,0.0,,1,0,0,0,False,0.0836,0.0,0.0,0.0618,0.0
100000008740793100,peripheral,0.836,19,0.0414,Получил 21 тыс ₸ от 1 плательщика; пороги ролей не достигнуты,2134,,,3,False,1,0,21000.0,0.0,1,0,0.0,False,0.0,0,1,13.954661,0.000665,1,0.000289,0.0,0.0,,1,0,0,0,False,0.0836,0.0,0.0,0.0618,0.0
100000008763688100,peripheral,0.836,19,0.0414,Получил 21 тыс ₸ от 1 плательщика; пороги ролей не достигнуты,2135,,,3,False,1,0,21000.0,0.0,1,0,0.0,False,0.0,0,1,13.954661,0.000665,1,0.000289,0.0,0.0,,1,0,0,0,False,0.0836,0.0,0.0,0.0618,0.0
100000003005167100,peripheral,0.783,32,0.0413,4-е колено (обход оборван): 1 поступл. на 7 тыс ₸ от 1 плательщика; P(передаёт дальше)=0.26 — порогов ролей не достигает,2136,,обрыв_4_колена,4,False,1,0,7000.0,0.0,1,0,0.0,True,0.260131,0,1,0.338695,4.8e-05,1,0.000289,0.0,0.0,,1,0,0,0,False,0.0783,0.0,0.0,0.0718,0.0
100000008751349100,peripheral,0.887,27,0.0413,Получил 12 тыс ₸ от 1 плательщика; пороги ролей не достигнуты,2137,,,3,False,1,0,11630.0,0.0,1,0,0.0,False,0.0,0,1,3.753217,0.000323,0,0.000288,0.0,0.0,,1,0,0,0,False,0.0887,0.0,0.0,0.0514,0.0
100000001714883100,peripheral,0.783,32,0.0411,4-е колено (обход оборван): 1 поступл. на 7 тыс ₸ от 1 плательщика; P(передаёт дальше)=0.26 — порогов ролей не достигает,2138,,обрыв_4_колена,4,False,1,0,6900.0,0.0,1,0,0.0,True,0.259793,0,1,0.333856,4.8e-05,1,0.000289,0.0,0.0,,1,0,0,0,False,0.0783,0.0,0.0,0.0707,0.0
100000005392290100,peripheral,0.718,48,0.041,Отдал 81 тыс ₸ 1 получ.; пороги ролей не достигнуты; seed: вход занижен,2139,,seed,0,True,0,1,0.0,81465.0,0,1,,False,1.0,0,0,0.0,1.0,0,0.000286,0.0,0.0,,0,0,0,0,False,0.0718,0.0,0.0921,0.0002,0.0
100000002474570100,peripheral,0.783,32,0.0406,4-е колено (обход оборван): 1 поступл. на 7 тыс ₸ от 1 плательщика; P(передаёт дальше)=0.26 — порогов ролей не достигает,2140,,обрыв_4_колена,4,False,1,0,6750.0,0.0,1,0,0.0,True,0.260833,0,1,0.326598,4.8e-05,1,0.000289,0.0,0.0,,1,0,0,0,False,0.0783,0.0,0.0,0.0681,0.0
100000006710485100,peripheral,0.84,19,0.0406,Получил 20 тыс ₸ от 1 плательщика; пороги ролей не достигнуты,2141,,,3,False,1,0,20000.0,0.0,1,0,0.0,False,0.0,0,1,13.290154,0.000665,1,0.000289,0.0,0.0,,1,0,0,0,False,0.084,0.0,0.0,0.0569,0.0
100000008745884100,peripheral,0.84,19,0.0406,Получил 20 тыс ₸ от 1 плательщика; пороги ролей не достигнуты,2142,,,3,False,1,0,20000.0,0.0,1,0,0.0,False,0.0,0,1,13.290154,0.000665,1,0.000289,0.0,0.0,,1,0,0,0,False,0.084,0.0,0.0,0.0569,0.0
100000008776310100,peripheral,0.843,19,0.0401,Получил 19 тыс ₸ от 1 плательщика; пороги ролей не достигнуты,2143,,,3,False,1,0,19200.0,0.0,1,0,0.0,False,0.0,0,1,12.758547,0.000665,1,0.000289,0.0,0.0,,1,0,0,0,False,0.0843,0.0,0.0,0.0534,0.0
100000004140994100,peripheral,0.846,19,0.0398,Получил 19 тыс ₸ от 1 плательщика; пороги ролей не достигнуты,2144,,,3,False,1,0,18650.0,0.0,1,0,0.0,False,0.0,0,1,12.393068,0.000665,1,0.000288,0.0,0.0,,1,0,0,0,False,0.0846,0.0,0.0,0.0512,0.0
100000008712184100,peripheral,0.849,19,0.0397,Получил 18 тыс ₸ от 1 плательщика; пороги ролей не достигнуты,2145,,,3,False,1,0,18000.0,0.0,1,0,0.0,False,0.0,0,1,11.961138,0.000665,1,0.000288,0.0,0.0,,1,0,0,0,False,0.0849,0.0,0.0,0.0498,0.0
100000008715887100,peripheral,0.849,19,0.0397,Получил 18 тыс ₸ от 1 плательщика; пороги ролей не достигнуты,2146,,,3,False,1,0,18000.0,0.0,1,0,0.0,False,0.0,0,1,11.961138,0.000665,1,0.000288,0.0,0.0,,1,0,0,0,False,0.0849,0.0,0.0,0.0498,0.0
100000008754997100,peripheral,0.849,19,0.0397,Получил 18 тыс ₸ от 1 плательщика; пороги ролей не достигнуты,2147,,,3,False,1,0,18000.0,0.0,1,0,0.0,False,0.0,0,1,11.961138,0.000665,1,0.000288,0.0,0.0,,1,0,0,0,False,0.0849,0.0,0.0,0.0498,0.0
100000002116705100,peripheral,0.851,19,0.0393,Получил 18 тыс ₸ от 1 плательщика; пороги ролей не достигнуты,2148,,,3,False,1,0,17600.0,0.0,1,0,0.0,False,0.0,0,1,11.695335,0.000665,1,0.000288,0.0,0.0,,1,0,0,0,False,0.0851,0.0,0.0,0.0472,0.0
100000002511581100,peripheral,0.851,19,0.0393,Получил 18 тыс ₸ от 1 плательщика; пороги ролей не достигнуты,2149,,,3,False,1,0,17600.0,0.0,1,0,0.0,False,0.0,0,1,11.695335,0.000665,1,0.000288,0.0,0.0,,1,0,0,0,False,0.0851,0.0,0.0,0.0472,0.0
100000008612257100,peripheral,0.9,4,0.0393,Получил 10 тыс ₸ от 1 плательщика; пороги ролей не достигнуты,2150,,,3,False,1,0,9500.0,0.0,1,0,0.0,False,0.0,0,1,35.718376,0.00376,1,0.000288,0.0,0.0,,1,0,0,0,False,0.09,0.0,0.0,0.0376,0.0
100000008687990100,peripheral,0.851,19,0.0393,Получил 18 тыс ₸ от 1 плательщика; пороги ролей не достигнуты,2151,,,3,False,1,0,17600.0,0.0,1,0,0.0,False,0.0,0,1,11.695335,0.000665,1,0.000288,0.0,0.0,,1,0,0,0,False,0.0851,0.0,0.0,0.0472,0.0
100000008735832100,peripheral,0.851,19,0.0393,Получил 18 тыс ₸ от 1 плательщика; пороги ролей не достигнуты,2152,,,3,False,1,0,17600.0,0.0,1,0,0.0,False,0.0,0,1,11.695335,0.000665,1,0.000288,0.0,0.0,,1,0,0,0,False,0.0851,0.0,0.0,0.0472,0.0
100000008755168100,peripheral,0.851,19,0.0393,Получил 18 тыс ₸ от 1 плательщика; пороги ролей не достигнуты,2153,,,3,False,1,0,17600.0,0.0,1,0,0.0,False,0.0,0,1,11.695335,0.000665,1,0.000288,0.0,0.0,,1,0,0,0,False,0.0851,0.0,0.0,0.0472,0.0
100000008767950100,peripheral,0.852,19,0.0393,Получил 17 тыс ₸ от 1 плательщика; пороги ролей не достигнуты,2154,,,3,False,1,0,17350.0,0.0,1,0,0.0,False,0.0,0,1,11.529208,0.000665,1,0.000288,0.0,0.0,,1,0,0,0,False,0.0852,0.0,0.0,0.0469,0.0
100000001498732100,peripheral,0.714,13,0.0391,4-е колено (обход оборван): 1 поступл. на 6 тыс ₸ от 1 плательщика; P(передаёт дальше)=0.41 — порогов ролей не достигает,2155,,обрыв_4_колена,4,False,1,0,5500.0,0.0,1,0,0.0,True,0.41406,0,1,0.267763,4.9e-05,0,0.000289,0.0,0.0,,1,0,0,0,False,0.0714,0.0,0.0,0.0738,0.0
100000005588444100,peripheral,0.882,6,0.0391,Получил 12 тыс ₸ от 1 плательщика; пороги ролей не достигнуты,2156,,,1,False,1,0,12300.0,0.0,1,0,0.0,False,0.0,1,1,12300.0,1.0,1,0.000286,0.0,0.0,,1,0,0,0,False,0.0882,0.0195,0.0,0.0138,0.0
100000001784279100,peripheral,0.79,10,0.039,Получил 36 тыс ₸ от 1 плательщика; пороги ролей не достигнуты,2157,,,3,False,1,0,35674.0,0.0,1,0,0.0,False,0.0,0,1,173.017494,0.00485,1,0.000289,0.0,0.0,,1,0,0,0,False,0.079,0.0,0.0,0.0581,0.0
100000004007197100,peripheral,0.9,24,0.039,Получил 10 тыс ₸ от 1 плательщика; пороги ролей не достигнуты,2158,,,3,False,1,0,10048.0,0.0,1,0,0.0,False,0.0,0,1,23.683681,0.002357,1,0.000288,0.0,0.0,,1,0,0,0,False,0.09,0.0,0.0,0.0356,0.0
100000002512742100,peripheral,0.782,32,0.0389,4-е колено (обход оборван): 1 поступл. на 6 тыс ₸ от 1 плательщика; P(передаёт дальше)=0.26 — порогов ролей не достигает,2159,,обрыв_4_колена,4,False,1,0,6000.0,0.0,1,0,0.0,True,0.261729,0,1,0.29031,4.8e-05,1,0.000289,0.0,0.0,,1,0,0,0,False,0.0782,0.0,0.0,0.0587,0.0
100000002878483100,peripheral,0.782,32,0.0389,4-е колено (обход оборван): 1 поступл. на 6 тыс ₸ от 1 плательщика; P(передаёт дальше)=0.26 — порогов ролей не достигает,2160,,обрыв_4_колена,4,False,1,0,6000.0,0.0,1,0,0.0,True,0.262056,0,1,0.29031,4.8e-05,1,0.000289,0.0,0.0,,1,0,0,0,False,0.0782,0.0,0.0,0.0587,0.0
100000005995391100,peripheral,0.853,19,0.0389,Получил 17 тыс ₸ от 1 плательщика; пороги ролей не достигнуты,2161,,,3,False,1,0,17200.0,0.0,1,0,0.0,False,0.0,0,1,11.429532,0.000665,1,0.000288,0.0,0.0,,1,0,0,0,False,0.0853,0.0,0.0,0.0447,0.0
100000007022818100,peripheral,0.853,19,0.0389,Получил 17 тыс ₸ от 1 плательщика; пороги ролей не достигнуты,2162,,,3,False,1,0,17200.0,0.0,1,0,0.0,False,0.0,0,1,11.429532,0.000665,1,0.000288,0.0,0.0,,1,0,0,0,False,0.0853,0.0,0.0,0.0447,0.0
100000008309514100,peripheral,0.853,19,0.0389,Получил 17 тыс ₸ от 1 плательщика; пороги ролей не достигнуты,2163,,,3,False,1,0,17200.0,0.0,1,0,0.0,False,0.0,0,1,11.429532,0.000665,1,0.000288,0.0,0.0,,1,0,0,0,False,0.0853,0.0,0.0,0.0447,0.0
100000008684951100,peripheral,0.853,19,0.0389,Получил 17 тыс ₸ от 1 плательщика; пороги ролей не достигнуты,2164,,,3,False,1,0,17200.0,0.0,1,0,0.0,False,0.0,0,1,11.429532,0.000665,1,0.000288,0.0,0.0,,1,0,0,0,False,0.0853,0.0,0.0,0.0447,0.0
100000008706947100,peripheral,0.853,19,0.0389,Получил 17 тыс ₸ от 1 плательщика; пороги ролей не достигнуты,2165,,,3,False,1,0,17200.0,0.0,1,0,0.0,False,0.0,0,1,11.429532,0.000665,1,0.000288,0.0,0.0,,1,0,0,0,False,0.0853,0.0,0.0,0.0447,0.0
100000008708595100,peripheral,0.853,19,0.0389,Получил 17 тыс ₸ от 1 плательщика; пороги ролей не достигнуты,2166,,,3,False,1,0,17200.0,0.0,1,0,0.0,False,0.0,0,1,11.429532,0.000665,1,0.000288,0.0,0.0,,1,0,0,0,False,0.0853,0.0,0.0,0.0447,0.0
100000008749900100,peripheral,0.853,19,0.0389,Получил 17 тыс ₸ от 1 плательщика; пороги ролей не достигнуты,2167,,,3,False,1,0,17150.0,0.0,1,0,0.0,False,0.0,0,1,11.396307,0.000665,1,0.000288,0.0,0.0,,1,0,0,0,False,0.0853,0.0,0.0,0.0445,0.0
100000000287768100,peripheral,0.791,10,0.0388,Получил 35 тыс ₸ от 1 плательщика; пороги ролей не достигнуты,2168,,,3,False,1,0,35168.0,0.0,1,0,0.0,False,0.0,0,1,170.563414,0.00485,1,0.000289,0.0,0.0,,1,0,0,0,False,0.0791,0.0,0.0,0.0567,0.0
100000000718427100,peripheral,0.9,12,0.0388,Получил 6 тыс ₸ от 1 плательщика; пороги ролей не достигнуты,2169,,,2,False,1,0,6000.0,0.0,1,0,0.0,False,0.0,0,1,103.110062,0.017185,1,0.000288,0.0,0.0,,1,0,0,0,False,0.09,0.0,0.0,0.0345,0.0
100000002750332100,peripheral,0.889,6,0.0388,Получил 11 тыс ₸ от 1 плательщика; пороги ролей не достигнуты,2170,,,1,False,1,0,11360.0,0.0,1,0,0.0,False,0.0,1,1,11360.0,1.0,1,0.000287,0.0,0.0,,1,0,0,0,False,0.0889,0.012,0.0,0.0209,0.0
100000008662805100,peripheral,0.857,19,0.0388,Получил 16 тыс ₸ от 1 плательщика; пороги ролей не достигнуты,2171,,,3,False,1,0,16500.0,0.0,1,0,0.0,False,0.0,0,1,10.964377,0.000665,1,0.000288,0.0,0.0,,1,0,0,0,False,0.0857,0.0,0.0,0.0431,0.0
100000005847078100,peripheral,0.858,19,0.0386,Получил 16 тыс ₸ от 1 плательщика; пороги ролей не достигнуты,2172,,,3,False,1,0,16300.0,0.0,1,0,0.0,False,0.0,0,1,10.831475,0.000665,1,0.000288,0.0,0.0,,1,0,0,0,False,0.0858,0.0,0.0,0.0423,0.0
100000008664774100,peripheral,0.858,19,0.0386,Получил 16 тыс ₸ от 1 плательщика; пороги ролей не достигнуты,2173,,,3,False,1,0,16300.0,0.0,1,0,0.0,False,0.0,0,1,10.831475,0.000665,1,0.000288,0.0,0.0,,1,0,0,0,False,0.0858,0.0,0.0,0.0423,0.0
100000008720668100,peripheral,0.859,19,0.0384,Получил 16 тыс ₸ от 1 плательщика; пороги ролей не достигнуты,2174,,,3,False,1,0,16000.0,0.0,1,0,0.0,False,0.0,0,1,10.632123,0.000665,1,0.000288,0.0,0.0,,1,0,0,0,False,0.0859,0.0,0.0,0.0407,0.0
100000008755580100,peripheral,0.859,19,0.0384,Получил 16 тыс ₸ от 1 плательщика; пороги ролей не достигнуты,2175,,,3,False,1,0,16000.0,0.0,1,0,0.0,False,0.0,0,1,10.632123,0.000665,1,0.000288,0.0,0.0,,1,0,0,0,False,0.0859,0.0,0.0,0.0407,0.0
100000002986245100,peripheral,0.782,32,0.0383,4-е колено (обход оборван): 1 поступл. на 6 тыс ₸ от 1 плательщика; P(передаёт дальше)=0.26 — порогов ролей не достигает,2176,,обрыв_4_колена,4,False,1,0,5750.0,0.0,1,0,0.0,True,0.262171,0,1,0.278213,4.8e-05,1,0.000289,0.0,0.0,,1,0,0,0,False,0.0782,0.0,0.0,0.0556,0.0
100000002999140100,peripheral,0.684,17,0.0383,4-е колено (обход оборван): 2 поступл. на 10 тыс ₸ от 1 плательщика; P(передаёт дальше)=0.48 — порогов ролей не достигает,2177,,обрыв_4_колена,4,False,1,0,10000.0,0.0,2,0,0.0,True,0.480231,0,1,7.106108,0.000711,0,0.000289,0.0,0.0,,1,0,0,0,False,0.0684,0.0,0.0,0.0752,0.0
100000008668099100,peripheral,0.861,19,0.0383,Получил 16 тыс ₸ от 1 плательщика; пороги ролей не достигнуты,2178,,,3,False,1,0,15700.0,0.0,1,0,0.0,False,0.0,0,1,10.432771,0.000665,1,0.000288,0.0,0.0,,1,0,0,0,False,0.0861,0.0,0.0,0.0398,0.0
100000008686494100,peripheral,0.861,19,0.0383,Получил 16 тыс ₸ от 1 плательщика; пороги ролей не достигнуты,2179,,,3,False,1,0,15700.0,0.0,1,0,0.0,False,0.0,0,1,10.432771,0.000665,1,0.000288,0.0,0.0,,1,0,0,0,False,0.0861,0.0,0.0,0.0398,0.0
100000000661131100,peripheral,0.861,19,0.0382,Получил 16 тыс ₸ от 1 плательщика; пороги ролей не достигнуты,2180,,,3,False,1,0,15600.0,0.0,1,0,0.0,False,0.0,0,1,10.36632,0.000665,1,0.000288,0.0,0.0,,1,0,0,0,False,0.0861,0.0,0.0,0.0389,0.0
100000008663723100,peripheral,0.861,19,0.0382,Получил 16 тыс ₸ от 1 плательщика; пороги ролей не достигнуты,2181,,,3,False,1,0,15600.0,0.0,1,0,0.0,False,0.0,0,1,10.36632,0.000665,1,0.000288,0.0,0.0,,1,0,0,0,False,0.0861,0.0,0.0,0.0389,0.0
100000008687733100,peripheral,0.867,19,0.0381,Получил 15 тыс ₸ от 1 плательщика; пороги ролей не достигнуты,2182,,,3,False,1,0,14650.0,0.0,1,0,0.0,False,0.0,0,1,9.735038,0.000665,1,0.000288,0.0,0.0,,1,0,0,0,False,0.0867,0.0,0.0,0.0374,0.0
100000008708743100,peripheral,0.862,19,0.0381,Получил 16 тыс ₸ от 1 плательщика; пороги ролей не достигнуты,2183,,,3,False,1,0,15550.0,0.0,1,0,0.0,False,0.0,0,1,10.333094,0.000665,1,0.000288,0.0,0.0,,1,0,0,0,False,0.0862,0.0,0.0,0.0387,0.0
100000002809568100,peripheral,0.9,1,0.038,Получил 10 тыс ₸ от 1 плательщика; пороги ролей не достигнуты,2184,,,1,False,1,0,10000.0,0.0,1,0,0.0,False,0.0,1,1,10000.0,1.0,1,0.000287,0.0,0.0,,1,0,0,0,False,0.09,0.0,0.0,0.0305,0.0
100000003449074100,peripheral,0.9,1,0.038,Получил 10 тыс ₸ от 1 плательщика; пороги ролей не достигнуты,2185,,,1,False,1,0,10000.0,0.0,1,0,0.0,False,0.0,1,1,10000.0,1.0,1,0.000287,0.0,0.0,,1,0,0,0,False,0.09,0.0,0.0,0.0305,0.0
100000008548853100,peripheral,0.871,19,0.038,Получил 14 тыс ₸ от 1 плательщика; пороги ролей не достигнуты,2186,,,3,False,1,0,14000.0,0.0,1,0,0.0,False,0.0,0,1,9.303108,0.000665,1,0.000288,0.0,0.0,,1,0,0,0,False,0.0871,0.0,0.0,0.036,0.0
100000008672493100,peripheral,0.871,19,0.038,Получил 14 тыс ₸ от 1 плательщика; пороги ролей не достигнуты,2187,,,3,False,1,0,14000.0,0.0,1,0,0.0,False,0.0,0,1,9.303108,0.000665,1,0.000288,0.0,0.0,,1,0,0,0,False,0.0871,0.0,0.0,0.036,0.0
100000008706846100,peripheral,0.87,19,0.038,Получил 14 тыс ₸ от 1 плательщика; пороги ролей не достигнуты,2188,,,3,False,1,0,14200.0,0.0,1,0,0.0,False,0.0,0,1,9.436009,0.000665,1,0.000288,0.0,0.0,,1,0,0,0,False,0.087,0.0,0.0,0.0365,0.0
100000008190442100,peripheral,0.877,19,0.0379,Получил 13 тыс ₸ от 1 плательщика; пороги ролей не достигнуты,2189,,,3,False,1,0,13000.0,0.0,1,0,0.0,False,0.0,0,1,8.6386,0.000665,1,0.000288,0.0,0.0,,1,0,0,0,False,0.0877,0.0,0.0,0.0343,0.0
100000008672200100,peripheral,0.9,12,0.0379,Получил 9 тыс ₸ от 1 плательщика; пороги ролей не достигнуты,2190,,,1,False,1,0,8511.0,0.0,1,0,0.0,False,0.0,1,1,8511.0,1.0,1,0.000287,0.0,0.0,,1,0,0,0,False,0.09,0.0,0.0,0.0298,0.0
100000008688109100,peripheral,0.879,19,0.0378,Получил 13 тыс ₸ от 1 плательщика; пороги ролей не достигнуты,2191,,,3,False,1,0,12800.0,0.0,1,0,0.0,False,0.0,0,1,8.505698,0.000665,1,0.000288,0.0,0.0,,1,0,0,0,False,0.0879,0.0,0.0,0.0336,0.0
100000004268036100,peripheral,0.782,32,0.0377,4-е колено (обход оборван): 1 поступл. на 6 тыс ₸ от 1 плательщика; P(передаёт дальше)=0.26 — порогов ролей не достигает,2192,,обрыв_4_колена,4,False,1,0,5500.0,0.0,1,0,0.0,True,0.262961,0,1,0.266117,4.8e-05,1,0.000289,0.0,0.0,,1,0,0,0,False,0.0782,0.0,0.0,0.0525,0.0
100000002646745100,peripheral,0.882,19,0.0376,Получил 12 тыс ₸ от 1 плательщика; пороги ролей не достигнуты,2193,,,3,False,1,0,12300.0,0.0,1,0,0.0,False,0.0,0,1,8.173444,0.000665,1,0.000287,0.0,0.0,,1,0,0,0,False,0.0882,0.0,0.0,0.0316,0.0
100000002844897100,peripheral,0.893,6,0.0376,Получил 11 тыс ₸ от 1 плательщика; пороги ролей не достигнуты,2194,,,1,False,1,0,10800.0,0.0,1,0,0.0,False,0.0,1,1,10800.0,1.0,1,0.000287,0.0,0.0,,1,0,0,0,False,0.0893,0.0073,0.0,0.0198,0.0
100000005089460100,peripheral,0.882,19,0.0376,Получил 12 тыс ₸ от 1 плательщика; пороги ролей не достигнуты,2195,,,3,False,1,0,12300.0,0.0,1,0,0.0,False,0.0,0,1,8.173444,0.000665,1,0.000287,0.0,0.0,,1,0,0,0,False,0.0882,0.0,0.0,0.0316,0.0
100000008716072100,peripheral,0.883,19,0.0376,Получил 12 тыс ₸ от 1 плательщика; пороги ролей не достигнуты,2196,,,3,False,1,0,12100.0,0.0,1,0,0.0,False,0.0,0,1,8.040543,0.000665,1,0.000287,0.0,0.0,,1,0,0,0,False,0.0883,0.0,0.0,0.0314,0.0
100000008744799100,peripheral,0.88,19,0.0376,Получил 13 тыс ₸ от 1 плательщика; пороги ролей не достигнуты,2197,,,3,False,1,0,12600.0,0.0,1,0,0.0,False,0.0,0,1,8.372797,0.000665,1,0.000288,0.0,0.0,,1,0,0,0,False,0.088,0.0,0.0,0.0323,0.0
100000008754608100,peripheral,0.882,19,0.0376,Получил 12 тыс ₸ от 1 плательщика; пороги ролей не достигнуты,2198,,,3,False,1,0,12300.0,0.0,1,0,0.0,False,0.0,0,1,8.173444,0.000665,1,0.000287,0.0,0.0,,1,0,0,0,False,0.0882,0.0,0.0,0.0316,0.0
100000008489604100,peripheral,0.892,19,0.0375,Получил 11 тыс ₸ от 1 плательщика; пороги ролей не достигнуты,2199,,,3,False,1,0,11000.0,0.0,1,0,0.0,False,0.0,0,1,7.309585,0.000665,1,0.000287,0.0,0.0,,1,0,0,0,False,0.0892,0.0,0.0,0.0289,0.0
100000001149815100,peripheral,0.884,19,0.0374,Получил 12 тыс ₸ от 1 плательщика; пороги ролей не достигнуты,2200,,,3,False,1,0,12000.0,0.0,1,0,0.0,False,0.0,0,1,7.974092,0.000665,1,0.000287,0.0,0.0,,1,0,0,0,False,0.0884,0.0,0.0,0.0302,0.0
100000002635746100,peripheral,0.782,32,0.0374,4-е колено (обход оборван): 1 поступл. на 5 тыс ₸ от 1 плательщика; P(передаёт дальше)=0.26 — порогов ролей не достигает,2201,,обрыв_4_колена,4,False,1,0,5300.0,0.0,1,0,0.0,True,0.262365,0,1,0.25644,4.8e-05,1,0.000288,0.0,0.0,,1,0,0,0,False,0.0782,0.0,0.0,0.0505,0.0
100000008463968100,peripheral,0.9,19,0.0372,Получил 10 тыс ₸ от 1 плательщика; пороги ролей не достигнуты,2202,,,3,False,1,0,10000.0,0.0,1,0,0.0,False,0.0,0,1,6.645077,0.000665,1,0.000287,0.0,0.0,,1,0,0,0,False,0.09,0.0,0.0,0.0258,0.0
100000008648783100,peripheral,0.782,32,0.0372,4-е колено (обход оборван): 1 поступл. на 5 тыс ₸ от 1 плательщика; P(передаёт дальше)=0.26 — порогов ролей не достигает,2203,,обрыв_4_колена,4,False,1,0,5200.0,0.0,1,0,0.0,True,0.262891,0,1,0.251602,4.8e-05,1,0.000288,0.0,0.0,,1,0,0,0,False,0.0782,0.0,0.0,0.0496,0.0
100000008708061100,peripheral,0.9,19,0.0369,Получил 9 тыс ₸ от 1 плательщика; пороги ролей не достигнуты,2204,,,3,False,1,0,8650.0,0.0,1,0,0.0,False,0.0,0,1,5.747991,0.000665,1,0.000287,0.0,0.0,,1,0,0,0,False,0.09,0.0,0.0,0.024,0.0
100000008750464100,peripheral,0.9,19,0.0368,Получил 8 тыс ₸ от 1 плательщика; пороги ролей не достигнуты,2205,,,3,False,1,0,8500.0,0.0,1,0,0.0,False,0.0,0,1,5.648315,0.000665,1,0.000287,0.0,0.0,,1,0,0,0,False,0.09,0.0,0.0,0.0236,0.0
100000001590795100,peripheral,0.781,32,0.0367,4-е колено (обход оборван): 1 поступл. на 5 тыс ₸ от 1 плательщика; P(передаёт дальше)=0.26 — порогов ролей не достигает,2206,,обрыв_4_колена,4,False,1,0,5060.0,0.0,1,0,0.0,True,0.263339,0,1,0.244828,4.8e-05,1,0.000288,0.0,0.0,,1,0,0,0,False,0.0781,0.0,0.0,0.0467,0.0
100000003986141100,peripheral,0.9,4,0.0365,Получил 5 тыс ₸ от 1 плательщика; пороги ролей не достигнуты,2207,,,3,False,1,0,5286.32,0.0,1,0,0.0,False,0.0,0,1,19.875659,0.00376,1,0.000287,0.0,0.0,,1,0,0,0,False,0.09,0.0,0.0,0.0222,0.0
100000008537380100,peripheral,0.9,19,0.0364,Получил 8 тыс ₸ от 1 плательщика; пороги ролей не достигнуты,2208,,,3,False,1,0,8000.0,0.0,1,0,0.0,False,0.0,0,1,5.316061,0.000665,1,0.000287,0.0,0.0,,1,0,0,0,False,0.09,0.0,0.0,0.0214,0.0
100000004592467100,peripheral,0.9,5,0.0359,Получил 7 тыс ₸ от 1 плательщика; пороги ролей не достигнуты,2209,,,2,False,1,0,7000.0,0.0,1,0,0.0,False,0.0,0,1,151.589513,0.021656,1,0.000287,0.0,0.0,,1,0,0,0,False,0.09,0.0,0.0,0.0189,0.0
100000006989232100,peripheral,0.831,10,0.0359,Получил 22 тыс ₸ от 1 плательщика; пороги ролей не достигнуты,2210,,,3,False,1,0,22194.0,0.0,1,0,0.0,False,0.0,0,1,107.640026,0.00485,1,0.000288,0.0,0.0,,1,0,0,0,False,0.0831,0.0,0.0,0.0325,0.0
100000002346166100,peripheral,0.9,19,0.0357,Получил 6 тыс ₸ от 1 плательщика; пороги ролей не достигнуты,2211,,,3,False,1,0,6000.0,0.0,1,0,0.0,False,0.0,0,1,3.987046,0.000665,1,0.000287,0.0,0.0,,1,0,0,0,False,0.09,0.0,0.0,0.0178,0.0
100000008488166100,peripheral,0.9,19,0.0355,Получил 6 тыс ₸ от 1 плательщика; пороги ролей не достигнуты,2212,,,3,False,1,0,5600.0,0.0,1,0,0.0,False,0.0,0,1,3.721243,0.000665,1,0.000286,0.0,0.0,,1,0,0,0,False,0.09,0.0,0.0,0.0162,0.0
100000002614095100,peripheral,0.9,19,0.0353,Получил 5 тыс ₸ от 1 плательщика; пороги ролей не достигнуты,2213,,,3,False,1,0,5300.0,0.0,1,0,0.0,False,0.0,0,1,3.521891,0.000665,1,0.000286,0.0,0.0,,1,0,0,0,False,0.09,0.0,0.0,0.0153,0.0
100000006490557100,peripheral,0.9,6,0.0347,Получил 5 тыс ₸ от 1 плательщика; пороги ролей не достигнуты,2214,,,2,False,1,0,5000.0,0.0,1,0,0.0,False,0.0,0,1,407.838142,0.081568,0,0.000286,0.0,0.0,,1,0,0,0,False,0.09,0.0,0.0,0.012,0.0
100000003377795100,peripheral,0.9,6,0.0343,Получил 7 тыс ₸ от 1 плательщика; пороги ролей не достигнуты,2215,,,1,False,1,0,7000.0,0.0,1,0,0.0,False,0.0,1,1,7000.0,1.0,1,0.000286,0.0,0.0,,1,0,0,0,False,0.09,0.0,0.0,0.0096,0.0
100000004616845100,peripheral,0.629,16,0.0336,4-е колено (обход оборван): 2 поступл. на 20 тыс ₸ от 1 плательщика; P(передаёт дальше)=0.50 — порогов ролей не достигает,2216,,обрыв_4_колена,4,False,1,0,20200.0,0.0,2,0,0.0,True,0.500578,0,1,0.791095,3.9e-05,0,0.000289,0.0,0.0,,1,0,0,0,False,0.0629,0.0,0.0,0.0603,0.0
100000008762843100,peripheral,0.783,2,0.0334,4-е колено (обход оборван): 1 поступл. на 7 тыс ₸ от 1 плательщика; P(передаёт дальше)=0.26 — порогов ролей не достигает,2217,,обрыв_4_колена,4,False,1,0,7000.0,0.0,1,0,0.0,True,0.259969,0,1,0.036207,5e-06,1,0.000287,0.0,0.0,,1,0,0,0,False,0.0783,0.0,0.0,0.028,0.0
100000008762885100,peripheral,0.783,2,0.0334,4-е колено (обход оборван): 1 поступл. на 7 тыс ₸ от 1 плательщика; P(передаёт дальше)=0.26 — порогов ролей не достигает,2218,,обрыв_4_колена,4,False,1,0,7000.0,0.0,1,0,0.0,True,0.259969,0,1,0.036207,5e-06,1,0.000287,0.0,0.0,,1,0,0,0,False,0.0783,0.0,0.0,0.028,0.0
100000004272302100,peripheral,0.717,1,0.0324,4-е колено (обход оборван): 1 поступл. на 10 тыс ₸ от 1 плательщика; P(передаёт дальше)=0.41 — порогов ролей не достигает,2219,,обрыв_4_колена,4,False,1,0,10000.0,0.0,1,0,0.0,True,0.407305,0,1,34.641525,0.003464,0,0.000288,0.0,0.0,,1,0,0,0,False,0.0717,0.0,0.0,0.0358,0.0
100000008762005100,peripheral,0.781,2,0.032,4-е колено (обход оборван): 1 поступл. на 5 тыс ₸ от 1 плательщика; P(передаёт дальше)=0.26 — порогов ролей не достигает,2220,,обрыв_4_колена,4,False,1,0,5000.0,0.0,1,0,0.0,True,0.263463,0,1,0.025862,5e-06,1,0.000287,0.0,0.0,,1,0,0,0,False,0.0781,0.0,0.0,0.0207,0.0
100000005146665100,peripheral,0.714,16,0.0288,4-е колено (обход оборван): 1 поступл. на 6 тыс ₸ от 1 плательщика; P(передаёт дальше)=0.41 — порогов ролей не достигает,2221,,обрыв_4_колена,4,False,1,0,5500.0,0.0,1,0,0.0,True,0.413855,0,1,0.215397,3.9e-05,0,0.000286,0.0,0.0,,1,0,0,0,False,0.0714,0.0,0.0,0.0165,0.0
100000005543136100,peripheral,0.9,5,0.0277,Отдал 10 тыс ₸ 1 получ.; пороги ролей не достигнуты; seed: вход занижен,2222,,seed,0,True,0,1,0.0,10000.0,0,1,,False,1.0,0,0,0.0,1.0,0,0.000286,0.0,0.0,,0,0,0,0,False,0.09,0.0,0.0,0.0002,0.0
100000002707106100,peripheral,0.647,16,0.0268,4-е колено (обход оборван): 2 поступл. на 15 тыс ₸ от 1 плательщика; P(передаёт дальше)=0.50 — порогов ролей не достигает,2223,,обрыв_4_колена,4,False,1,0,15000.0,0.0,2,0,0.0,True,0.50335,0,1,1.557136,0.000104,0,0.000287,0.0,0.0,,1,0,0,0,False,0.0647,0.0,0.0,0.0187,0.0
100000006831291100,peripheral,0.865,46,0.0266,Отдал 15 тыс ₸ 1 получ.; пороги ролей не достигнуты; seed: вход занижен,2224,,seed,0,True,0,1,0.0,15000.0,0,3,,False,1.0,0,0,0.0,1.0,0,0.000286,0.0,0.0,,0,0,0,0,False,0.0865,0.0,0.0,0.0002,0.0
100000008654653100,peripheral,0.754,3,0.0262,Отдал 54 тыс ₸ 1 получ.; пороги ролей не достигнуты; seed: вход занижен,2225,,seed,0,True,0,1,0.0,54000.0,0,1,,False,1.0,0,0,0.0,1.0,1,0.000286,0.0,0.0,,0,0,0,0,False,0.0754,0.0,0.0145,0.0002,0.0
100000003200071100,peripheral,0.805,49,0.0248,Отдал 30 тыс ₸ 1 получ.; пороги ролей не достигнуты; seed: вход занижен,2226,,seed,0,True,0,1,0.0,30000.0,0,1,,False,1.0,0,0,0.0,1.0,0,0.000286,0.0,0.0,,0,0,0,0,False,0.0805,0.0,0.0,0.0002,0.0
100000002916006100,peripheral,0.799,7,0.0246,Отдал 32 тыс ₸ 1 получ.; пороги ролей не достигнуты; seed: вход занижен,2227,,seed,0,True,0,1,0.0,32000.0,0,1,,False,1.0,0,0,0.0,1.0,0,0.000286,0.0,0.0,,0,0,0,0,False,0.0799,0.0,0.0,0.0002,0.0
100000004714705100,peripheral,0.787,16,0.0242,Отдал 37 тыс ₸ 1 получ.; пороги ролей не достигнуты; seed: вход занижен,2228,,seed,0,True,0,1,0.0,36550.0,0,1,,False,1.0,0,0,0.0,1.0,0,0.000286,0.0,0.0,,0,0,0,0,False,0.0787,0.0,0.0,0.0002,0.0
100000005744674100,peripheral,0.76,7,0.0234,Отдал 50 тыс ₸ 1 получ.; пороги ролей не достигнуты; seed: вход занижен,2229,,seed,0,True,0,1,0.0,50066.0,0,2,,False,1.0,0,0,0.0,1.0,1,0.000286,0.0,0.0,,0,0,0,0,False,0.076,0.0,0.0002,0.0002,0.0
100000000456947100,peripheral,0.3,0,0.0093,Узел без переводов ≥5 тыс ₸ внутри банка за период: данных для роли нет; нужен запрос входящих и межбанка,2230,,seed,0,True,0,0,0.0,0.0,0,0,,False,0.0,0,0,0.0,1.0,0,0.000286,0.0,0.0,,0,0,0,0,False,0.03,0.0,0.0,0.0002,0.0
100000003265658100,peripheral,0.3,0,0.0093,Узел без переводов ≥5 тыс ₸ внутри банка за период: данных для роли нет; нужен запрос входящих и межбанка,2231,,seed,0,True,0,0,0.0,0.0,0,0,,False,0.0,0,0,0.0,1.0,0,0.000286,0.0,0.0,,0,0,0,0,False,0.03,0.0,0.0,0.0002,0.0
100000003349739100,peripheral,0.3,0,0.0093,Узел без переводов ≥5 тыс ₸ внутри банка за период: данных для роли нет; нужен запрос входящих и межбанка,2232,,seed,0,True,0,0,0.0,0.0,0,0,,False,0.0,0,0,0.0,1.0,0,0.000286,0.0,0.0,,0,0,0,0,False,0.03,0.0,0.0,0.0002,0.0
100000003770083100,peripheral,0.3,0,0.0093,Узел без переводов ≥5 тыс ₸ внутри банка за период: данных для роли нет; нужен запрос входящих и межбанка,2233,,seed,0,True,0,0,0.0,0.0,0,0,,False,0.0,0,0,0.0,1.0,0,0.000286,0.0,0.0,,0,0,0,0,False,0.03,0.0,0.0,0.0002,0.0
100000004021459100,peripheral,0.3,0,0.0093,Узел без переводов ≥5 тыс ₸ внутри банка за период: данных для роли нет; нужен запрос входящих и межбанка,2234,,seed,0,True,0,0,0.0,0.0,0,0,,False,0.0,0,0,0.0,1.0,0,0.000286,0.0,0.0,,0,0,0,0,False,0.03,0.0,0.0,0.0002,0.0
100000004174835100,peripheral,0.3,0,0.0093,Узел без переводов ≥5 тыс ₸ внутри банка за период: данных для роли нет; нужен запрос входящих и межбанка,2235,,seed,0,True,0,0,0.0,0.0,0,0,,False,0.0,0,0,0.0,1.0,0,0.000286,0.0,0.0,,0,0,0,0,False,0.03,0.0,0.0,0.0002,0.0
100000005017150100,peripheral,0.3,0,0.0093,Узел без переводов ≥5 тыс ₸ внутри банка за период: данных для роли нет; нужен запрос входящих и межбанка,2236,,seed,0,True,0,0,0.0,0.0,0,0,,False,0.0,0,0,0.0,1.0,0,0.000286,0.0,0.0,,0,0,0,0,False,0.03,0.0,0.0,0.0002,0.0
100000005087431100,peripheral,0.3,0,0.0093,Узел без переводов ≥5 тыс ₸ внутри банка за период: данных для роли нет; нужен запрос входящих и межбанка,2237,,seed,0,True,0,0,0.0,0.0,0,0,,False,0.0,0,0,0.0,1.0,0,0.000286,0.0,0.0,,0,0,0,0,False,0.03,0.0,0.0,0.0002,0.0
100000005235389100,peripheral,0.3,0,0.0093,Узел без переводов ≥5 тыс ₸ внутри банка за период: данных для роли нет; нужен запрос входящих и межбанка,2238,,seed,0,True,0,0,0.0,0.0,0,0,,False,0.0,0,0,0.0,1.0,0,0.000286,0.0,0.0,,0,0,0,0,False,0.03,0.0,0.0,0.0002,0.0
100000005480435100,peripheral,0.3,0,0.0093,Узел без переводов ≥5 тыс ₸ внутри банка за период: данных для роли нет; нужен запрос входящих и межбанка,2239,,seed,0,True,0,0,0.0,0.0,0,0,,False,0.0,0,0,0.0,1.0,0,0.000286,0.0,0.0,,0,0,0,0,False,0.03,0.0,0.0,0.0002,0.0
100000005495722100,peripheral,0.3,0,0.0093,Узел без переводов ≥5 тыс ₸ внутри банка за период: данных для роли нет; нужен запрос входящих и межбанка,2240,,seed,0,True,0,0,0.0,0.0,0,0,,False,0.0,0,0,0.0,1.0,0,0.000286,0.0,0.0,,0,0,0,0,False,0.03,0.0,0.0,0.0002,0.0
100000005550592100,peripheral,0.3,0,0.0093,Узел без переводов ≥5 тыс ₸ внутри банка за период: данных для роли нет; нужен запрос входящих и межбанка,2241,,seed,0,True,0,0,0.0,0.0,0,0,,False,0.0,0,0,0.0,1.0,0,0.000286,0.0,0.0,,0,0,0,0,False,0.03,0.0,0.0,0.0002,0.0
100000005560900100,peripheral,0.3,0,0.0093,Узел без переводов ≥5 тыс ₸ внутри банка за период: данных для роли нет; нужен запрос входящих и межбанка,2242,,seed,0,True,0,0,0.0,0.0,0,0,,False,0.0,0,0,0.0,1.0,0,0.000286,0.0,0.0,,0,0,0,0,False,0.03,0.0,0.0,0.0002,0.0
100000005568407100,peripheral,0.3,0,0.0093,Узел без переводов ≥5 тыс ₸ внутри банка за период: данных для роли нет; нужен запрос входящих и межбанка,2243,,seed,0,True,0,0,0.0,0.0,0,0,,False,0.0,0,0,0.0,1.0,0,0.000286,0.0,0.0,,0,0,0,0,False,0.03,0.0,0.0,0.0002,0.0
100000008117324100,peripheral,0.3,0,0.0093,Узел без переводов ≥5 тыс ₸ внутри банка за период: данных для роли нет; нужен запрос входящих и межбанка,2244,,seed,0,True,0,0,0.0,0.0,0,0,,False,0.0,0,0,0.0,1.0,0,0.000286,0.0,0.0,,0,0,0,0,False,0.03,0.0,0.0,0.0002,0.0
100000008205000100,peripheral,0.3,0,0.0093,Узел без переводов ≥5 тыс ₸ внутри банка за период: данных для роли нет; нужен запрос входящих и межбанка,2245,,seed,0,True,0,0,0.0,0.0,0,0,,False,0.0,0,0,0.0,1.0,0,0.000286,0.0,0.0,,0,0,0,0,False,0.03,0.0,0.0,0.0002,0.0
100000008513251100,peripheral,0.3,0,0.0093,Узел без переводов ≥5 тыс ₸ внутри банка за период: данных для роли нет; нужен запрос входящих и межбанка,2246,,seed,0,True,0,0,0.0,0.0,0,0,,False,0.0,0,0,0.0,1.0,0,0.000286,0.0,0.0,,0,0,0,0,False,0.03,0.0,0.0,0.0002,0.0
100000008669037100,peripheral,0.3,0,0.0093,Узел без переводов ≥5 тыс ₸ внутри банка за период: данных для роли нет; нужен запрос входящих и межбанка,2247,,seed,0,True,0,0,0.0,0.0,0,0,,False,0.0,0,0,0.0,1.0,0,0.000286,0.0,0.0,,0,0,0,0,False,0.03,0.0,0.0,0.0002,0.0
100000008701222100,peripheral,0.3,0,0.0093,Узел без переводов ≥5 тыс ₸ внутри банка за период: данных для роли нет; нужен запрос входящих и межбанка,2248,,seed,0,True,0,0,0.0,0.0,0,0,,False,0.0,0,0,0.0,1.0,0,0.000286,0.0,0.0,,0,0,0,0,False,0.03,0.0,0.0,0.0002,0.0
