gid,role,role_score,cluster_id,priority_score,evidence
100000008603629100,coordinator,0.936,1,1.0,"Хаб: 19 плательщиков → 61 получателей; вход 1.8 млн ₸, выход 5 млн ₸; связан с 19 ключевыми узлами; возвратных циклов: 96"
100000003115284100,consolidator,0.813,1,0.9972,Сбор от 8 плательщиков (seed: 2): 2.2 млн ₸; дальше ушло 24% (2 получ.); деньги 9 seed доходят до узла
100000000331309100,coordinator,0.833,4,0.9879,"Хаб: 5 плательщиков → 99 получателей; вход 985 тыс ₸, выход 23 млн ₸; связан с 11 ключевыми узлами; возвратных циклов: 1"
100000000437046100,coordinator,0.831,10,0.9798,"Хаб: 9 плательщиков → 42 получателей; вход 1.1 млн ₸, выход 7.6 млн ₸; связан с 15 ключевыми узлами; возвратных циклов: 45"
100000003684369100,coordinator,0.961,5,0.9493,"Хаб: 24 плательщиков (seed: 1) → 62 получателей; вход 3.8 млн ₸, выход 8.6 млн ₸; связан с 16 ключевыми узлами; возвратных циклов: 1"
100000008477350100,coordinator,0.847,1,0.9396,"Хаб: 11 плательщиков → 39 получателей; вход 610 тыс ₸, выход 3.4 млн ₸; связан с 14 ключевыми узлами; возвратных циклов: 46"
100000008165763100,coordinator,0.819,1,0.9054,"Хаб: 15 плательщиков (seed: 1) → 17 получателей; вход 1.2 млн ₸, выход 1.3 млн ₸; связан с 13 ключевыми узлами"
100000004400305100,coordinator,0.854,1,0.8911,"Хаб: 7 плательщиков → 82 получателей; вход 223 тыс ₸, выход 5.8 млн ₸; связан с 24 ключевыми узлами; возвратных циклов: 34"
100000002224132100,consolidator,0.637,21,0.8897,"Сбор от 5 плательщиков: 4 млн ₸; отдал 12.1 млн ₸ 4 получ. — больше, чем получил в выборке"
100000004299488100,consolidator,0.727,1,0.8817,Сбор от 6 плательщиков (seed: 1): 1.7 млн ₸; дальше ушло 20% (2 получ.); деньги 3 seed доходят до узла
100000007055802100,consolidator,0.74,1,0.8741,Сбор от 6 плательщиков (seed: 1): 2 млн ₸; дальше ушло 30% (1 получ.); деньги 3 seed доходят до узла
100000004015047100,consolidator,0.882,8,0.8705,Сбор от 9 плательщиков (seed: 3): 919 тыс ₸; дальше ушло 8% (1 получ.); деньги 8 seed доходят до узла
100000008547948100,coordinator,0.744,2,0.8686,"Хаб: 6 плательщиков → 26 получателей; вход 213 тыс ₸, выход 5.2 млн ₸; связан с 9 ключевыми узлами; возвратных циклов: 3"
100000004156082100,distributor,0.786,3,0.8521,"Веер: 26 получателей при 5 плательщиках; разослал 2.3 млн ₸, в среднем 80 тыс ₸ за перевод"
100000006866783100,coordinator,0.903,1,0.82,"Хаб: 13 плательщиков → 67 получателей; вход 839 тыс ₸, выход 3.9 млн ₸; связан с 18 ключевыми узлами; возвратных циклов: 85"
100000006889963100,consolidator,0.721,10,0.8184,Сбор от 4 плательщиков (seed: 2): 1.4 млн ₸; дальше ушло 31% (1 получ.); деньги 9 seed доходят до узла
100000003016635100,distributor,0.937,3,0.8136,"Веер: 73 получателей при 8 плательщиках; разослал 9.4 млн ₸, в среднем 62 тыс ₸ за перевод; вход занижен (seed)"
100000008346837100,coordinator,0.741,13,0.8104,"Хаб: 9 плательщиков → 25 получателей; вход 254 тыс ₸, выход 1.3 млн ₸; связан с 6 ключевыми узлами; возвратных циклов: 20"
100000002578405100,distributor,0.997,19,0.8031,"Веер: 116 получателей при 2 плательщиках; разослал 3.1 млн ₸, в среднем 26 тыс ₸ за перевод"
100000002398779100,consolidator,0.809,1,0.8018,Сбор от 13 плательщиков: 1.1 млн ₸; дальше ушло 6% (1 получ.); деньги 5 seed доходят до узла
100000008748914100,distributor,0.703,5,0.7992,"Веер: 13 получателей при 2 плательщиках; разослал 4.5 млн ₸, в среднем 213 тыс ₸ за перевод"
100000008489922100,distributor,0.85,2,0.7838,"Веер: 36 получателей при 3 плательщиках; разослал 3.8 млн ₸, в среднем 92 тыс ₸ за перевод"
100000001857829100,coordinator,0.648,9,0.7687,"Хаб: 6 плательщиков → 16 получателей; вход 889 тыс ₸, выход 2.4 млн ₸; связан с 5 ключевыми узлами; возвратных циклов: 5"
100000005242320100,distributor,0.778,11,0.7646,"Веер: 21 получателей при 2 плательщиках; разослал 8.9 млн ₸, в среднем 308 тыс ₸ за перевод"
100000007594394100,consolidator,0.698,18,0.7646,"Сбор от 6 плательщиков: 395 тыс ₸; отдал 3.4 млн ₸ 1 получ. — больше, чем получил в выборке; деньги 4 seed доходят до узла"
100000003701161100,consolidator,0.651,23,0.7605,Сбор от 4 плательщиков (seed: 1): 1.5 млн ₸; дальше ушло 23% (3 получ.); деньги 3 seed доходят до узла
100000008637537100,consolidator,0.646,10,0.7602,"Сбор от 3 плательщиков (seed: 2): 620 тыс ₸; отдал 2.4 млн ₸ 3 получ. — больше, чем получил в выборке; деньги 4 seed доходят до узла"
100000005704413100,distributor,0.833,15,0.76,"Веер: 32 получателей при 3 плательщиках; разослал 1.4 млн ₸, в среднем 39 тыс ₸ за перевод"
100000005933757100,distributor,0.836,16,0.7581,"Веер: 34 получателей при 4 плательщиках; разослал 3 млн ₸, в среднем 65 тыс ₸ за перевод"
100000005910114100,distributor,0.752,1,0.7545,"Веер: 19 получателей при 3 плательщиках; разослал 1.5 млн ₸, в среднем 26 тыс ₸ за перевод"
100000002957787100,distributor,0.836,1,0.747,"Веер: 34 получателей при 4 плательщиках; разослал 1.3 млн ₸, в среднем 31 тыс ₸ за перевод"
100000008304139100,distributor,0.781,20,0.7405,"Веер: 24 получателей при 4 плательщиках; разослал 1.7 млн ₸, в среднем 39 тыс ₸ за перевод"
100000005339662100,consolidator,0.642,3,0.7368,"Сбор от 4 плательщиков (seed: 1): 203 тыс ₸; отдал 295 тыс ₸ 4 получ. — больше, чем получил в выборке; деньги 3 seed доходят до узла"
100000005782781100,coordinator,0.662,18,0.7324,"Хаб: 6 плательщиков → 10 получателей; вход 172 тыс ₸, выход 1.3 млн ₸; связан с 8 ключевыми узлами; возвратных циклов: 6"
100000003242289100,distributor,0.782,14,0.732,"Веер: 23 получателей при 3 плательщиках; разослал 2.4 млн ₸, в среднем 91 тыс ₸ за перевод"
100000004351795100,distributor,0.701,14,0.7178,"Веер: 14 получателей при 3 плательщиках; разослал 1.7 млн ₸, в среднем 46 тыс ₸ за перевод"
100000002838861100,consolidator,0.755,6,0.7157,Сбор от 5 плательщиков (seed: 2): 555 тыс ₸; дальше ушло 2% (1 получ.); деньги 4 seed доходят до узла
100000004135268100,transit,0.844,29,0.7152,"Пропуск 81%: получил 1.2 млн ₸ от 2, отдал 1 млн ₸ 3 получ.; 69% ушло ≤2 дн. после поступления"
100000003880331100,distributor,0.749,9,0.7114,"Веер: 16 получателей при 1 плательщиках; разослал 3.9 млн ₸, в среднем 126 тыс ₸ за перевод"
100000001697501100,distributor,0.858,12,0.7094,"Веер: 38 получателей при 3 плательщиках; разослал 1.5 млн ₸, в среднем 27 тыс ₸ за перевод"
100000008748408100,distributor,0.787,8,0.7092,"Веер: 21 получателей при 1 плательщиках; разослал 1.5 млн ₸, в среднем 68 тыс ₸ за перевод"
100000004071080100,consolidator,0.789,1,0.7077,Сбор от 9 плательщиков (seed: 1): 239 тыс ₸; дальше ушло 19% (2 получ.)
100000006274203100,terminal,0.904,18,0.7055,"Получил 3.4 млн ₸ от 2 плательщиков, дальше ушло лишь 2% (исходящие наблюдаемы); деньги 4 seed доходят до узла"
100000004070318100,distributor,0.742,1,0.7026,"Веер: 19 получателей при 4 плательщиках; разослал 552 тыс ₸, в среднем 15 тыс ₸ за перевод"
100000000661912100,consolidator,0.698,1,0.7021,Сбор от 5 плательщиков (seed: 1): 393 тыс ₸; дальше ушло 110% (2 получ.)
100000002718366100,consolidator,0.716,2,0.6985,Сбор от 6 плательщиков: 2.5 млн ₸; дальше не ушло ничего; деньги 5 seed доходят до узла
100000008710791100,distributor,0.782,2,0.6897,"Веер: 23 получателей при 3 плательщиках; разослал 5.5 млн ₸, в среднем 221 тыс ₸ за перевод"
100000002894076100,consolidator,0.746,6,0.6854,Сбор от 4 плательщиков (seed: 2): 1.1 млн ₸; дальше не ушло ничего; деньги 7 seed доходят до узла
100000000343175100,coordinator,0.76,7,0.6829,"Хаб: 8 плательщиков (seed: 1) → 31 получателей; вход 179 тыс ₸, выход 4 млн ₸; связан с 7 ключевыми узлами"
100000008730846100,consolidator,0.699,1,0.6802,"Сбор от 7 плательщиков: 155 тыс ₸; отдал 363 тыс ₸ 3 получ. — больше, чем получил в выборке; деньги 4 seed доходят до узла"
100000002527114100,distributor,0.995,12,0.6782,"Веер: 111 получателей при 3 плательщиках; разослал 3.3 млн ₸, в среднем 29 тыс ₸ за перевод; вход занижен (seed)"
100000001732159100,transit,0.743,10,0.6764,"Признаки передачи средств seed: вход неполон; переправил 1.5 млн ₸ 4 получ., 31% — одному"
100000000706545100,terminal,0.897,3,0.6757,"Получил 1.1 млн ₸ от 3 плательщиков (seed: 1), дальше ушло лишь 7% (исходящие наблюдаемы)"
100000001330685100,terminal,0.934,4,0.6754,"Получил 2.4 млн ₸ от 3 плательщиков (seed: 1), дальше ушло лишь 4% (исходящие наблюдаемы); деньги 3 seed доходят до узла"
100000005660203100,terminal,0.773,3,0.6725,"Получил 573 тыс ₸ от 1 плательщиков, дальше ушло лишь 7% (исходящие наблюдаемы); деньги 3 seed доходят до узла"
100000007629096100,consolidator,0.638,20,0.6717,Сбор от 4 плательщиков: 1.1 млн ₸; дальше ушло 71% (1 получ.); деньги 3 seed доходят до узла
100000004759121100,consolidator,0.727,10,0.6705,Сбор от 6 плательщиков (seed: 1): 710 тыс ₸; дальше ушло 44% (2 получ.); деньги 3 seed доходят до узла
100000006518161100,transit,0.775,3,0.6672,"Пропуск 100%: получил 594 тыс ₸ от 3, отдал 596 тыс ₸ 2 получ."
100000003404627100,consolidator,0.705,10,0.6641,Сбор от 4 плательщиков (seed: 1): 878 тыс ₸; дальше не ушло ничего; деньги 5 seed доходят до узла
100000005382566100,consolidator,0.846,7,0.6639,Сбор от 7 плательщиков (seed: 6): 393 тыс ₸; дальше ушло 13% (1 получ.); деньги 11 seed доходят до узла
100000008547844100,distributor,0.752,2,0.6609,"Веер: 19 получателей при 3 плательщиках; разослал 2 млн ₸, в среднем 97 тыс ₸ за перевод"
100000008465789100,distributor,0.749,2,0.6598,"Веер: 16 получателей при 1 плательщиках; разослал 1.9 млн ₸, в среднем 109 тыс ₸ за перевод"
100000004892144100,terminal,0.9,21,0.6571,"Получил 4.5 млн ₸ от 2 плательщиков, дальше ушло лишь 4% (исходящие наблюдаемы)"
100000008517538100,distributor,0.734,2,0.6484,"Веер: 17 получателей при 3 плательщиках; разослал 1.4 млн ₸, в среднем 80 тыс ₸ за перевод"
100000004160650100,distributor,0.66,24,0.6448,"Веер: 10 получателей при 2 плательщиках; разослал 1.5 млн ₸, в среднем 37 тыс ₸ за перевод"
100000003796063100,distributor,0.739,1,0.6412,"Веер: 15 получателей при 1 плательщиках; разослал 959 тыс ₸, в среднем 42 тыс ₸ за перевод"
100000000332284100,consolidator,0.755,4,0.6362,"Сбор от 10 плательщиков: 107 тыс ₸; отдал 290 тыс ₸ 3 получ. — больше, чем получил в выборке; деньги 3 seed доходят до узла"
100000005514161100,consolidator,0.68,8,0.6231,Сбор от 4 плательщиков (seed: 1): 402 тыс ₸; дальше ушло 12% (1 получ.); деньги 6 seed доходят до узла
100000008743913100,distributor,0.688,2,0.6226,"Веер: 13 получателей при 3 плательщиках; разослал 1.9 млн ₸, в среднем 142 тыс ₸ за перевод"
100000001162560100,distributor,0.707,6,0.6211,"Веер: 12 получателей при 1 плательщиках; разослал 2.9 млн ₸, в среднем 207 тыс ₸ за перевод"
100000003635170100,transit,0.819,7,0.6179,"Пропуск 94%: получил 268 тыс ₸ от 3, отдал 254 тыс ₸ 4 получ.; 36% ушло ≤2 дн. после поступления"
100000001282143100,consolidator,0.692,2,0.6178,Сбор от 5 плательщиков: 1.7 млн ₸; дальше не ушло ничего; деньги 5 seed доходят до узла
100000005578559100,distributor,0.778,15,0.6171,"Веер: 21 получателей при 2 плательщиках; разослал 893 тыс ₸, в среднем 39 тыс ₸ за перевод"
100000008560717100,consolidator,0.763,4,0.6126,Сбор от 7 плательщиков (seed: 1): 529 тыс ₸; дальше ушло 5% (1 получ.); деньги 3 seed доходят до узла
100000001072022100,terminal,0.933,5,0.6086,"Получил 1.7 млн ₸ от 3 плательщиков (seed: 1), исходящих нет (исходящие наблюдаемы); деньги 5 seed доходят до узла"
100000002547110100,consolidator,0.716,2,0.6079,Сбор от 6 плательщиков: 1.5 млн ₸; дальше не ушло ничего; деньги 3 seed доходят до узла
100000001899164100,consolidator,0.651,17,0.6078,Сбор от 4 плательщиков (seed: 1): 292 тыс ₸; дальше ушло 26% (3 получ.); деньги 5 seed доходят до узла
100000004159526100,consolidator,0.642,16,0.6077,Сбор от 4 плательщиков (seed: 1): 275 тыс ₸; дальше ушло 25% (4 получ.); деньги 3 seed доходят до узла
100000002605308100,terminal,0.942,16,0.6058,"Получил 2.6 млн ₸ от 3 плательщиков, исходящих нет (исходящие наблюдаемы); деньги 4 seed доходят до узла"
100000000594783100,terminal,0.838,21,0.6049,"Получил 2.6 млн ₸ от 1 плательщиков, дальше ушло лишь 6% (исходящие наблюдаемы)"
100000000552584100,terminal,0.845,21,0.6026,"Получил 2.5 млн ₸ от 1 плательщиков, дальше ушло лишь 2% (исходящие наблюдаемы)"
100000008512827100,distributor,0.64,2,0.6019,"Веер: 10 получателей при 3 плательщиках; разослал 1.9 млн ₸, в среднем 194 тыс ₸ за перевод"
100000008686313100,peripheral,0.5,10,0.6016,"Получил 1.9 млн ₸ от 6, отдал 334 тыс ₸ 7 получ., пропуск 17%; пороги ролей не достигнуты"
100000008546855100,consolidator,0.685,18,0.5981,Сбор от 6 плательщиков: 72 тыс ₸; дальше ушло 14% (2 получ.); деньги 3 seed доходят до узла
100000008723830100,transit,0.993,3,0.5938,"Пропуск 99%: получил 460 тыс ₸ от 2, отдал 455 тыс ₸ 1 получ.; 99% ушло ≤2 дн. после поступления"
100000005171642100,transit,0.965,2,0.5929,"Пропуск 98%: получил 697 тыс ₸ от 2, отдал 684 тыс ₸ 1 получ.; 89% ушло ≤2 дн. после поступления"
100000007442518100,peripheral,0.5,11,0.5926,"Получил 510 тыс ₸ от 5, отдал 4.4 млн ₸ 9 получ., пропуск 867%; пороги ролей не достигнуты"
100000008466579100,distributor,0.746,2,0.5924,"Веер: 17 получателей при 2 плательщиках; разослал 1.9 млн ₸, в среднем 97 тыс ₸ за перевод"
100000007939160100,terminal,0.8,33,0.5923,"Получил 795 тыс ₸ от 1 плательщиков (seed: 1), дальше ушло лишь 2% (исходящие наблюдаемы)"
100000004221668100,consolidator,0.609,2,0.5914,Сбор от 4 плательщиков: 1.1 млн ₸; дальше ушло 65% (3 получ.)
100000004150593100,distributor,0.694,3,0.5888,"Веер: 11 получателей при 1 плательщиках; разослал 871 тыс ₸, в среднем 54 тыс ₸ за перевод"
100000001303311100,consolidator,0.692,2,0.5878,Сбор от 5 плательщиков: 1.3 млн ₸; дальше не ушло ничего; деньги 3 seed доходят до узла
100000003718221100,transit,0.874,23,0.5878,"Пропуск 121%: получил 350 тыс ₸ от 2, отдал 424 тыс ₸ 4 получ.; 77% ушло ≤2 дн. после поступления"
100000003854444100,distributor,0.73,18,0.5868,"Веер: 14 получателей при 1 плательщиках; разослал 2.3 млн ₸, в среднем 166 тыс ₸ за перевод"
100000004486525100,consolidator,0.729,1,0.5867,Сбор от 8 плательщиков: 361 тыс ₸; дальше ушло 75% (2 получ.); деньги 3 seed доходят до узла
100000006972210100,consolidator,0.75,6,0.5864,Сбор от 3 плательщиков (seed: 3): 489 тыс ₸; дальше не ушло ничего; деньги 7 seed доходят до узла
100000008413748100,distributor,0.754,4,0.5845,"Веер: 18 получателей при 2 плательщиках; разослал 1.4 млн ₸, в среднем 66 тыс ₸ за перевод"
100000006734214100,consolidator,0.645,4,0.5843,Сбор от 5 плательщиков: 610 тыс ₸; дальше ушло 6% (3 получ.); деньги 3 seed доходят до узла
100000004041163100,transit,0.806,7,0.5823,"Признаки передачи средств seed: вход неполон; переправил 866 тыс ₸ 2 получ., 81% — одному"
100000008324800100,transit,0.856,20,0.5812,"Пропуск 97%: получил 526 тыс ₸ от 3, отдал 511 тыс ₸ 1 получ.; 47% ушло ≤2 дн. после поступления"
100000002849158100,transit,0.785,2,0.5798,"Пропуск 182%: получил 723 тыс ₸ от 3, отдал 1.3 млн ₸ 1 получ.; 100% ушло ≤2 дн. после поступления"
100000003265158100,consolidator,0.658,17,0.5783,Сбор от 3 плательщиков (seed: 2): 146 тыс ₸; дальше ушло 106% (2 получ.); деньги 4 seed доходят до узла
100000003071930100,terminal,0.868,6,0.5773,"Получил 478 тыс ₸ от 3 плательщиков (seed: 1), дальше ушло лишь 1% (исходящие наблюдаемы); деньги 5 seed доходят до узла"
100000007777377100,terminal,0.772,5,0.5763,"Получил 456 тыс ₸ от 1 плательщиков, дальше ушло лишь 2% (исходящие наблюдаемы); деньги 4 seed доходят до узла"
100000002173161100,terminal,0.925,3,0.5744,"Получил 1.4 млн ₸ от 3 плательщиков (seed: 1), исходящих нет (исходящие наблюдаемы); деньги 3 seed доходят до узла"
100000004820260100,transit,0.799,3,0.5698,"Пропуск 92%: получил 234 тыс ₸ от 1, отдал 215 тыс ₸ 3 получ.; 32% ушло ≤2 дн. после поступления"
100000005820746100,terminal,0.844,21,0.5677,"Получил 2 млн ₸ от 1 плательщиков, дальше ушло лишь 3% (исходящие наблюдаемы)"
100000001616816100,consolidator,0.645,8,0.567,Сбор от 5 плательщиков: 176 тыс ₸; дальше ушло 103% (3 получ.); деньги 7 seed доходят до узла
100000002175422100,peripheral,0.5,25,0.561,"Получил 68 тыс ₸ от 3, отдал 1.6 млн ₸ 6 получ., пропуск 2367%; пороги ролей не достигнуты"
100000008111003100,consolidator,0.698,1,0.5607,Сбор от 6 плательщиков: 223 тыс ₸; дальше ушло 16% (1 получ.); деньги 3 seed доходят до узла
100000004603109100,peripheral,0.5,21,0.5591,"Получил 2.7 млн ₸ от 3, отдал 400 тыс ₸ 2 получ., пропуск 15%; пороги ролей не достигнуты"
100000005778283100,consolidator,0.708,18,0.5589,Сбор от 3 плательщиков (seed: 2): 616 тыс ₸; дальше не ушло ничего; деньги 4 seed доходят до узла
100000008659445100,transit,0.707,31,0.558,"Признаки передачи средств seed: вход неполон; переправил 875 тыс ₸ 4 получ., 31% — одному"
100000004962193100,consolidator,0.754,1,0.5579,Сбор от 8 плательщиков: 900 тыс ₸; дальше не ушло ничего; деньги 3 seed доходят до узла
100000002958343100,peripheral,0.5,6,0.5576,"Получил 2.9 млн ₸ от 1, отдал 1.4 млн ₸ 2 получ., пропуск 48%; пороги ролей не достигнуты"
100000001937767100,peripheral,0.5,16,0.5575,"Получил 53 тыс ₸ от 1, отдал 1.9 млн ₸ 4 получ., пропуск 3647%; пороги ролей не достигнуты"
100000006707582100,distributor,0.715,15,0.5542,"Веер: 14 получателей при 2 плательщиках; разослал 961 тыс ₸, в среднем 64 тыс ₸ за перевод"
100000002723538100,distributor,0.674,1,0.5528,"Веер: 12 получателей при 3 плательщиках; разослал 560 тыс ₸, в среднем 40 тыс ₸ за перевод"
100000003741418100,consolidator,0.739,1,0.5517,Сбор от 9 плательщиков: 152 тыс ₸; дальше ушло 26% (3 получ.); деньги 3 seed доходят до узла
100000003004487100,consolidator,0.663,25,0.5493,"Сбор от 4 плательщиков (seed: 1): 184 тыс ₸; отдал 265 тыс ₸ 2 получ. — больше, чем получил в выборке"
100000007593823100,distributor,0.688,1,0.5486,"Веер: 13 получателей при 3 плательщиках; разослал 163 тыс ₸, в среднем 8 тыс ₸ за перевод"
100000008571433100,transit,0.826,29,0.5472,"Признаки передачи средств seed: вход неполон; переправил 1.4 млн ₸ 2 получ., 74% — одному"
100000008144528100,consolidator,0.692,3,0.5469,Сбор от 5 плательщиков: 1.1 млн ₸; дальше не ушло ничего; деньги 4 seed доходят до узла
100000000274067100,peripheral,0.5,6,0.5451,"Получил 518 тыс ₸ от 2, отдал 3 млн ₸ 3 получ., пропуск 573%; пороги ролей не достигнуты"
100000002371751100,transit,0.882,40,0.5448,"Пропуск 125%: получил 200 тыс ₸ от 1, отдал 250 тыс ₸ 1 получ.; 85% ушло ≤2 дн. после поступления"
100000008742053100,distributor,0.707,2,0.5407,"Веер: 12 получателей при 1 плательщиках; разослал 2.8 млн ₸, в среднем 232 тыс ₸ за перевод"
100000003299365100,transit,1.0,5,0.5383,"Пропуск 100%: получил 200 тыс ₸ от 1, отдал 200 тыс ₸ 1 получ.; 100% ушло ≤2 дн. после поступления"
100000006977207100,distributor,0.739,9,0.5365,"Веер: 15 получателей при 1 плательщиках; разослал 4.2 млн ₸, в среднем 277 тыс ₸ за перевод"
100000005610717100,consolidator,0.638,10,0.5364,Сбор от 4 плательщиков: 484 тыс ₸; дальше ушло 55% (1 получ.); деньги 3 seed доходят до узла
100000002603769100,terminal,0.916,1,0.5357,"Получил 1.2 млн ₸ от 3 плательщиков (seed: 1), исходящих нет (исходящие наблюдаемы); деньги 3 seed доходят до узла"
100000000673868100,peripheral,0.5,11,0.5348,"Получил 2 млн ₸ от 1, отдал 383 тыс ₸ 5 получ., пропуск 19%; пороги ролей не достигнуты"
100000003834495100,terminal,0.875,10,0.5324,"Получил 602 тыс ₸ от 3 плательщиков, дальше ушло лишь 3% (исходящие наблюдаемы)"
100000003528285100,consolidator,0.6,1,0.5315,"Сбор от 4 плательщиков: 119 тыс ₸; отдал 548 тыс ₸ 4 получ. — больше, чем получил в выборке"
100000004186824100,terminal,0.83,3,0.5315,"Получил 452 тыс ₸ от 2 плательщиков (seed: 1), дальше ушло лишь 2% (исходящие наблюдаемы)"
100000006788200100,consolidator,0.651,8,0.5311,Сбор от 4 плательщиков (seed: 1): 272 тыс ₸; дальше ушло 24% (3 получ.); деньги 3 seed доходят до узла
100000005830339100,consolidator,0.671,1,0.5291,Сбор от 5 плательщиков: 476 тыс ₸; дальше ушло 71% (1 получ.)
100000001463701100,terminal,0.849,7,0.5282,"Получил 621 тыс ₸ от 2 плательщиков (seed: 1), исходящих нет (исходящие наблюдаемы); деньги 5 seed доходят до узла"
100000006069103100,transit,0.718,3,0.5249,"Пропуск 118%: получил 229 тыс ₸ от 3, отдал 270 тыс ₸ 3 получ."
100000008710843100,distributor,0.703,2,0.5232,"Веер: 13 получателей при 2 плательщиках; разослал 2 млн ₸, в среднем 142 тыс ₸ за перевод"
100000001411870100,terminal,0.868,8,0.5212,"Получил 900 тыс ₸ от 2 плательщиков (seed: 1), исходящих нет (исходящие наблюдаемы)"
100000000580561100,transit,0.787,33,0.5208,"Признаки передачи средств seed: вход неполон; переправил 1.5 млн ₸ 3 получ., 53% — одному"
100000004679953100,terminal,0.834,1,0.5204,"Получил 344 тыс ₸ от 3 плательщиков (seed: 1), дальше ушло лишь 10% (исходящие наблюдаемы)"
100000001609499100,terminal,0.824,1,0.5197,"Получил 263 тыс ₸ от 3 плательщиков (seed: 1), дальше ушло лишь 8% (исходящие наблюдаемы)"
100000008258083100,peripheral,0.5,11,0.5196,"Получил 3.1 млн ₸ от 2, отдал 2 млн ₸ 2 получ., пропуск 65%; пороги ролей не достигнуты"
100000001527186100,terminal,0.796,5,0.5193,"Получил 678 тыс ₸ от 1 плательщиков (seed: 1), исходящих нет (исходящие наблюдаемы); деньги 4 seed доходят до узла"
100000006755850100,terminal,0.775,10,0.5188,"Получил 443 тыс ₸ от 1 плательщиков, исходящих нет (исходящие наблюдаемы); деньги 9 seed доходят до узла"
100000004707703100,transit,0.885,3,0.5182,"Пропуск 97%: получил 239 тыс ₸ от 2, отдал 232 тыс ₸ 5 получ.; 59% ушло ≤2 дн. после поступления"
100000002939838100,terminal,0.879,5,0.5161,"Получил 571 тыс ₸ от 3 плательщиков (seed: 1), исходящих нет (исходящие наблюдаемы); деньги 6 seed доходят до узла"
100000002957306100,terminal,0.827,7,0.5157,"Получил 398 тыс ₸ от 2 плательщиков (seed: 2), исходящих нет (исходящие наблюдаемы); деньги 8 seed доходят до узла"
100000003923946100,peripheral,0.534,8,0.5148,"Получил 282 тыс ₸ от 1, отдал 675 тыс ₸ 4 получ., пропуск 239%; пороги ролей не достигнуты"
100000004847758100,distributor,0.699,1,0.5148,"Веер: 15 получателей при 4 плательщиках; разослал 489 тыс ₸, в среднем 21 тыс ₸ за перевод"
100000002963189100,peripheral,0.5,16,0.514,"Получил 490 тыс ₸ от 1, отдал 5.2 млн ₸ 7 получ., пропуск 1065%; пороги ролей не достигнуты"
100000002480800100,terminal,0.845,1,0.5135,"Получил 569 тыс ₸ от 2 плательщиков (seed: 1), исходящих нет (исходящие наблюдаемы); деньги 4 seed доходят до узла"
100000004692798100,terminal,0.789,17,0.5114,"Получил 240 тыс ₸ от 2 плательщиков (seed: 1), дальше ушло лишь 6% (исходящие наблюдаемы)"
100000005074393100,peripheral,0.5,13,0.5102,"Получил 563 тыс ₸ от 4, отдал 686 тыс ₸ 6 получ., пропуск 122%; пороги ролей не достигнуты"
100000002193259100,transit,0.89,17,0.5091,"Пропуск 121%: получил 48 тыс ₸ от 2, отдал 58 тыс ₸ 3 получ.; 83% ушло ≤2 дн. после поступления"
100000004997515100,consolidator,0.6,2,0.5086,Сбор от 4 плательщиков: 395 тыс ₸; дальше ушло 14% (4 получ.); деньги 5 seed доходят до узла
100000005287097100,peripheral,0.518,3,0.5081,"Получил 127 тыс ₸ от 2, отдал 697 тыс ₸ 9 получ., пропуск 548%; пороги ролей не достигнуты"
100000007998965100,consolidator,0.671,15,0.5077,Сбор от 5 плательщиков: 278 тыс ₸; дальше ушло 9% (1 получ.); деньги 4 seed доходят до узла
100000002870463100,terminal,0.819,8,0.506,"Получил 207 тыс ₸ от 3 плательщиков, дальше ушло лишь 5% (исходящие наблюдаемы)"
100000006579678100,peripheral,0.5,3,0.5053,"Получил 193 тыс ₸ от 2, отдал 1.7 млн ₸ 6 получ., пропуск 865%; пороги ролей не достигнуты"
100000006225798100,terminal,0.884,14,0.5039,"Получил 722 тыс ₸ от 3 плательщиков, дальше ушло лишь 4% (исходящие наблюдаемы); деньги 3 seed доходят до узла"
100000008094734100,consolidator,0.746,1,0.5038,Сбор от 4 плательщиков (seed: 2): 236 тыс ₸; дальше не ушло ничего; деньги 4 seed доходят до узла
100000001965374100,peripheral,0.5,21,0.5033,"Получил 1.8 млн ₸ от 2, отдал 3.1 млн ₸ 3 получ., пропуск 175%; пороги ролей не достигнуты"
100000008418835100,transit,0.623,7,0.5018,"Признаки передачи средств seed: вход неполон; переправил 186 тыс ₸ 4 получ., 41% — одному"
100000007229557100,terminal,0.901,2,0.5012,"Получил 878 тыс ₸ от 3 плательщиков, исходящих нет (исходящие наблюдаемы); деньги 4 seed доходят до узла"
100000002628576100,transit,0.795,4,0.5009,"Пропуск 74%: получил 728 тыс ₸ от 2, отдал 539 тыс ₸ 2 получ.; 61% ушло ≤2 дн. после поступления"
100000008601794100,transit,0.845,39,0.5,"Признаки передачи средств seed: вход неполон; переправил 871 тыс ₸ 1 получ., 100% — одному"
100000003035737100,terminal,0.861,9,0.4994,"Получил 809 тыс ₸ от 2 плательщиков, дальше ушло лишь 1% (исходящие наблюдаемы); деньги 3 seed доходят до узла"
100000008460102100,distributor,0.841,32,0.4984,"Веер: 31 получателей при 1 плательщиках; разослал 477 тыс ₸, в среднем 14 тыс ₸ за перевод"
100000001567366100,terminal,0.806,3,0.4966,"Получил 824 тыс ₸ от 1 плательщиков (seed: 1), исходящих нет (исходящие наблюдаемы)"
100000004140487100,distributor,0.68,1,0.4962,"Веер: 10 получателей при 1 плательщиках; разослал 263 тыс ₸, в среднем 14 тыс ₸ за перевод"
100000004717647100,peripheral,0.5,34,0.4959,"Получил 300 тыс ₸ от 1, отдал 2.2 млн ₸ 5 получ., пропуск 747%; пороги ролей не достигнуты"
100000005456919100,terminal,0.834,31,0.4958,"Получил 480 тыс ₸ от 2 плательщиков (seed: 1), дальше ушло лишь 1% (исходящие наблюдаемы)"
100000003946524100,transit,0.722,5,0.4956,"Пропуск 108%: получил 134 тыс ₸ от 2, отдал 145 тыс ₸ 2 получ."
100000002781227100,transit,0.721,2,0.4954,"Пропуск 111%: получил 191 тыс ₸ от 2, отдал 212 тыс ₸ 3 получ."
100000002369874100,consolidator,0.663,2,0.4949,Сбор от 4 плательщиков: 600 тыс ₸; дальше не ушло ничего; деньги 4 seed доходят до узла
100000002793881100,terminal,0.895,2,0.4924,"Получил 786 тыс ₸ от 3 плательщиков, исходящих нет (исходящие наблюдаемы); деньги 4 seed доходят до узла"
100000008314203100,transit,0.721,10,0.4911,"Признаки передачи средств seed: вход неполон; переправил 327 тыс ₸ 2 получ., 71% — одному"
100000008461532100,peripheral,0.5,27,0.4906,"Получил 565 тыс ₸ от 2, отдал 2.5 млн ₸ 8 получ., пропуск 448%; пороги ролей не достигнуты"
100000002565277100,terminal,0.779,5,0.4889,"Получил 483 тыс ₸ от 1 плательщиков (seed: 1), исходящих нет (исходящие наблюдаемы); деньги 4 seed доходят до узла"
100000008512552100,peripheral,0.5,14,0.4888,"Получил 394 тыс ₸ от 4, отдал 1.3 млн ₸ 6 получ., пропуск 330%; пороги ролей не достигнуты"
100000001530983100,peripheral,0.5,5,0.4884,"Получил 564 тыс ₸ от 4, отдал 1.8 млн ₸ 11 получ., пропуск 324%; пороги ролей не достигнуты"
100000002836736100,terminal,0.84,8,0.4875,"Получил 509 тыс ₸ от 2 плательщиков (seed: 1), исходящих нет (исходящие наблюдаемы); деньги 3 seed доходят до узла"
100000005523088100,terminal,0.797,7,0.4864,"Получил 700 тыс ₸ от 1 плательщиков (seed: 1), исходящих нет (исходящие наблюдаемы); деньги 7 seed доходят до узла"
100000000201868100,transit,1.0,3,0.4856,"Пропуск 100%: получил 190 тыс ₸ от 1, отдал 190 тыс ₸ 1 получ.; 100% ушло ≤2 дн. после поступления"
100000003747133100,consolidator,0.657,1,0.4853,Сбор от 5 плательщиков: 237 тыс ₸; дальше ушло 105% (2 получ.); деньги 3 seed доходят до узла
100000002956769100,terminal,0.899,2,0.4834,"Получил 840 тыс ₸ от 3 плательщиков, исходящих нет (исходящие наблюдаемы); деньги 3 seed доходят до узла"
100000003835149100,peripheral,0.5,21,0.481,"Получил 248 тыс ₸ от 1, отдал 4.6 млн ₸ 2 получ., пропуск 1851%; пороги ролей не достигнуты"
100000004906181100,peripheral,0.5,4,0.4804,"Получил 100 тыс ₸ от 1, отдал 2.5 млн ₸ 7 получ., пропуск 2473%; пороги ролей не достигнуты"
100000007908818100,peripheral,0.5,9,0.4802,"Получил 727 тыс ₸ от 4, отдал 302 тыс ₸ 6 получ., пропуск 42%; пороги ролей не достигнуты"
100000001875239100,terminal,0.89,2,0.4792,"Получил 712 тыс ₸ от 3 плательщиков, исходящих нет (исходящие наблюдаемы); деньги 4 seed доходят до узла"
100000003213473100,distributor,0.694,1,0.4786,"Веер: 11 получателей при 1 плательщиках; разослал 240 тыс ₸, в среднем 20 тыс ₸ за перевод"
100000007544358100,transit,0.738,3,0.4761,"Пропуск 109%: получил 322 тыс ₸ от 2, отдал 350 тыс ₸ 1 получ."
100000001141268100,terminal,0.832,2,0.4735,"Получил 480 тыс ₸ от 2 плательщиков, дальше ушло лишь 2% (исходящие наблюдаемы); деньги 3 seed доходят до узла"
100000002188829100,terminal,0.769,5,0.4718,"Получил 400 тыс ₸ от 1 плательщиков (seed: 1), исходящих нет (исходящие наблюдаемы); деньги 4 seed доходят до узла"
100000003360542100,peripheral,0.6,1,0.4708,"Получил 317 тыс ₸ от 2, отдал 52 тыс ₸ 2 получ., пропуск 16%; пороги ролей не достигнуты"
100000000291906100,transit,0.795,36,0.4706,"Пропуск 117%: получил 388 тыс ₸ от 2, отдал 456 тыс ₸ 2 получ.; 41% ушло ≤2 дн. после поступления"
100000002618492100,terminal,0.812,7,0.4696,"Получил 296 тыс ₸ от 2 плательщиков (seed: 1), исходящих нет (исходящие наблюдаемы); деньги 6 seed доходят до узла"
100000003509750100,transit,0.91,8,0.4676,"Пропуск 95%: получил 82 тыс ₸ от 3, отдал 78 тыс ₸ 3 получ.; 71% ушло ≤2 дн. после поступления"
100000005183943100,terminal,0.796,33,0.4674,"Получил 681 тыс ₸ от 1 плательщиков (seed: 1), исходящих нет (исходящие наблюдаемы)"
100000002443664100,terminal,0.878,2,0.4668,"Получил 557 тыс ₸ от 3 плательщиков, исходящих нет (исходящие наблюдаемы); деньги 4 seed доходят до узла"
100000002738256100,transit,0.945,29,0.4668,"Пропуск 117%: получил 150 тыс ₸ от 1, отдал 175 тыс ₸ 1 получ.; 100% ушло ≤2 дн. после поступления"
100000007511163100,transit,0.851,3,0.4667,"Пропуск 129%: получил 64 тыс ₸ от 2, отдал 82 тыс ₸ 3 получ.; 77% ушло ≤2 дн. после поступления"
100000001253557100,consolidator,0.734,2,0.4663,Сбор от 5 плательщиков (seed: 1): 210 тыс ₸; дальше не ушло ничего; деньги 5 seed доходят до узла
100000003249054100,consolidator,0.721,1,0.4656,Сбор от 7 плательщиков: 100 тыс ₸; дальше ушло 15% (1 получ.); деньги 3 seed доходят до узла
100000004948177100,terminal,0.866,3,0.4656,"Получил 437 тыс ₸ от 3 плательщиков (seed: 1), исходящих нет (исходящие наблюдаемы)"
100000000933075100,transit,0.885,17,0.4653,"Пропуск 138%: получил 40 тыс ₸ от 1, отдал 55 тыс ₸ 2 получ.; 100% ушло ≤2 дн. после поступления"
100000003390036100,peripheral,0.627,1,0.4652,"Получил 231 тыс ₸ от 2, отдал 62 тыс ₸ 2 получ., пропуск 27%; пороги ролей не достигнуты"
100000008746449100,distributor,0.68,2,0.4647,"Веер: 10 получателей при 1 плательщиках; разослал 1 млн ₸, в среднем 101 тыс ₸ за перевод"
100000002645609100,consolidator,0.705,1,0.4646,Сбор от 4 плательщиков (seed: 1): 547 тыс ₸; дальше не ушло ничего
100000005432267100,terminal,0.821,5,0.4621,"Получил 350 тыс ₸ от 2 плательщиков (seed: 1), исходящих нет (исходящие наблюдаемы); деньги 4 seed доходят до узла"
100000004105288100,terminal,0.796,5,0.4614,"Получил 215 тыс ₸ от 2 плательщиков (seed: 1), исходящих нет (исходящие наблюдаемы); деньги 8 seed доходят до узла"
100000004403675100,peripheral,0.5,16,0.4613,"Получил 183 тыс ₸ от 4, отдал 265 тыс ₸ 5 получ., пропуск 145%; пороги ролей не достигнуты"
100000003131693100,terminal,0.763,5,0.4602,"Получил 353 тыс ₸ от 1 плательщиков (seed: 1), исходящих нет (исходящие наблюдаемы); деньги 4 seed доходят до узла"
100000003159641100,consolidator,0.638,14,0.4588,"Сбор от 4 плательщиков: 64 тыс ₸; отдал 198 тыс ₸ 1 получ. — больше, чем получил в выборке; деньги 4 seed доходят до узла"
100000008473207100,terminal,0.735,9,0.4569,"Получил 202 тыс ₸ от 1 плательщиков, исходящих нет (исходящие наблюдаемы); деньги 8 seed доходят до узла"
100000004330371100,peripheral,0.616,3,0.4556,"Получил 264 тыс ₸ от 2, отдал 91 тыс ₸ 2 получ., пропуск 34%; пороги ролей не достигнуты"
100000003158727100,terminal,0.857,6,0.4548,"Получил 368 тыс ₸ от 3 плательщиков (seed: 1), исходящих нет (исходящие наблюдаемы); деньги 4 seed доходят до узла"
100000003111305100,consolidator,0.663,2,0.4524,Сбор от 4 плательщиков: 509 тыс ₸; дальше не ушло ничего; деньги 4 seed доходят до узла
100000001872484100,peripheral,0.512,39,0.4521,"Получил 871 тыс ₸ от 1, отдал 515 тыс ₸ 3 получ., пропуск 59%; пороги ролей не достигнуты"
100000003157679100,consolidator,0.663,2,0.4515,Сбор от 4 плательщиков: 541 тыс ₸; дальше не ушло ничего; деньги 4 seed доходят до узла
100000008561016100,transit,0.99,2,0.4514,"Пропуск 103%: получил 180 тыс ₸ от 1, отдал 185 тыс ₸ 1 получ.; 100% ушло ≤2 дн. после поступления"
100000002872399100,terminal,0.82,6,0.45,"Получил 1.1 млн ₸ от 1 плательщиков, исходящих нет (исходящие наблюдаемы)"
100000001611488100,terminal,0.861,4,0.4498,"Получил 779 тыс ₸ от 2 плательщиков, исходящих нет (исходящие наблюдаемы); деньги 3 seed доходят до узла"
100000001126374100,consolidator,0.663,1,0.4497,Сбор от 4 плательщиков (seed: 1): 182 тыс ₸; дальше ушло 16% (2 получ.)
100000005612411100,peripheral,0.539,5,0.4494,"Получил 116 тыс ₸ от 3, отдал 507 тыс ₸ 8 получ., пропуск 439%; пороги ролей не достигнуты"
100000008736940100,peripheral,0.569,31,0.4493,"Получил 451 тыс ₸ от 3, отдал 182 тыс ₸ 3 получ., пропуск 40%; пороги ролей не достигнуты"
100000002217161100,peripheral,0.5,14,0.449,"Получил 405 тыс ₸ от 2, отдал 995 тыс ₸ 7 получ., пропуск 246%; пороги ролей не достигнуты"
100000002472632100,terminal,0.831,30,0.4474,"Получил 502 тыс ₸ от 2 плательщиков, дальше ушло лишь 4% (исходящие наблюдаемы)"
100000002267998100,peripheral,0.5,23,0.4467,"Получил 420 тыс ₸ от 2, отдал 1.1 млн ₸ 3 получ., пропуск 265%; пороги ролей не достигнуты"
100000003014659100,terminal,0.752,7,0.4467,"Получил 280 тыс ₸ от 1 плательщиков (seed: 1), исходящих нет (исходящие наблюдаемы); деньги 5 seed доходят до узла"
100000008545727100,peripheral,0.5,15,0.4463,"Получил 30 тыс ₸ от 1, отдал 1.9 млн ₸ 6 получ., пропуск 6222%; пороги ролей не достигнуты"
100000004226848100,terminal,0.755,5,0.4461,"Получил 302 тыс ₸ от 1 плательщиков (seed: 1), исходящих нет (исходящие наблюдаемы); деньги 4 seed доходят до узла"
100000007617808100,terminal,0.775,5,0.4453,"Получил 450 тыс ₸ от 1 плательщиков, исходящих нет (исходящие наблюдаемы); деньги 4 seed доходят до узла"
100000003977183100,transit,0.71,8,0.4449,"Признаки передачи средств seed: вход неполон; переправил 766 тыс ₸ 4 получ., 37% — одному"
100000002670860100,terminal,0.833,11,0.4439,"Получил 450 тыс ₸ от 2 плательщиков (seed: 1), исходящих нет (исходящие наблюдаемы); деньги 3 seed доходят до узла"
100000004722765100,peripheral,0.5,1,0.4433,"Получил 230 тыс ₸ от 1, отдал 2.3 млн ₸ 3 получ., пропуск 993%; пороги ролей не достигнуты"
100000003134934100,consolidator,0.663,14,0.4422,Сбор от 4 плательщиков: 379 тыс ₸; дальше не ушло ничего; деньги 3 seed доходят до узла
100000004019124100,consolidator,0.708,3,0.4416,Сбор от 3 плательщиков (seed: 2): 193 тыс ₸; дальше не ушло ничего; деньги 5 seed доходят до узла
100000004390333100,peripheral,0.518,1,0.4413,"Получил 65 тыс ₸ от 2, отдал 506 тыс ₸ 9 получ., пропуск 785%; пороги ролей не достигнуты"
100000008556318100,terminal,0.787,5,0.4408,"Получил 180 тыс ₸ от 2 плательщиков (seed: 1), исходящих нет (исходящие наблюдаемы); деньги 5 seed доходят до узла"
100000008731444100,peripheral,0.511,14,0.4405,"Получил 439 тыс ₸ от 3, отдал 880 тыс ₸ 9 получ., пропуск 200%; пороги ролей не достигнуты"
100000001166289100,terminal,0.85,12,0.44,"Получил 721 тыс ₸ от 2 плательщиков, дальше ушло лишь 3% (исходящие наблюдаемы)"
100000001929088100,terminal,0.827,6,0.4383,"Получил 396 тыс ₸ от 2 плательщиков (seed: 2), исходящих нет (исходящие наблюдаемы)"
100000001584286100,terminal,0.858,11,0.4381,"Получил 739 тыс ₸ от 2 плательщиков, исходящих нет (исходящие наблюдаемы); деньги 5 seed доходят до узла"
100000005473151100,peripheral,0.5,15,0.4381,"Получил 1.2 млн ₸ от 3, отдал 225 тыс ₸ 4 получ., пропуск 18%; пороги ролей не достигнуты"
100000008443341100,transit,0.768,17,0.4379,"Пропуск 145%: получил 34 тыс ₸ от 2, отдал 50 тыс ₸ 3 получ.; 61% ушло ≤2 дн. после поступления"
100000003254723100,terminal,0.75,5,0.4374,"Получил 270 тыс ₸ от 1 плательщиков, исходящих нет (исходящие наблюдаемы); деньги 4 seed доходят до узла"
100000008192264100,transit,0.948,4,0.4364,"Пропуск 115%: получил 163 тыс ₸ от 1, отдал 188 тыс ₸ 1 получ.; 100% ушло ≤2 дн. после поступления"
100000002733905100,peripheral,0.529,12,0.4355,"Получил 100 тыс ₸ от 3, отдал 718 тыс ₸ 2 получ., пропуск 718%; пороги ролей не достигнуты"
100000005519998100,transit,0.817,22,0.4354,"Пропуск 103%: получил 182 тыс ₸ от 3, отдал 188 тыс ₸ 3 получ.; 31% ушло ≤2 дн. после поступления"
100000005614315100,terminal,0.776,3,0.4338,"Получил 455 тыс ₸ от 1 плательщиков, исходящих нет (исходящие наблюдаемы)"
100000004664905100,terminal,0.818,3,0.4335,"Получил 329 тыс ₸ от 2 плательщиков (seed: 1), исходящих нет (исходящие наблюдаемы)"
100000005882013100,terminal,0.758,13,0.433,"Получил 135 тыс ₸ от 2 плательщиков, дальше ушло лишь 7% (исходящие наблюдаемы); деньги 5 seed доходят до узла"
100000000089154100,distributor,0.739,1,0.4328,"Веер: 15 получателей при 1 плательщиках; разослал 426 тыс ₸, в среднем 20 тыс ₸ за перевод"
100000006424479100,peripheral,0.56,13,0.4326,"Получил 500 тыс ₸ от 1, отдал 220 тыс ₸ 2 получ., пропуск 44%; пороги ролей не достигнуты"
100000002741024100,peripheral,0.5,20,0.4312,"Получил 818 тыс ₸ от 5, отдал 435 тыс ₸ 6 получ., пропуск 53%; пороги ролей не достигнуты"
100000001714173100,terminal,0.793,2,0.4294,"Получил 639 тыс ₸ от 1 плательщиков, исходящих нет (исходящие наблюдаемы); деньги 3 seed доходят до узла"
100000002596035100,terminal,0.742,7,0.4294,"Получил 232 тыс ₸ от 1 плательщиков (seed: 1), исходящих нет (исходящие наблюдаемы); деньги 5 seed доходят до узла"
100000004666651100,terminal,0.773,5,0.4281,"Получил 429 тыс ₸ от 1 плательщиков, исходящих нет (исходящие наблюдаемы); деньги 4 seed доходят до узла"
100000003899899100,terminal,0.788,3,0.4278,"Получил 218 тыс ₸ от 2 плательщиков, дальше ушло лишь 5% (исходящие наблюдаемы)"
100000002731501100,peripheral,0.516,24,0.4275,"Получил 570 тыс ₸ от 3, отдал 834 тыс ₸ 7 получ., пропуск 146%; пороги ролей не достигнуты"
100000004816564100,terminal,0.749,3,0.4274,"Получил 285 тыс ₸ от 1 плательщиков, дальше ушло лишь 2% (исходящие наблюдаемы); деньги 3 seed доходят до узла"
100000002991079100,terminal,0.763,3,0.4265,"Получил 149 тыс ₸ от 2 плательщиков (seed: 1), дальше ушло лишь 7% (исходящие наблюдаемы)"
100000008758168100,peripheral,0.5,2,0.4265,"Получил 75 тыс ₸ от 2, отдал 1.5 млн ₸ 5 получ., пропуск 2034%; пороги ролей не достигнуты"
100000005077484100,terminal,0.702,26,0.4262,"Получил 150 тыс ₸ от 1 плательщиков, дальше ушло лишь 9% (исходящие наблюдаемы)"
100000003831324100,terminal,0.813,6,0.4257,"Получил 300 тыс ₸ от 2 плательщиков (seed: 1), исходящих нет (исходящие наблюдаемы); деньги 3 seed доходят до узла"
100000004144536100,consolidator,0.705,24,0.4254,Сбор от 4 плательщиков (seed: 1): 168 тыс ₸; дальше не ушло ничего
100000001924185100,terminal,0.779,7,0.4246,"Получил 151 тыс ₸ от 2 плательщиков (seed: 2), исходящих нет (исходящие наблюдаемы); деньги 8 seed доходят до узла"
100000003366471100,terminal,0.806,1,0.4243,"Получил 330 тыс ₸ от 2 плательщиков, дальше ушло лишь 6% (исходящие наблюдаемы)"
100000002945626100,terminal,0.88,2,0.4238,"Получил 584 тыс ₸ от 3 плательщиков, исходящих нет (исходящие наблюдаемы); деньги 4 seed доходят до узла"
100000008086440100,transit,0.72,1,0.4231,"Пропуск 81%: получил 200 тыс ₸ от 1, отдал 161 тыс ₸ 5 получ."
100000000810551100,terminal,0.686,5,0.423,"Получил 100 тыс ₸ от 1 плательщиков (seed: 1), дальше ушло лишь 7% (исходящие наблюдаемы); деньги 4 seed доходят до узла"
100000004007116100,transit,0.679,24,0.4222,"Признаки передачи средств seed: вход неполон; переправил 148 тыс ₸ 4 получ., 76% — одному"
100000003016438100,transit,0.854,2,0.4206,"Пропуск 150%: получил 200 тыс ₸ от 1, отдал 300 тыс ₸ 1 получ.; 100% ушло ≤2 дн. после поступления"
100000007507343100,terminal,0.766,29,0.4203,"Получил 370 тыс ₸ от 1 плательщиков (seed: 1), исходящих нет (исходящие наблюдаемы)"
100000008566737100,terminal,0.8,14,0.4202,"Получил 230 тыс ₸ от 2 плательщиков (seed: 1), исходящих нет (исходящие наблюдаемы); деньги 4 seed доходят до узла"
100000004479404100,peripheral,0.5,34,0.42,"Получил 1.5 млн ₸ от 2, отдал 300 тыс ₸ 1 получ., пропуск 20%; пороги ролей не достигнуты"
100000003886323100,terminal,0.738,3,0.4193,"Получил 78 тыс ₸ от 2 плательщиков (seed: 1), дальше ушло лишь 10% (исходящие наблюдаемы)"
100000004325327100,transit,0.913,1,0.4192,"Пропуск 99%: получил 71 тыс ₸ от 2, отдал 70 тыс ₸ 1 получ.; 67% ушло ≤2 дн. после поступления"
100000008603331100,peripheral,0.526,13,0.419,"Получил 40 тыс ₸ от 2, отдал 742 тыс ₸ 6 получ., пропуск 1878%; пороги ролей не достигнуты"
100000004394765100,peripheral,0.544,3,0.417,"Получил 604 тыс ₸ от 3, отдал 82 тыс ₸ 2 получ., пропуск 14%; пороги ролей не достигнуты"
100000002720627100,terminal,0.735,7,0.4151,"Получил 199 тыс ₸ от 1 плательщиков (seed: 1), исходящих нет (исходящие наблюдаемы); деньги 5 seed доходят до узла"
100000002241986100,peripheral,0.5,4,0.415,"Получил 280 тыс ₸ от 1, отдал 3.1 млн ₸ 6 получ., пропуск 1099%; пороги ролей не достигнуты"
100000002459832100,terminal,0.867,9,0.415,"Получил 881 тыс ₸ от 2 плательщиков, исходящих нет (исходящие наблюдаемы)"
100000001875167100,terminal,0.815,4,0.4141,"Получил 1 млн ₸ от 1 плательщиков, исходящих нет (исходящие наблюдаемы); деньги 3 seed доходят до узла"
100000004336312100,transit,0.671,22,0.4118,"Пропуск 80%: получил 90 тыс ₸ от 3, отдал 73 тыс ₸ 2 получ."
100000008650785100,transit,0.629,3,0.411,"Признаки передачи средств seed: вход неполон; переправил 120 тыс ₸ 2 получ., 58% — одному"
100000001384826100,terminal,0.759,4,0.4107,"Получил 364 тыс ₸ от 1 плательщиков, дальше ушло лишь 3% (исходящие наблюдаемы); деньги 3 seed доходят до узла"
100000007898453100,peripheral,0.599,5,0.41,"Получил 25 тыс ₸ от 1, отдал 320 тыс ₸ 2 получ., пропуск 1293%; пороги ролей не достигнуты"
100000003798151100,terminal,0.763,3,0.4099,"Получил 350 тыс ₸ от 1 плательщиков, исходящих нет (исходящие наблюдаемы)"
100000008438656100,terminal,0.746,5,0.409,"Получил 80 тыс ₸ от 2 плательщиков (seed: 1), дальше ушло лишь 6% (исходящие наблюдаемы); деньги 5 seed доходят до узла"
100000002760175100,terminal,0.731,7,0.4088,"Получил 187 тыс ₸ от 1 плательщиков (seed: 1), исходящих нет (исходящие наблюдаемы); деньги 5 seed доходят до узла"
100000008752616100,peripheral,0.5,2,0.4078,"Получил 65 тыс ₸ от 2, отдал 1.3 млн ₸ 7 получ., пропуск 1961%; пороги ролей не достигнуты"
100000002433697100,transit,0.901,4,0.4074,"Пропуск 85%: получил 130 тыс ₸ от 1, отдал 110 тыс ₸ 1 получ.; 85% ушло ≤2 дн. после поступления"
100000008730371100,terminal,0.841,10,0.4071,"Получил 520 тыс ₸ от 2 плательщиков, исходящих нет (исходящие наблюдаемы)"
100000007181706100,terminal,0.786,5,0.407,"Получил 176 тыс ₸ от 2 плательщиков (seed: 1), исходящих нет (исходящие наблюдаемы); деньги 4 seed доходят до узла"
100000001887715100,peripheral,0.5,2,0.4069,"Получил 1.3 млн ₸ от 3, отдал 750 тыс ₸ 1 получ., пропуск 56%; пороги ролей не достигнуты"
100000003809101100,peripheral,0.656,7,0.4068,"Получил 166 тыс ₸ от 2, отдал 55 тыс ₸ 2 получ., пропуск 33%; пороги ролей не достигнуты"
100000004677680100,peripheral,0.655,7,0.406,"Получил 63 тыс ₸ от 2, отдал 168 тыс ₸ 1 получ., пропуск 267%; пороги ролей не достигнуты"
100000002936322100,terminal,0.861,9,0.4052,"Получил 787 тыс ₸ от 2 плательщиков, исходящих нет (исходящие наблюдаемы)"
100000007281639100,terminal,0.797,3,0.4045,"Получил 217 тыс ₸ от 2 плательщиков (seed: 1), исходящих нет (исходящие наблюдаемы); деньги 3 seed доходят до узла"
100000000838385100,peripheral,0.572,22,0.4044,"Получил 437 тыс ₸ от 1, отдал 178 тыс ₸ 2 получ., пропуск 41%; пороги ролей не достигнуты"
100000002704875100,terminal,0.837,1,0.4043,"Получил 245 тыс ₸ от 3 плательщиков (seed: 1), исходящих нет (исходящие наблюдаемы); деньги 5 seed доходят до узла"
100000008747113100,terminal,0.792,4,0.4041,"Получил 198 тыс ₸ от 2 плательщиков (seed: 1), исходящих нет (исходящие наблюдаемы); деньги 5 seed доходят до узла"
100000003221384100,terminal,0.782,3,0.4037,"Получил 511 тыс ₸ от 1 плательщиков, исходящих нет (исходящие наблюдаемы); деньги 3 seed доходят до узла"
100000003054328100,transit,0.883,11,0.4036,"Пропуск 138%: получил 140 тыс ₸ от 1, отдал 194 тыс ₸ 2 получ.; 100% ушло ≤2 дн. после поступления"
100000001904863100,terminal,0.781,16,0.4035,"Получил 500 тыс ₸ от 1 плательщиков, исходящих нет (исходящие наблюдаемы); деньги 3 seed доходят до узла"
100000001660397100,transit,0.915,1,0.4029,"Пропуск 101%: получил 49 тыс ₸ от 2, отдал 49 тыс ₸ 3 получ.; 67% ушло ≤2 дн. после поступления"
100000004094958100,transit,0.991,37,0.4021,"Пропуск 103%: получил 39 тыс ₸ от 1, отдал 40 тыс ₸ 1 получ.; 100% ушло ≤2 дн. после поступления"
100000004689658100,terminal,0.773,9,0.4016,"Получил 456 тыс ₸ от 1 плательщиков, дальше ушло лишь 2% (исходящие наблюдаемы)"
100000001884825100,terminal,0.872,2,0.4013,"Получил 495 тыс ₸ от 3 плательщиков, исходящих нет (исходящие наблюдаемы); деньги 3 seed доходят до узла"
100000002356167100,terminal,0.735,4,0.4009,"Получил 300 тыс ₸ от 1 плательщиков, дальше ушло лишь 10% (исходящие наблюдаемы); деньги 3 seed доходят до узла"
100000000291908100,terminal,0.745,36,0.4006,"Получил 296 тыс ₸ от 1 плательщиков, дальше ушло лишь 5% (исходящие наблюдаемы)"
100000001102676100,transit,1.0,5,0.4006,"Пропуск 100%: получил 50 тыс ₸ от 1, отдал 50 тыс ₸ 1 получ.; 100% ушло ≤2 дн. после поступления"
100000004399686100,terminal,0.804,21,0.3996,"Получил 806 тыс ₸ от 1 плательщиков, исходящих нет (исходящие наблюдаемы)"
100000003042994100,terminal,0.753,3,0.3995,"Получил 286 тыс ₸ от 1 плательщиков (seed: 1), исходящих нет (исходящие наблюдаемы)"
100000004368189100,terminal,0.753,11,0.3984,"Получил 385 тыс ₸ от 1 плательщиков, дальше ушло лишь 7% (исходящие наблюдаемы)"
100000004559194100,terminal,0.752,3,0.3981,"Получил 282 тыс ₸ от 1 плательщиков (seed: 1), исходящих нет (исходящие наблюдаемы)"
100000003366154100,peripheral,0.608,5,0.3973,"Получил 125 тыс ₸ от 1, отдал 289 тыс ₸ 3 получ., пропуск 231%; пороги ролей не достигнуты"
100000003104347100,terminal,0.756,23,0.3972,"Получил 418 тыс ₸ от 1 плательщиков, дальше ушло лишь 8% (исходящие наблюдаемы)"
100000008213966100,peripheral,0.572,22,0.3965,"Получил 187 тыс ₸ от 3, отдал 437 тыс ₸ 1 получ., пропуск 234%; пороги ролей не достигнуты"
100000000267734100,peripheral,0.562,6,0.3962,"Получил 180 тыс ₸ от 2, отдал 282 тыс ₸ 7 получ., пропуск 157%; пороги ролей не достигнуты"
100000003964910100,terminal,0.873,14,0.3962,"Получил 1 млн ₸ от 2 плательщиков, исходящих нет (исходящие наблюдаемы)"
100000005844459100,terminal,0.803,1,0.3955,"Получил 243 тыс ₸ от 2 плательщиков (seed: 1), исходящих нет (исходящие наблюдаемы)"
100000000031787100,transit,0.778,6,0.3954,"Пропуск 100%: получил 90 тыс ₸ от 1, отдал 90 тыс ₸ 2 получ."
100000007170072100,transit,0.997,9,0.3952,"Пропуск 100%: получил 100 тыс ₸ от 1, отдал 100 тыс ₸ 2 получ.; 100% ушло ≤2 дн. после поступления"
100000008517061100,terminal,0.558,16,0.3951,"4-е колено, исходящие не выгружены; модель: P(сток)=0.66; получил 1.8 млн ₸ от 1"
100000008708207100,terminal,0.835,2,0.3941,"Получил 465 тыс ₸ от 2 плательщиков, исходящих нет (исходящие наблюдаемы); деньги 3 seed доходят до узла"
100000000667713100,peripheral,0.589,3,0.3932,"Получил 119 тыс ₸ от 2, отдал 79 тыс ₸ 6 получ., пропуск 66%; пороги ролей не достигнуты"
100000008628231100,peripheral,0.54,5,0.3929,"Получил 50 тыс ₸ от 1, отдал 628 тыс ₸ 2 получ., пропуск 1256%; пороги ролей не достигнуты"
100000002975437100,terminal,0.78,25,0.3928,"Получил 530 тыс ₸ от 1 плательщиков, дальше ушло лишь 2% (исходящие наблюдаемы)"
100000004544958100,peripheral,0.655,7,0.3919,"Получил 168 тыс ₸ от 1, отдал 23 тыс ₸ 2 получ., пропуск 14%; пороги ролей не достигнуты"
100000003171006100,terminal,0.837,2,0.3914,"Получил 485 тыс ₸ от 2 плательщиков, исходящих нет (исходящие наблюдаемы); деньги 3 seed доходят до узла"
100000006704530100,transit,0.732,27,0.3912,"Пропуск 95%: получил 450 тыс ₸ от 1, отдал 428 тыс ₸ 3 получ."
100000003163886100,terminal,0.781,5,0.3906,"Получил 500 тыс ₸ от 1 плательщиков, исходящих нет (исходящие наблюдаемы)"
100000004746397100,terminal,0.733,4,0.3905,"Получил 220 тыс ₸ от 1 плательщиков, дальше ушло лишь 3% (исходящие наблюдаемы); деньги 3 seed доходят до узла"
100000002621949100,terminal,0.725,5,0.3904,"Получил 165 тыс ₸ от 1 плательщиков (seed: 1), исходящих нет (исходящие наблюдаемы); деньги 4 seed доходят до узла"
100000003220685100,terminal,0.527,4,0.3904,"4-е колено, исходящие не выгружены; модель: P(сток)=0.64; получил 1.3 млн ₸ от 1; деньги 3 seed доходят до узла"
100000004217419100,terminal,0.753,1,0.3899,"Получил 118 тыс ₸ от 2 плательщиков, дальше ушло лишь 7% (исходящие наблюдаемы)"
100000004587414100,terminal,0.842,4,0.3899,"Получил 534 тыс ₸ от 2 плательщиков, исходящих нет (исходящие наблюдаемы); деньги 3 seed доходят до узла"
100000002593344100,terminal,0.831,2,0.3897,"Получил 431 тыс ₸ от 2 плательщиков, исходящих нет (исходящие наблюдаемы); деньги 3 seed доходят до узла"
100000004209339100,peripheral,0.625,7,0.3894,"Получил 138 тыс ₸ от 1, отдал 238 тыс ₸ 2 получ., пропуск 172%; пороги ролей не достигнуты"
100000006844768100,peripheral,0.61,10,0.3894,"Получил 282 тыс ₸ от 1, отдал 188 тыс ₸ 2 получ., пропуск 67%; пороги ролей не достигнуты"
100000002605548100,terminal,0.766,7,0.3886,"Получил 117 тыс ₸ от 2 плательщиков (seed: 1), исходящих нет (исходящие наблюдаемы); деньги 6 seed доходят до узла"
100000002988894100,peripheral,0.603,5,0.3883,"Получил 306 тыс ₸ от 1, отдал 78 тыс ₸ 3 получ., пропуск 25%; пороги ролей не достигнуты"
100000004017410100,peripheral,0.5,22,0.3879,"Получил 194 тыс ₸ от 2, отдал 1.3 млн ₸ 5 получ., пропуск 687%; пороги ролей не достигнуты"
100000000041368100,terminal,0.724,5,0.3878,"Получил 160 тыс ₸ от 1 плательщиков (seed: 1), исходящих нет (исходящие наблюдаемы); деньги 4 seed доходят до узла"
100000007334196100,terminal,0.72,7,0.3874,"Получил 150 тыс ₸ от 1 плательщиков (seed: 1), исходящих нет (исходящие наблюдаемы); деньги 5 seed доходят до узла"
100000000769919100,terminal,0.746,40,0.3861,"Получил 250 тыс ₸ от 1 плательщиков, исходящих нет (исходящие наблюдаемы)"
100000002293421100,transit,0.762,1,0.3861,"Пропуск 115%: получил 41 тыс ₸ от 2, отдал 47 тыс ₸ 2 получ."
100000002753146100,terminal,0.804,11,0.3847,"Получил 804 тыс ₸ от 1 плательщиков, исходящих нет (исходящие наблюдаемы)"
100000002722108100,terminal,0.804,11,0.3844,"Получил 800 тыс ₸ от 1 плательщиков, исходящих нет (исходящие наблюдаемы)"
100000008692291100,transit,0.774,2,0.3842,"Пропуск 98%: получил 160 тыс ₸ от 3, отдал 156 тыс ₸ 3 получ."
100000002748761100,terminal,0.804,11,0.3841,"Получил 797 тыс ₸ от 1 плательщиков, исходящих нет (исходящие наблюдаемы)"
100000002152857100,peripheral,0.5,8,0.3837,"Получил 105 тыс ₸ от 1, отдал 1.2 млн ₸ 5 получ., пропуск 1171%; пороги ролей не достигнуты"
100000008193577100,peripheral,0.564,31,0.3837,"Получил 154 тыс ₸ от 2, отдал 480 тыс ₸ 5 получ., пропуск 311%; пороги ролей не достигнуты"
100000008497298100,terminal,0.79,6,0.3831,"Получил 600 тыс ₸ от 1 плательщиков, исходящих нет (исходящие наблюдаемы)"
100000001960517100,terminal,0.735,8,0.3824,"Получил 200 тыс ₸ от 1 плательщиков (seed: 1), исходящих нет (исходящие наблюдаемы)"
100000008137435100,peripheral,0.5,23,0.3821,"Получил 94 тыс ₸ от 2, отдал 1.4 млн ₸ 6 получ., пропуск 1512%; пороги ролей не достигнуты"
100000004790991100,terminal,0.744,3,0.3819,"Получил 239 тыс ₸ от 1 плательщиков (seed: 1), исходящих нет (исходящие наблюдаемы)"
100000001689968100,terminal,0.854,4,0.3807,"Получил 344 тыс ₸ от 3 плательщиков, исходящих нет (исходящие наблюдаемы); деньги 3 seed доходят до узла"
100000003057225100,terminal,0.743,3,0.3805,"Получил 236 тыс ₸ от 1 плательщиков (seed: 1), исходящих нет (исходящие наблюдаемы)"
100000002941114100,peripheral,0.678,7,0.3797,"Получил 129 тыс ₸ от 2, отдал 15 тыс ₸ 1 получ., пропуск 12%; пороги ролей не достигнуты"
100000004905207100,terminal,0.767,16,0.3792,"Получил 380 тыс ₸ от 1 плательщиков, исходящих нет (исходящие наблюдаемы); деньги 3 seed доходят до узла"
100000000489417100,transit,0.787,1,0.379,"Пропуск 109%: получил 74 тыс ₸ от 3, отдал 80 тыс ₸ 1 получ."
100000006564102100,terminal,0.742,1,0.3783,"Получил 233 тыс ₸ от 1 плательщиков, исходящих нет (исходящие наблюдаемы); деньги 3 seed доходят до узла"
100000008751380100,terminal,0.82,2,0.3776,"Получил 346 тыс ₸ от 2 плательщиков, исходящих нет (исходящие наблюдаемы); деньги 4 seed доходят до узла"
100000004670388100,peripheral,0.529,36,0.3769,"Получил 160 тыс ₸ от 1, отдал 720 тыс ₸ 2 получ., пропуск 449%; пороги ролей не достигнуты"
100000006492770100,terminal,0.735,1,0.3765,"Получил 269 тыс ₸ от 1 плательщиков, дальше ушло лишь 7% (исходящие наблюдаемы)"
100000005034574100,terminal,0.748,43,0.3764,"Получил 259 тыс ₸ от 1 плательщиков (seed: 1), исходящих нет (исходящие наблюдаемы)"
100000006232815100,transit,0.654,26,0.3758,"Признаки передачи средств seed: вход неполон; переправил 296 тыс ₸ 5 получ., 40% — одному"
100000003164661100,terminal,0.789,26,0.3756,"Получил 596 тыс ₸ от 1 плательщиков, исходящих нет (исходящие наблюдаемы)"
100000002736316100,terminal,0.841,1,0.3734,"Получил 267 тыс ₸ от 3 плательщиков, исходящих нет (исходящие наблюдаемы); деньги 3 seed доходят до узла"
100000008244300100,consolidator,0.734,1,0.3732,Сбор от 5 плательщиков (seed: 1): 65 тыс ₸; дальше не ушло ничего; деньги 3 seed доходят до узла
100000003205210100,terminal,0.716,5,0.373,"Получил 138 тыс ₸ от 1 плательщиков (seed: 1), исходящих нет (исходящие наблюдаемы); деньги 4 seed доходят до узла"
100000005527892100,peripheral,0.539,2,0.3727,"Получил 220 тыс ₸ от 3, отдал 552 тыс ₸ 8 получ., пропуск 251%; пороги ролей не достигнуты"
100000002983879100,terminal,0.793,1,0.3724,"Получил 200 тыс ₸ от 2 плательщиков, исходящих нет (исходящие наблюдаемы); деньги 4 seed доходят до узла"
100000003031003100,terminal,0.844,2,0.3723,"Получил 280 тыс ₸ от 3 плательщиков, исходящих нет (исходящие наблюдаемы); деньги 4 seed доходят до узла"
100000002864256100,terminal,0.715,5,0.3716,"Получил 136 тыс ₸ от 1 плательщиков (seed: 1), исходящих нет (исходящие наблюдаемы); деньги 4 seed доходят до узла"
100000008751429100,peripheral,0.583,31,0.3714,"Получил 386 тыс ₸ от 3, отдал 73 тыс ₸ 1 получ., пропуск 19%; пороги ролей не достигнуты"
100000002469065100,terminal,0.735,5,0.3709,"Получил 200 тыс ₸ от 1 плательщиков, исходящих нет (исходящие наблюдаемы); деньги 4 seed доходят до узла"
100000002531406100,transit,0.736,9,0.3706,"Пропуск 96%: получил 520 тыс ₸ от 1, отдал 500 тыс ₸ 1 получ."
100000002645993100,transit,0.798,1,0.3703,"Пропуск 175%: получил 50 тыс ₸ от 2, отдал 87 тыс ₸ 5 получ.; 100% ушло ≤2 дн. после поступления"
100000002956898100,terminal,0.811,3,0.3701,"Получил 290 тыс ₸ от 2 плательщиков, исходящих нет (исходящие наблюдаемы); деньги 3 seed доходят до узла"
100000002710570100,terminal,0.741,25,0.3698,"Получил 225 тыс ₸ от 1 плательщиков, исходящих нет (исходящие наблюдаемы)"
100000002559089100,terminal,0.857,2,0.3697,"Получил 715 тыс ₸ от 2 плательщиков, исходящих нет (исходящие наблюдаемы)"
100000001680944100,terminal,0.769,2,0.3696,"Получил 393 тыс ₸ от 1 плательщиков, исходящих нет (исходящие наблюдаемы); деньги 3 seed доходят до узла"
100000007639767100,peripheral,0.5,20,0.3696,"Получил 91 тыс ₸ от 4, отдал 822 тыс ₸ 10 получ., пропуск 904%; пороги ролей не достигнуты"
100000004726132100,terminal,0.749,10,0.3694,"Получил 349 тыс ₸ от 1 плательщиков, дальше ушло лишь 7% (исходящие наблюдаемы)"
100000008427027100,terminal,0.755,5,0.3694,"Получил 300 тыс ₸ от 1 плательщиков, исходящих нет (исходящие наблюдаемы)"
100000004331458100,terminal,0.804,37,0.369,"Получил 250 тыс ₸ от 2 плательщиков, исходящих нет (исходящие наблюдаемы)"
100000008221543100,terminal,0.843,14,0.3686,"Получил 542 тыс ₸ от 2 плательщиков (seed: 1), исходящих нет (исходящие наблюдаемы)"
100000005409156100,terminal,0.806,4,0.3683,"Получил 260 тыс ₸ от 2 плательщиков, исходящих нет (исходящие наблюдаемы); деньги 3 seed доходят до узла"
100000006641671100,transit,0.931,1,0.3681,"Пропуск 114%: получил 22 тыс ₸ от 2, отдал 25 тыс ₸ 1 получ.; 91% ушло ≤2 дн. после поступления"
100000000821507100,terminal,0.769,11,0.368,"Получил 400 тыс ₸ от 1 плательщиков, исходящих нет (исходящие наблюдаемы); деньги 3 seed доходят до узла"
100000008389800100,peripheral,0.562,3,0.368,"Получил 189 тыс ₸ от 3, отдал 402 тыс ₸ 7 получ., пропуск 212%; пороги ролей не достигнуты"
100000004979498100,peripheral,0.531,29,0.3678,"Получил 700 тыс ₸ от 1, отдал 200 тыс ₸ 1 получ., пропуск 29%; пороги ролей не достигнуты"
100000002883402100,terminal,0.847,2,0.3676,"Получил 300 тыс ₸ от 3 плательщиков, исходящих нет (исходящие наблюдаемы); деньги 4 seed доходят до узла"
100000000941942100,terminal,0.713,5,0.3674,"Получил 130 тыс ₸ от 1 плательщиков (seed: 1), исходящих нет (исходящие наблюдаемы); деньги 4 seed доходят до узла"
100000008514970100,terminal,0.751,9,0.3674,"Получил 380 тыс ₸ от 1 плательщиков, дальше ушло лишь 8% (исходящие наблюдаемы)"
100000007747786100,distributor,0.847,6,0.3668,"Веер: 31 получателей при 0 плательщиках; разослал 4.2 млн ₸, в среднем 121 тыс ₸ за перевод; вход занижен (seed)"
100000000795129100,terminal,0.76,3,0.3667,"Получил 332 тыс ₸ от 1 плательщиков, исходящих нет (исходящие наблюдаемы); деньги 3 seed доходят до узла"
100000004674799100,terminal,0.717,1,0.3666,"Получил 140 тыс ₸ от 1 плательщиков, исходящих нет (исходящие наблюдаемы); деньги 3 seed доходят до узла"
100000004737764100,terminal,0.79,5,0.3662,"Получил 600 тыс ₸ от 1 плательщиков, исходящих нет (исходящие наблюдаемы)"
100000001380054100,peripheral,0.589,26,0.3659,"Получил 127 тыс ₸ от 2, отдал 360 тыс ₸ 3 получ., пропуск 283%; пороги ролей не достигнуты"
100000003457710100,peripheral,0.5,4,0.3656,"Получил 327 тыс ₸ от 1, отдал 1.3 млн ₸ 1 получ., пропуск 400%; пороги ролей не достигнуты"
100000002548759100,terminal,0.824,2,0.3654,"Получил 375 тыс ₸ от 2 плательщиков, исходящих нет (исходящие наблюдаемы); деньги 3 seed доходят до узла"
100000002594214100,terminal,0.531,4,0.3644,"4-е колено, исходящие не выгружены; модель: P(сток)=0.65; получил 1 млн ₸ от 1; деньги 3 seed доходят до узла"
100000008038077100,terminal,0.781,4,0.3639,"Получил 500 тыс ₸ от 1 плательщиков, исходящих нет (исходящие наблюдаемы); деньги 3 seed доходят до узла"
100000008724461100,transit,0.906,2,0.3639,"Пропуск 130%: получил 100 тыс ₸ от 1, отдал 130 тыс ₸ 1 получ.; 100% ушло ≤2 дн. после поступления"
100000003034546100,terminal,0.779,6,0.3637,"Получил 487 тыс ₸ от 1 плательщиков, исходящих нет (исходящие наблюдаемы)"
100000003022835100,terminal,0.711,5,0.3636,"Получил 125 тыс ₸ от 1 плательщиков (seed: 1), исходящих нет (исходящие наблюдаемы); деньги 4 seed доходят до узла"
100000003062895100,terminal,0.818,2,0.3634,"Получил 328 тыс ₸ от 2 плательщиков, исходящих нет (исходящие наблюдаемы)"
100000003116106100,terminal,0.78,4,0.363,"Получил 494 тыс ₸ от 1 плательщиков, исходящих нет (исходящие наблюдаемы); деньги 3 seed доходят до узла"
100000000791285100,peripheral,0.5,27,0.3626,"Получил 1.1 млн ₸ от 1, отдал 650 тыс ₸ 3 получ., пропуск 58%; пороги ролей не достигнуты"
100000005584222100,peripheral,0.643,1,0.3615,"Получил 193 тыс ₸ от 2, отдал 109 тыс ₸ 2 получ., пропуск 56%; пороги ролей не достигнуты"
100000004076740100,peripheral,0.583,22,0.3614,"Получил 93 тыс ₸ от 3, отдал 125 тыс ₸ 6 получ., пропуск 134%; пороги ролей не достигнуты"
100000001690558100,terminal,0.8,18,0.3608,"Получил 740 тыс ₸ от 1 плательщиков, исходящих нет (исходящие наблюдаемы)"
100000003097324100,terminal,0.812,2,0.3608,"Получил 294 тыс ₸ от 2 плательщиков, исходящих нет (исходящие наблюдаемы); деньги 3 seed доходят до узла"
100000004114962100,terminal,0.783,4,0.3598,"Получил 165 тыс ₸ от 2 плательщиков, исходящих нет (исходящие наблюдаемы); деньги 3 seed доходят до узла"
100000004183610100,peripheral,0.508,13,0.3594,"Получил 22 тыс ₸ от 1, отдал 915 тыс ₸ 1 получ., пропуск 4159%; пороги ролей не достигнуты"
100000001538095100,terminal,0.81,2,0.3593,"Получил 280 тыс ₸ от 2 плательщиков, исходящих нет (исходящие наблюдаемы); деньги 3 seed доходят до узла"
100000008172352100,peripheral,0.562,8,0.3592,"Получил 90 тыс ₸ от 3, отдал 290 тыс ₸ 7 получ., пропуск 321%; пороги ролей не достигнуты"
100000005664632100,terminal,0.734,5,0.3589,"Получил 199 тыс ₸ от 1 плательщиков, исходящих нет (исходящие наблюдаемы); деньги 4 seed доходят до узла"
100000008733194100,peripheral,0.5,13,0.3587,"Получил 251 тыс ₸ от 4, отдал 160 тыс ₸ 8 получ., пропуск 64%; пороги ролей не достигнуты"
100000008625905100,peripheral,0.539,14,0.3584,"Получил 198 тыс ₸ от 1, отдал 635 тыс ₸ 2 получ., пропуск 321%; пороги ролей не достигнуты"
100000007390016100,peripheral,0.558,20,0.3582,"Получил 511 тыс ₸ от 1, отдал 346 тыс ₸ 1 получ., пропуск 68%; пороги ролей не достигнуты"
100000005668605100,terminal,0.792,16,0.3581,"Получил 94 тыс ₸ от 3 плательщиков (seed: 1), исходящих нет (исходящие наблюдаемы); деньги 7 seed доходят до узла"
100000003270419100,terminal,0.72,13,0.3577,"Получил 150 тыс ₸ от 1 плательщиков, исходящих нет (исходящие наблюдаемы)"
100000008516839100,terminal,0.814,7,0.3572,"Получил 155 тыс ₸ от 3 плательщиков (seed: 1), исходящих нет (исходящие наблюдаемы); деньги 3 seed доходят до узла"
100000008532050100,terminal,0.776,4,0.3568,"Получил 455 тыс ₸ от 1 плательщиков, исходящих нет (исходящие наблюдаемы); деньги 3 seed доходят до узла"
100000004480280100,peripheral,0.606,5,0.3564,"Получил 147 тыс ₸ от 1, отдал 296 тыс ₸ 2 получ., пропуск 202%; пороги ролей не достигнуты"
100000004527381100,peripheral,0.612,3,0.3564,"Получил 119 тыс ₸ от 1, отдал 274 тыс ₸ 1 получ., пропуск 229%; пороги ролей не достигнуты"
100000003204491100,transit,0.807,10,0.3556,"Пропуск 71%: получил 140 тыс ₸ от 1, отдал 100 тыс ₸ 1 получ.; 71% ушло ≤2 дн. после поступления"
100000002958286100,terminal,0.747,6,0.3552,"Получил 257 тыс ₸ от 1 плательщиков (seed: 1), исходящих нет (исходящие наблюдаемы)"
100000005756189100,transit,0.837,4,0.3547,"Пропуск 75%: получил 65 тыс ₸ от 1, отдал 49 тыс ₸ 1 получ.; 75% ушло ≤2 дн. после поступления"
100000008223756100,terminal,0.818,9,0.3546,"Получил 332 тыс ₸ от 2 плательщиков, исходящих нет (исходящие наблюдаемы)"
100000002508637100,terminal,0.751,9,0.3541,"Получил 306 тыс ₸ от 1 плательщиков, дальше ушло лишь 3% (исходящие наблюдаемы)"
100000004588479100,terminal,0.729,3,0.3537,"Получил 178 тыс ₸ от 1 плательщиков (seed: 1), исходящих нет (исходящие наблюдаемы)"
100000001985793100,terminal,0.772,8,0.3535,"Получил 420 тыс ₸ от 1 плательщиков, исходящих нет (исходящие наблюдаемы)"
100000002815005100,terminal,0.778,2,0.3532,"Получил 476 тыс ₸ от 1 плательщиков, исходящих нет (исходящие наблюдаемы)"
100000002824176100,terminal,0.718,8,0.3523,"Получил 144 тыс ₸ от 1 плательщиков (seed: 1), исходящих нет (исходящие наблюдаемы)"
100000001600934100,terminal,0.717,1,0.3517,"Получил 180 тыс ₸ от 1 плательщиков, дальше ушло лишь 6% (исходящие наблюдаемы)"
100000002679516100,terminal,0.793,17,0.3515,"Получил 102 тыс ₸ от 3 плательщиков (seed: 1), исходящих нет (исходящие наблюдаемы); деньги 4 seed доходят до узла"
100000002921047100,peripheral,0.594,6,0.3513,"Получил 338 тыс ₸ от 2, отдал 163 тыс ₸ 1 получ., пропуск 48%; пороги ролей не достигнуты"
100000002205022100,peripheral,0.557,5,0.3511,"Получил 7 тыс ₸ от 1, отдал 518 тыс ₸ 3 получ., пропуск 7296%; пороги ролей не достигнуты"
100000006169033100,peripheral,0.5,20,0.3505,"Получил 49 тыс ₸ от 1, отдал 1.1 млн ₸ 3 получ., пропуск 2327%; пороги ролей не достигнуты"
100000002109656100,terminal,0.781,11,0.35,"Получил 500 тыс ₸ от 1 плательщиков, исходящих нет (исходящие наблюдаемы)"
100000002644285100,terminal,0.781,11,0.35,"Получил 500 тыс ₸ от 1 плательщиков, исходящих нет (исходящие наблюдаемы)"
100000008722417100,peripheral,0.529,4,0.3499,"Получил 332 тыс ₸ от 1, отдал 720 тыс ₸ 3 получ., пропуск 217%; пороги ролей не достигнуты"
100000007283257100,terminal,0.733,43,0.3495,"Получил 192 тыс ₸ от 1 плательщиков (seed: 1), исходящих нет (исходящие наблюдаемы)"
100000004097972100,terminal,0.692,1,0.3492,"Получил 119 тыс ₸ от 1 плательщиков, дальше ушло лишь 8% (исходящие наблюдаемы)"
100000008388049100,terminal,0.78,11,0.3492,"Получил 496 тыс ₸ от 1 плательщиков, исходящих нет (исходящие наблюдаемы)"
100000001703168100,transit,0.75,20,0.3488,"Пропуск 200%: получил 45 тыс ₸ от 1, отдал 90 тыс ₸ 1 получ.; 100% ушло ≤2 дн. после поступления"
100000002822472100,terminal,0.807,11,0.3486,"Получил 267 тыс ₸ от 2 плательщиков, исходящих нет (исходящие наблюдаемы); деньги 3 seed доходят до узла"
100000002911170100,terminal,0.755,11,0.3485,"Получил 300 тыс ₸ от 1 плательщиков, исходящих нет (исходящие наблюдаемы); деньги 3 seed доходят до узла"
100000002973903100,terminal,0.792,17,0.3478,"Получил 93 тыс ₸ от 3 плательщиков (seed: 1), исходящих нет (исходящие наблюдаемы); деньги 4 seed доходят до узла"
100000006111439100,transit,0.694,1,0.3475,"Пропуск 117%: получил 21 тыс ₸ от 3, отдал 24 тыс ₸ 4 получ."
100000003254277100,transit,0.946,1,0.3473,"Пропуск 91%: получил 49 тыс ₸ от 1, отдал 45 тыс ₸ 1 получ.; 91% ушло ≤2 дн. после поступления"
100000002670960100,terminal,0.779,11,0.3472,"Получил 480 тыс ₸ от 1 плательщиков, исходящих нет (исходящие наблюдаемы)"
100000003321423100,terminal,0.7,7,0.3471,"Получил 100 тыс ₸ от 1 плательщиков, исходящих нет (исходящие наблюдаемы); деньги 4 seed доходят до узла"
100000004408683100,terminal,0.764,3,0.3471,"Получил 113 тыс ₸ от 2 плательщиков (seed: 1), исходящих нет (исходящие наблюдаемы)"
100000002826669100,terminal,0.724,10,0.3469,"Получил 160 тыс ₸ от 1 плательщиков, исходящих нет (исходящие наблюдаемы); деньги 3 seed доходят до узла"
100000002748532100,peripheral,0.538,2,0.3465,"Получил 356 тыс ₸ от 3, отдал 647 тыс ₸ 2 получ., пропуск 182%; пороги ролей не достигнуты"
100000002799941100,terminal,0.79,18,0.3464,"Получил 600 тыс ₸ от 1 плательщиков, исходящих нет (исходящие наблюдаемы)"
100000000254336100,transit,0.73,1,0.3463,"Пропуск 62%: получил 97 тыс ₸ от 2, отдал 60 тыс ₸ 1 получ.; 62% ушло ≤2 дн. после поступления"
100000008200810100,terminal,0.778,11,0.3463,"Получил 475 тыс ₸ от 1 плательщиков, исходящих нет (исходящие наблюдаемы)"
100000001677929100,peripheral,0.583,6,0.3462,"Получил 127 тыс ₸ от 3, отдал 286 тыс ₸ 2 получ., пропуск 226%; пороги ролей не достигнуты"
100000008188026100,peripheral,0.594,3,0.346,"Получил 86 тыс ₸ от 2, отдал 338 тыс ₸ 4 получ., пропуск 391%; пороги ролей не достигнуты"
100000001009583100,terminal,0.769,4,0.3457,"Получил 394 тыс ₸ от 1 плательщиков, исходящих нет (исходящие наблюдаемы); деньги 3 seed доходят до узла"
100000008332511100,terminal,0.7,8,0.3455,"Получил 100 тыс ₸ от 1 плательщиков, исходящих нет (исходящие наблюдаемы); деньги 4 seed доходят до узла"
100000008636603100,peripheral,0.589,3,0.3455,"Получил 35 тыс ₸ от 2, отдал 159 тыс ₸ 6 получ., пропуск 449%; пороги ролей не достигнуты"
100000002692750100,peripheral,0.583,8,0.3452,"Получил 113 тыс ₸ от 3, отдал 77 тыс ₸ 1 получ., пропуск 68%; пороги ролей не достигнуты"
100000004388353100,terminal,0.758,7,0.3452,"Получил 63 тыс ₸ от 2 плательщиков (seed: 1), исходящих нет (исходящие наблюдаемы); деньги 6 seed доходят до узла"
100000002632742100,terminal,0.801,2,0.345,"Получил 236 тыс ₸ от 2 плательщиков, исходящих нет (исходящие наблюдаемы); деньги 3 seed доходят до узла"
100000004756901100,terminal,0.721,5,0.345,"Получил 153 тыс ₸ от 1 плательщиков, исходящих нет (исходящие наблюдаемы); деньги 4 seed доходят до узла"
100000007138613100,peripheral,0.5,1,0.3447,"Получил 1 млн ₸ от 3, отдал 179 тыс ₸ 2 получ., пропуск 18%; пороги ролей не достигнуты"
100000006562026100,terminal,0.758,46,0.3443,"Получил 75 тыс ₸ от 2 плательщиков (seed: 2), исходящих нет (исходящие наблюдаемы)"
100000008011159100,peripheral,0.583,20,0.3443,"Получил 363 тыс ₸ от 3, отдал 153 тыс ₸ 5 получ., пропуск 42%; пороги ролей не достигнуты"
100000001053894100,peripheral,0.292,4,0.344,4-е колено (обход оборван): 7 поступл. на 2 млн ₸ от 1; P(передаёт дальше)=0.83 — порогов ролей не достигает
100000005140601100,peripheral,0.583,1,0.3434,"Получил 53 тыс ₸ от 3, отдал 195 тыс ₸ 2 получ., пропуск 371%; пороги ролей не достигнуты"
100000003050771100,terminal,0.741,13,0.3433,"Получил 229 тыс ₸ от 1 плательщиков, исходящих нет (исходящие наблюдаемы); деньги 3 seed доходят до узла"
100000003031633100,terminal,0.771,2,0.343,"Получил 414 тыс ₸ от 1 плательщиков, исходящих нет (исходящие наблюдаемы)"
100000002773323100,peripheral,0.5,2,0.3427,"Получил 285 тыс ₸ от 2, отдал 1.2 млн ₸ 1 получ., пропуск 411%; пороги ролей не достигнуты"
100000000998559100,terminal,0.7,5,0.3425,"Получил 100 тыс ₸ от 1 плательщиков (seed: 1), исходящих нет (исходящие наблюдаемы); деньги 4 seed доходят до узла"
100000002335358100,terminal,0.717,3,0.3424,"Получил 140 тыс ₸ от 1 плательщиков, исходящих нет (исходящие наблюдаемы)"
100000003589877100,peripheral,0.576,2,0.3422,"Получил 176 тыс ₸ от 2, отдал 416 тыс ₸ 6 получ., пропуск 236%; пороги ролей не достигнуты"
100000002964966100,terminal,0.735,5,0.3421,"Получил 200 тыс ₸ от 1 плательщиков, исходящих нет (исходящие наблюдаемы)"
100000001252290100,terminal,0.71,4,0.3417,"Получил 141 тыс ₸ от 1 плательщиков, дальше ушло лишь 4% (исходящие наблюдаемы); деньги 3 seed доходят до узла"
100000004004621100,terminal,0.792,13,0.3414,"Получил 75 тыс ₸ от 3 плательщиков (seed: 1), исходящих нет (исходящие наблюдаемы); деньги 7 seed доходят до узла"
100000002032323100,peripheral,0.5,13,0.341,"Получил 300 тыс ₸ от 1, отдал 1.1 млн ₸ 1 получ., пропуск 350%; пороги ролей не достигнуты"
100000008175078100,peripheral,0.269,4,0.3405,4-е колено (обход оборван): 15 поступл. на 1.8 млн ₸ от 1; P(передаёт дальше)=0.92 — порогов ролей не достигает
100000008775471100,terminal,0.788,2,0.3405,"Получил 580 тыс ₸ от 1 плательщиков, исходящих нет (исходящие наблюдаемы)"
100000006901046100,terminal,0.685,3,0.3402,"Получил 76 тыс ₸ от 1 плательщиков, дальше ушло лишь 7% (исходящие наблюдаемы)"
100000002615479100,terminal,0.739,6,0.34,"Получил 220 тыс ₸ от 1 плательщиков (seed: 1), исходящих нет (исходящие наблюдаемы)"
100000005664922100,peripheral,0.554,21,0.3398,"Получил 22 тыс ₸ от 2, отдал 537 тыс ₸ 3 получ., пропуск 2441%; пороги ролей не достигнуты"
100000008430691100,peripheral,0.544,3,0.3393,"Получил 20 тыс ₸ от 1, отдал 605 тыс ₸ 2 получ., пропуск 3024%; пороги ролей не достигнуты"
100000001140785100,terminal,0.796,2,0.3388,"Получил 215 тыс ₸ от 2 плательщиков, исходящих нет (исходящие наблюдаемы); деньги 3 seed доходят до узла"
100000002255058100,terminal,0.78,5,0.3386,"Получил 492 тыс ₸ от 1 плательщиков, исходящих нет (исходящие наблюдаемы)"
100000007647294100,terminal,0.767,14,0.338,"Получил 385 тыс ₸ от 1 плательщиков, исходящих нет (исходящие наблюдаемы)"
100000008295429100,terminal,0.763,4,0.3378,"Получил 352 тыс ₸ от 1 плательщиков, исходящих нет (исходящие наблюдаемы); деньги 3 seed доходят до узла"
100000004889043100,terminal,0.808,1,0.3375,"Получил 272 тыс ₸ от 2 плательщиков, исходящих нет (исходящие наблюдаемы); деньги 3 seed доходят до узла"
100000007382543100,peripheral,0.574,22,0.3372,"Получил 218 тыс ₸ от 3, отдал 427 тыс ₸ 5 получ., пропуск 196%; пороги ролей не достигнуты"
100000006446271100,terminal,0.758,5,0.337,"Получил 80 тыс ₸ от 2 плательщиков (seed: 1), исходящих нет (исходящие наблюдаемы); деньги 4 seed доходят до узла"
100000003557488100,peripheral,0.535,25,0.3369,"Получил 665 тыс ₸ от 1, отдал 138 тыс ₸ 2 получ., пропуск 21%; пороги ролей не достигнуты"
100000008659950100,terminal,0.745,2,0.3367,"Получил 246 тыс ₸ от 1 плательщиков, исходящих нет (исходящие наблюдаемы); деньги 3 seed доходят до узла"
100000002635780100,terminal,0.724,6,0.3366,"Получил 163 тыс ₸ от 1 плательщиков, исходящих нет (исходящие наблюдаемы)"
100000002591469100,terminal,0.743,6,0.3362,"Получил 236 тыс ₸ от 1 плательщиков (seed: 1), исходящих нет (исходящие наблюдаемы)"
100000008418934100,terminal,0.764,6,0.3362,"Получил 360 тыс ₸ от 1 плательщиков, исходящих нет (исходящие наблюдаемы)"
100000005616568100,terminal,0.502,4,0.3357,"4-е колено, исходящие не выгружены; модель: P(сток)=0.64; получил 530 тыс ₸ от 1; деньги 3 seed доходят до узла"
100000000596954100,peripheral,0.684,5,0.3354,"Получил 120 тыс ₸ от 1, отдал 48 тыс ₸ 2 получ., пропуск 40%; пороги ролей не достигнуты"
100000001477796100,terminal,0.73,5,0.3352,"Получил 182 тыс ₸ от 1 плательщиков (seed: 1), исходящих нет (исходящие наблюдаемы)"
100000001526235100,peripheral,0.539,30,0.3346,"Получил 82 тыс ₸ от 3, отдал 433 тыс ₸ 8 получ., пропуск 528%; пороги ролей не достигнуты"
100000003942602100,transit,1.0,12,0.3346,"Пропуск 100%: получил 30 тыс ₸ от 1, отдал 30 тыс ₸ 1 получ.; 100% ушло ≤2 дн. после поступления"
100000007131370100,transit,0.75,3,0.3329,"Пропуск 100%: получил 30 тыс ₸ от 1, отдал 30 тыс ₸ 1 получ."
100000004077081100,peripheral,0.542,1,0.3326,"Получил 140 тыс ₸ от 1, отдал 615 тыс ₸ 4 получ., пропуск 439%; пороги ролей не достигнуты"
100000004188160100,peripheral,0.62,3,0.3326,"Получил 88 тыс ₸ от 2, отдал 134 тыс ₸ 5 получ., пропуск 152%; пороги ролей не достигнуты"
100000001184915100,terminal,0.735,3,0.3325,"Получил 201 тыс ₸ от 1 плательщиков, исходящих нет (исходящие наблюдаемы); деньги 3 seed доходят до узла"
100000000011452100,peripheral,0.583,1,0.3324,"Получил 110 тыс ₸ от 3, отдал 17 тыс ₸ 1 получ., пропуск 15%; пороги ролей не достигнуты"
100000007841978100,terminal,0.499,4,0.3318,"4-е колено, исходящие не выгружены; модель: P(сток)=0.64; получил 449 тыс ₸ от 1; деньги 3 seed доходят до узла"
100000000490383100,peripheral,0.539,3,0.3314,"Получил 63 тыс ₸ от 3, отдал 461 тыс ₸ 8 получ., пропуск 737%; пороги ролей не достигнуты"
100000002784085100,terminal,0.735,6,0.3313,"Получил 200 тыс ₸ от 1 плательщиков (seed: 1), исходящих нет (исходящие наблюдаемы)"
100000003122817100,terminal,0.775,27,0.3309,"Получил 445 тыс ₸ от 1 плательщиков, исходящих нет (исходящие наблюдаемы)"
100000001236706100,peripheral,0.583,1,0.3301,"Получил 143 тыс ₸ от 3, отдал 36 тыс ₸ 2 получ., пропуск 25%; пороги ролей не достигнуты"
100000000555721100,terminal,0.764,1,0.3292,"Получил 113 тыс ₸ от 2 плательщиков (seed: 1), исходящих нет (исходящие наблюдаемы)"
100000004417753100,terminal,0.791,1,0.3292,"Получил 192 тыс ₸ от 2 плательщиков, исходящих нет (исходящие наблюдаемы)"
100000008576243100,terminal,0.758,1,0.3289,"Получил 83 тыс ₸ от 2 плательщиков, исходящих нет (исходящие наблюдаемы); деньги 3 seed доходят до узла"
100000008761219100,peripheral,0.585,2,0.3288,"Получил 50 тыс ₸ от 2, отдал 375 тыс ₸ 2 получ., пропуск 750%; пороги ролей не достигнуты"
100000008536546100,terminal,0.804,2,0.3285,"Получил 250 тыс ₸ от 2 плательщиков, исходящих нет (исходящие наблюдаемы)"
100000008169544100,peripheral,0.659,3,0.3276,"Получил 137 тыс ₸ от 1, отдал 43 тыс ₸ 4 получ., пропуск 31%; пороги ролей не достигнуты"
100000004398811100,peripheral,0.5,5,0.3271,"Получил 426 тыс ₸ от 1, отдал 1 млн ₸ 3 получ., пропуск 244%; пороги ролей не достигнуты"
100000002956779100,terminal,0.771,5,0.327,"Получил 411 тыс ₸ от 1 плательщиков, исходящих нет (исходящие наблюдаемы)"
100000006664478100,transit,0.855,8,0.327,"Пропуск 109%: получил 55 тыс ₸ от 1, отдал 60 тыс ₸ 2 получ.; 55% ушло ≤2 дн. после поступления"
100000008493007100,transit,1.0,19,0.327,"Пропуск 100%: получил 26 тыс ₸ от 1, отдал 26 тыс ₸ 1 получ.; 100% ушло ≤2 дн. после поступления"
100000002521039100,terminal,0.763,1,0.3269,"Получил 349 тыс ₸ от 1 плательщиков, исходящих нет (исходящие наблюдаемы)"
100000002556775100,terminal,0.755,4,0.3262,"Получил 300 тыс ₸ от 1 плательщиков, исходящих нет (исходящие наблюдаемы); деньги 3 seed доходят до узла"
100000005942793100,consolidator,0.663,1,0.3259,Сбор от 4 плательщиков: 55 тыс ₸; дальше не ушло ничего; деньги 3 seed доходят до узла
100000008555233100,terminal,0.774,2,0.3258,"Получил 441 тыс ₸ от 1 плательщиков, исходящих нет (исходящие наблюдаемы)"
100000005665181100,peripheral,0.5,4,0.3257,"Получил 45 тыс ₸ от 4, отдал 182 тыс ₸ 11 получ., пропуск 400%; пороги ролей не достигнуты"
100000008232832100,peripheral,0.594,10,0.3252,"Получил 337 тыс ₸ от 1, отдал 138 тыс ₸ 1 получ., пропуск 41%; пороги ролей не достигнуты"
100000005661829100,transit,0.95,18,0.325,"Пропуск 107%: получил 38 тыс ₸ от 1, отдал 40 тыс ₸ 2 получ.; 89% ушло ≤2 дн. после поступления"
100000001650895100,terminal,0.708,15,0.3243,"Получил 154 тыс ₸ от 1 плательщиков, дальше ушло лишь 7% (исходящие наблюдаемы)"
100000003001661100,peripheral,0.571,22,0.3243,"Получил 110 тыс ₸ от 1, отдал 440 тыс ₸ 5 получ., пропуск 400%; пороги ролей не достигнуты"
100000008555918100,peripheral,0.671,5,0.3243,"Получил 139 тыс ₸ от 1, отдал 43 тыс ₸ 2 получ., пропуск 31%; пороги ролей не достигнуты"
100000008587459100,peripheral,0.533,1,0.3241,"Получил 182 тыс ₸ от 2, отдал 686 тыс ₸ 2 получ., пропуск 378%; пороги ролей не достигнуты"
100000004539443100,terminal,0.758,5,0.3239,"Получил 62 тыс ₸ от 2 плательщиков, исходящих нет (исходящие наблюдаемы)"
100000001674850100,terminal,0.801,2,0.3237,"Получил 237 тыс ₸ от 2 плательщиков, исходящих нет (исходящие наблюдаемы)"
100000005022552100,terminal,0.74,3,0.3235,"Получил 241 тыс ₸ от 1 плательщиков, дальше ушло лишь 2% (исходящие наблюдаемы)"
100000004180097100,peripheral,0.583,1,0.3232,"Получил 105 тыс ₸ от 3, отдал 48 тыс ₸ 3 получ., пропуск 46%; пороги ролей не достигнуты"
100000005498992100,distributor,0.761,6,0.3227,"Веер: 16 получателей при 0 плательщиках; разослал 2.3 млн ₸, в среднем 119 тыс ₸ за перевод; вход занижен (seed)"
100000008490127100,peripheral,0.507,4,0.3223,"Получил 432 тыс ₸ от 1, отдал 923 тыс ₸ 6 получ., пропуск 214%; пороги ролей не достигнуты"
100000008531186100,terminal,0.711,1,0.3221,"Получил 125 тыс ₸ от 1 плательщиков, исходящих нет (исходящие наблюдаемы); деньги 3 seed доходят до узла"
100000002622822100,terminal,0.521,2,0.3216,"4-е колено, исходящие не выгружены; модель: P(сток)=0.65; получил 750 тыс ₸ от 1"
100000008680731100,distributor,0.829,17,0.3216,"Веер: 27 получателей при 0 плательщиках; разослал 1.5 млн ₸, в среднем 52 тыс ₸ за перевод; вход занижен (seed)"
100000004130144100,terminal,0.735,6,0.321,"Получил 200 тыс ₸ от 1 плательщиков (seed: 1), исходящих нет (исходящие наблюдаемы)"
100000007641801100,terminal,0.735,6,0.321,"Получил 200 тыс ₸ от 1 плательщиков (seed: 1), исходящих нет (исходящие наблюдаемы)"
100000004993576100,terminal,0.726,3,0.3198,"Получил 167 тыс ₸ от 1 плательщиков, исходящих нет (исходящие наблюдаемы); деньги 3 seed доходят до узла"
100000001373265100,terminal,0.711,1,0.3195,"Получил 142 тыс ₸ от 1 плательщиков, дальше ушло лишь 4% (исходящие наблюдаемы)"
100000001733687100,terminal,0.755,2,0.3193,"Получил 300 тыс ₸ от 1 плательщиков, исходящих нет (исходящие наблюдаемы)"
100000003171587100,peripheral,0.531,9,0.3192,"Получил 700 тыс ₸ от 2, отдал 431 тыс ₸ 2 получ., пропуск 62%; пороги ролей не достигнуты"
100000003152964100,terminal,0.71,1,0.319,"Получил 142 тыс ₸ от 1 плательщиков, дальше ушло лишь 4% (исходящие наблюдаемы)"
100000005042822100,terminal,0.531,25,0.3188,"4-е колено, исходящие не выгружены; модель: P(сток)=0.65; получил 1 млн ₸ от 1"
100000006567935100,terminal,0.735,11,0.3188,"Получил 200 тыс ₸ от 1 плательщиков, исходящих нет (исходящие наблюдаемы); деньги 3 seed доходят до узла"
100000002087788100,terminal,0.7,4,0.3184,"Получил 100 тыс ₸ от 1 плательщиков, исходящих нет (исходящие наблюдаемы); деньги 3 seed доходят до узла"
100000008730021100,terminal,0.7,7,0.3182,"Получил 76 тыс ₸ от 1 плательщиков (seed: 1), исходящих нет (исходящие наблюдаемы)"
100000001382002100,transit,0.74,1,0.318,"Пропуск 103%: получил 55 тыс ₸ от 1, отдал 56 тыс ₸ 1 получ."
100000002697752100,terminal,0.79,1,0.3177,"Получил 191 тыс ₸ от 2 плательщиков, исходящих нет (исходящие наблюдаемы)"
100000003031761100,terminal,0.776,9,0.3171,"Получил 460 тыс ₸ от 1 плательщиков, исходящих нет (исходящие наблюдаемы)"
100000000076451100,peripheral,0.583,3,0.317,"Получил 88 тыс ₸ от 3, отдал 58 тыс ₸ 4 получ., пропуск 66%; пороги ролей не достигнуты"
100000008624978100,terminal,0.704,2,0.3168,"Получил 109 тыс ₸ от 1 плательщиков, исходящих нет (исходящие наблюдаемы); деньги 4 seed доходят до узла"
100000001927599100,terminal,0.79,15,0.3165,"Получил 188 тыс ₸ от 2 плательщиков, исходящих нет (исходящие наблюдаемы)"
100000005539910100,peripheral,0.698,5,0.3164,"Получил 102 тыс ₸ от 1, отдал 22 тыс ₸ 2 получ., пропуск 22%; пороги ролей не достигнуты"
100000008335401100,terminal,0.72,15,0.3163,"Получил 150 тыс ₸ от 1 плательщиков, исходящих нет (исходящие наблюдаемы)"
100000003574895100,transit,0.808,1,0.3157,"Пропуск 72%: получил 28 тыс ₸ от 1, отдал 20 тыс ₸ 1 получ.; 72% ушло ≤2 дн. после поступления"
100000001317336100,peripheral,0.5,25,0.3156,"Получил 131 тыс ₸ от 1, отдал 1.8 млн ₸ 2 получ., пропуск 1335%; пороги ролей не достигнуты"
100000004386258100,peripheral,0.583,17,0.3156,"Получил 62 тыс ₸ от 3, отдал 40 тыс ₸ 3 получ., пропуск 65%; пороги ролей не достигнуты"
100000002981527100,terminal,0.726,6,0.3152,"Получил 168 тыс ₸ от 1 плательщиков (seed: 1), исходящих нет (исходящие наблюдаемы)"
100000004904960100,terminal,0.758,10,0.3151,"Получил 32 тыс ₸ от 2 плательщиков, исходящих нет (исходящие наблюдаемы); деньги 4 seed доходят до узла"
100000002958345100,terminal,0.756,11,0.3147,"Получил 307 тыс ₸ от 1 плательщиков, исходящих нет (исходящие наблюдаемы)"
100000006240939100,peripheral,0.522,2,0.3147,"Получил 160 тыс ₸ от 1, отдал 778 тыс ₸ 5 получ., пропуск 486%; пороги ролей не достигнуты"
100000003154105100,peripheral,0.562,28,0.3146,"Получил 60 тыс ₸ от 1, отдал 338 тыс ₸ 7 получ., пропуск 563%; пороги ролей не достигнуты"
100000008732488100,terminal,0.701,1,0.3146,"Получил 137 тыс ₸ от 1 плательщиков, дальше ушло лишь 7% (исходящие наблюдаемы)"
100000002878467100,terminal,0.793,2,0.3145,"Получил 200 тыс ₸ от 2 плательщиков, исходящих нет (исходящие наблюдаемы)"
100000002509598100,terminal,0.756,11,0.3144,"Получил 306 тыс ₸ от 1 плательщиков, исходящих нет (исходящие наблюдаемы)"
100000004269433100,transit,0.875,7,0.3143,"Признаки передачи средств seed: вход неполон; переправил 1.4 млн ₸ 1 получ., 100% — одному"
100000002890167100,terminal,0.708,3,0.3141,"Получил 118 тыс ₸ от 1 плательщиков (seed: 1), исходящих нет (исходящие наблюдаемы)"
100000002156381100,peripheral,0.7,7,0.314,"Получил 61 тыс ₸ от 2, отдал 22 тыс ₸ 1 получ., пропуск 36%; пороги ролей не достигнуты"
100000001601320100,transit,0.728,6,0.3139,"Пропуск 106%: получил 44 тыс ₸ от 2, отдал 46 тыс ₸ 1 получ."
100000005075949100,peripheral,0.327,1,0.3131,4-е колено (обход оборван): 7 поступл. на 2.2 млн ₸ от 1; P(передаёт дальше)=0.69 — порогов ролей не достигает
100000001714413100,terminal,0.746,4,0.313,"Получил 250 тыс ₸ от 1 плательщиков, исходящих нет (исходящие наблюдаемы); деньги 3 seed доходят до узла"
100000005493505100,terminal,0.792,5,0.3126,"Получил 62 тыс ₸ от 3 плательщиков (seed: 1), исходящих нет (исходящие наблюдаемы); деньги 6 seed доходят до узла"
100000005895525100,terminal,0.709,42,0.3126,"Получил 120 тыс ₸ от 1 плательщиков (seed: 1), исходящих нет (исходящие наблюдаемы)"
100000003131016100,peripheral,0.578,1,0.3122,"Получил 406 тыс ₸ от 1, отдал 126 тыс ₸ 1 получ., пропуск 31%; пороги ролей не достигнуты"
100000003920950100,terminal,0.759,18,0.3122,"Получил 323 тыс ₸ от 1 плательщиков, исходящих нет (исходящие наблюдаемы)"
100000000569479100,terminal,0.758,14,0.312,"Получил 320 тыс ₸ от 1 плательщиков, исходящих нет (исходящие наблюдаемы)"
100000003149149100,terminal,0.745,4,0.3114,"Получил 245 тыс ₸ от 1 плательщиков, исходящих нет (исходящие наблюдаемы); деньги 3 seed доходят до узла"
100000003795588100,terminal,0.769,10,0.3109,"Получил 400 тыс ₸ от 1 плательщиков, исходящих нет (исходящие наблюдаемы)"
100000002633108100,terminal,0.758,16,0.3096,"Получил 320 тыс ₸ от 1 плательщиков, исходящих нет (исходящие наблюдаемы)"
100000001222263100,peripheral,0.526,4,0.3094,"Получил 746 тыс ₸ от 1, отдал 420 тыс ₸ 1 получ., пропуск 56%; пороги ролей не достигнуты"
100000001641951100,terminal,0.7,9,0.3093,"Получил 25 тыс ₸ от 1 плательщиков, исходящих нет (исходящие наблюдаемы); деньги 8 seed доходят до узла"
100000002712416100,terminal,0.766,2,0.3093,"Получил 117 тыс ₸ от 2 плательщиков, исходящих нет (исходящие наблюдаемы); деньги 4 seed доходят до узла"
100000002943472100,terminal,0.727,2,0.3093,"Получил 170 тыс ₸ от 1 плательщиков, исходящих нет (исходящие наблюдаемы); деньги 3 seed доходят до узла"
100000008121806100,peripheral,0.621,9,0.3091,"Получил 67 тыс ₸ от 1, отдал 249 тыс ₸ 4 получ., пропуск 371%; пороги ролей не достигнуты"
100000003289405100,terminal,0.763,5,0.309,"Получил 355 тыс ₸ от 1 плательщиков, исходящих нет (исходящие наблюдаемы)"
100000003286537100,terminal,0.779,2,0.3089,"Получил 153 тыс ₸ от 2 плательщиков, исходящих нет (исходящие наблюдаемы); деньги 3 seed доходят до узла"
100000003275398100,terminal,0.742,24,0.3088,"Получил 300 тыс ₸ от 1 плательщиков, дальше ушло лишь 7% (исходящие наблюдаемы)"
100000005857058100,terminal,0.792,1,0.3088,"Получил 80 тыс ₸ от 3 плательщиков, исходящих нет (исходящие наблюдаемы); деньги 3 seed доходят до узла"
100000005667841100,terminal,0.789,2,0.3087,"Получил 186 тыс ₸ от 2 плательщиков, исходящих нет (исходящие наблюдаемы)"
100000000913911100,peripheral,0.544,5,0.3086,"Получил 467 тыс ₸ от 2, отдал 600 тыс ₸ 1 получ., пропуск 128%; пороги ролей не достигнуты"
100000008254069100,peripheral,0.62,7,0.3086,"Получил 10 тыс ₸ от 1, отдал 108 тыс ₸ 5 получ., пропуск 1054%; пороги ролей не достигнуты"
100000003191430100,terminal,0.729,3,0.3081,"Получил 180 тыс ₸ от 1 плательщиков, исходящих нет (исходящие наблюдаемы)"
100000001851289100,terminal,0.705,3,0.3074,"Получил 110 тыс ₸ от 1 плательщиков (seed: 1), исходящих нет (исходящие наблюдаемы)"
100000000733451100,peripheral,0.605,13,0.3071,"Получил 70 тыс ₸ от 1, отдал 300 тыс ₸ 1 получ., пропуск 429%; пороги ролей не достигнуты"
100000002633701100,terminal,0.749,6,0.3071,"Получил 267 тыс ₸ от 1 плательщиков, исходящих нет (исходящие наблюдаемы)"
100000003060517100,terminal,0.758,4,0.307,"Получил 316 тыс ₸ от 1 плательщиков, исходящих нет (исходящие наблюдаемы)"
100000002570206100,terminal,0.784,4,0.3064,"Получил 167 тыс ₸ от 2 плательщиков, исходящих нет (исходящие наблюдаемы)"
100000008258458100,peripheral,0.5,3,0.3064,"Получил 19 тыс ₸ от 1, отдал 1.6 млн ₸ 2 получ., пропуск 8200%; пороги ролей не достигнуты"
100000006020215100,transit,0.707,13,0.3063,"Пропуск 113%: получил 30 тыс ₸ от 1, отдал 34 тыс ₸ 2 получ."
100000002821425100,terminal,0.751,11,0.3062,"Получил 275 тыс ₸ от 1 плательщиков, исходящих нет (исходящие наблюдаемы)"
100000008356606100,terminal,0.784,13,0.3059,"Получил 168 тыс ₸ от 2 плательщиков, исходящих нет (исходящие наблюдаемы)"
100000004424023100,peripheral,0.7,8,0.3057,"Получил 50 тыс ₸ от 1, отдал 100 тыс ₸ 1 получ., пропуск 200%; пороги ролей не достигнуты"
100000000976943100,transit,0.724,1,0.3054,"Пропуск 120%: получил 70 тыс ₸ от 1, отдал 84 тыс ₸ 1 получ."
100000005634552100,peripheral,0.5,1,0.3053,"Получил 26 тыс ₸ от 1, отдал 1.2 млн ₸ 3 получ., пропуск 4627%; пороги ролей не достигнуты"
100000003484058100,terminal,0.694,16,0.3051,"Получил 110 тыс ₸ от 1 плательщиков, дальше ушло лишь 5% (исходящие наблюдаемы)"
100000003112436100,terminal,0.7,5,0.3048,"Получил 100 тыс ₸ от 1 плательщиков, исходящих нет (исходящие наблюдаемы); деньги 4 seed доходят до узла"
100000000896111100,terminal,0.753,21,0.3047,"Получил 287 тыс ₸ от 1 плательщиков, исходящих нет (исходящие наблюдаемы)"
100000007242833100,peripheral,0.694,17,0.3046,"Получил 108 тыс ₸ от 1, отдал 45 тыс ₸ 1 получ., пропуск 42%; пороги ролей не достигнуты"
100000005168487100,peripheral,0.697,7,0.3045,"Получил 15 тыс ₸ от 1, отдал 104 тыс ₸ 1 получ., пропуск 690%; пороги ролей не достигнуты"
100000000440392100,terminal,0.703,3,0.3039,"Получил 106 тыс ₸ от 1 плательщиков (seed: 1), исходящих нет (исходящие наблюдаемы)"
100000004698193100,peripheral,0.63,8,0.3031,"Получил 223 тыс ₸ от 2, отдал 38 тыс ₸ 3 получ., пропуск 17%; пороги ролей не достигнуты"
100000006530134100,terminal,0.777,4,0.3029,"Получил 145 тыс ₸ от 2 плательщиков, исходящих нет (исходящие наблюдаемы); деньги 3 seed доходят до узла"
100000002462183100,terminal,0.704,42,0.3027,"Получил 108 тыс ₸ от 1 плательщиков (seed: 1), исходящих нет (исходящие наблюдаемы)"
100000008468762100,terminal,0.785,2,0.3024,"Получил 170 тыс ₸ от 2 плательщиков, исходящих нет (исходящие наблюдаемы)"
100000008379273100,transit,0.73,15,0.3007,"Пропуск 106%: получил 36 тыс ₸ от 2, отдал 38 тыс ₸ 4 получ."
100000007392365100,peripheral,0.5,35,0.3003,"Получил 10 тыс ₸ от 1, отдал 1.8 млн ₸ 6 получ., пропуск 18367%; пороги ролей не достигнуты"
100000002691583100,terminal,0.752,27,0.3001,"Получил 285 тыс ₸ от 1 плательщиков, исходящих нет (исходящие наблюдаемы)"
100000003089553100,terminal,0.72,2,0.3001,"Получил 150 тыс ₸ от 1 плательщиков, исходящих нет (исходящие наблюдаемы); деньги 3 seed доходят до узла"
100000000607941100,peripheral,0.7,3,0.2996,"Получил 50 тыс ₸ от 2, отдал 70 тыс ₸ 1 получ., пропуск 140%; пороги ролей не достигнуты"
100000001056414100,terminal,0.746,11,0.2996,"Получил 250 тыс ₸ от 1 плательщиков, исходящих нет (исходящие наблюдаемы)"
100000008676812100,terminal,0.742,18,0.2989,"Получил 231 тыс ₸ от 1 плательщиков, исходящих нет (исходящие наблюдаемы)"
100000008472324100,terminal,0.736,4,0.2986,"Получил 205 тыс ₸ от 1 плательщиков, исходящих нет (исходящие наблюдаемы); деньги 3 seed доходят до узла"
100000004744306100,peripheral,0.707,7,0.2983,"Получил 69 тыс ₸ от 1, отдал 92 тыс ₸ 2 получ., пропуск 133%; пороги ролей не достигнуты"
100000001961048100,terminal,0.72,11,0.2982,"Получил 150 тыс ₸ от 1 плательщиков, исходящих нет (исходящие наблюдаемы); деньги 3 seed доходят до узла"
100000002755292100,terminal,0.736,4,0.2981,"Получил 203 тыс ₸ от 1 плательщиков, исходящих нет (исходящие наблюдаемы); деньги 3 seed доходят до узла"
100000005133757100,terminal,0.758,9,0.2978,"Получил 65 тыс ₸ от 2 плательщиков (seed: 1), исходящих нет (исходящие наблюдаемы); деньги 4 seed доходят до узла"
100000003603979100,terminal,0.725,24,0.2977,"Получил 165 тыс ₸ от 1 плательщиков, исходящих нет (исходящие наблюдаемы)"
100000000413678100,peripheral,0.555,9,0.2976,"Получил 306 тыс ₸ от 2, отдал 528 тыс ₸ 3 получ., пропуск 172%; пороги ролей не достигнуты"
100000002391278100,transit,0.713,2,0.2971,"Пропуск 176%: получил 30 тыс ₸ от 1, отдал 53 тыс ₸ 1 получ.; 67% ушло ≤2 дн. после поступления"
100000002343825100,peripheral,0.583,2,0.2968,"Получил 350 тыс ₸ от 3, отдал 90 тыс ₸ 2 получ., пропуск 26%; пороги ролей не достигнуты"
100000008568512100,terminal,0.735,4,0.2966,"Получил 200 тыс ₸ от 1 плательщиков, исходящих нет (исходящие наблюдаемы); деньги 3 seed доходят до узла"
100000002308091100,terminal,0.731,11,0.2964,"Получил 187 тыс ₸ от 1 плательщиков, исходящих нет (исходящие наблюдаемы)"
100000007330432100,terminal,0.506,3,0.2962,"4-е колено, исходящие не выгружены; модель: P(сток)=0.64; получил 585 тыс ₸ от 1"
100000000646541100,terminal,0.792,1,0.2955,"Получил 25 тыс ₸ от 3 плательщиков, исходящих нет (исходящие наблюдаемы); деньги 3 seed доходят до узла"
100000003968044100,peripheral,0.601,1,0.2954,"Получил 40 тыс ₸ от 1, отдал 311 тыс ₸ 3 получ., пропуск 778%; пороги ролей не достигнуты"
100000001285440100,terminal,0.802,2,0.295,"Получил 243 тыс ₸ от 2 плательщиков, исходящих нет (исходящие наблюдаемы)"
100000005079754100,peripheral,0.683,5,0.2943,"Получил 70 тыс ₸ от 1, отдал 122 тыс ₸ 2 получ., пропуск 174%; пороги ролей не достигнуты"
100000003616818100,peripheral,0.583,24,0.2938,"Получил 78 тыс ₸ от 3, отдал 240 тыс ₸ 3 получ., пропуск 308%; пороги ролей не достигнуты"
100000001052945100,peripheral,0.5,16,0.2937,"Получил 57 тыс ₸ от 1, отдал 1.6 млн ₸ 3 получ., пропуск 2823%; пороги ролей не достигнуты"
100000008531133100,peripheral,0.66,3,0.2936,"Получил 25 тыс ₸ от 1, отдал 158 тыс ₸ 3 получ., пропуск 633%; пороги ролей не достигнуты"
100000002958139100,terminal,0.737,2,0.2933,"Получил 210 тыс ₸ от 1 плательщиков, исходящих нет (исходящие наблюдаемы)"
100000003089018100,terminal,0.742,6,0.2931,"Получил 230 тыс ₸ от 1 плательщиков, исходящих нет (исходящие наблюдаемы)"
100000005124479100,peripheral,0.672,10,0.2931,"Получил 138 тыс ₸ от 2, отдал 22 тыс ₸ 2 получ., пропуск 16%; пороги ролей не достигнуты"
100000008740295100,terminal,0.587,2,0.2931,"4-е колено, исходящие не выгружены; модель: P(сток)=0.78; получил 300 тыс ₸ от 1"
100000004569484100,peripheral,0.659,15,0.293,"Получил 98 тыс ₸ от 2, отдал 156 тыс ₸ 4 получ., пропуск 159%; пороги ролей не достигнуты"
100000008238112100,terminal,0.732,4,0.293,"Получил 190 тыс ₸ от 1 плательщиков, исходящих нет (исходящие наблюдаемы); деньги 3 seed доходят до узла"
100000004732589100,terminal,0.741,15,0.2926,"Получил 228 тыс ₸ от 1 плательщиков, исходящих нет (исходящие наблюдаемы)"
100000002257794100,terminal,0.722,24,0.2924,"Получил 154 тыс ₸ от 1 плательщиков, исходящих нет (исходящие наблюдаемы)"
100000003199390100,terminal,0.474,4,0.2919,"4-е колено, исходящие не выгружены; модель: P(сток)=0.63; получил 260 тыс ₸ от 1; деньги 3 seed доходят до узла"
100000002529880100,terminal,0.777,2,0.2912,"Получил 147 тыс ₸ от 2 плательщиков, исходящих нет (исходящие наблюдаемы)"
100000001669260100,terminal,0.5,9,0.291,"4-е колено, исходящие не выгружены; модель: P(сток)=0.64; получил 500 тыс ₸ от 1"
100000008376089100,terminal,0.715,11,0.2906,"Получил 135 тыс ₸ от 1 плательщиков, исходящих нет (исходящие наблюдаемы); деньги 3 seed доходят до узла"
100000003917461100,peripheral,0.671,17,0.29,"Получил 10 тыс ₸ от 1, отдал 140 тыс ₸ 2 получ., пропуск 1400%; пороги ролей не достигнуты"
100000005264990100,transit,0.626,7,0.29,"Признаки передачи средств seed: вход неполон; переправил 122 тыс ₸ 2 получ., 57% — одному"
100000004715209100,peripheral,0.591,13,0.2896,"Получил 5 тыс ₸ от 1, отдал 350 тыс ₸ 5 получ., пропуск 7009%; пороги ролей не достигнуты"
100000001131403100,peripheral,0.36,16,0.2895,4-е колено (обход оборван): 3 поступл. на 1.6 млн ₸ от 1; P(передаёт дальше)=0.56 — порогов ролей не достигает
100000003031890100,terminal,0.738,24,0.2891,"Получил 215 тыс ₸ от 1 плательщиков, исходящих нет (исходящие наблюдаемы)"
100000005031696100,peripheral,0.688,44,0.2891,"Получил 5 тыс ₸ от 1, отдал 115 тыс ₸ 2 получ., пропуск 2300%; пороги ролей не достигнуты"
100000006209210100,terminal,0.742,18,0.2887,"Получил 229 тыс ₸ от 1 плательщиков, исходящих нет (исходящие наблюдаемы)"
100000002459093100,peripheral,0.56,8,0.2886,"Получил 500 тыс ₸ от 1, отдал 55 тыс ₸ 1 получ., пропуск 11%; пороги ролей не достигнуты"
100000005547096100,peripheral,0.629,37,0.2885,"Получил 8 тыс ₸ от 1, отдал 226 тыс ₸ 2 получ., пропуск 2829%; пороги ролей не достигнуты"
100000000656682100,transit,0.707,1,0.2884,"Пропуск 113%: получил 71 тыс ₸ от 1, отдал 80 тыс ₸ 2 получ."
100000005314565100,terminal,0.739,1,0.288,"Получил 218 тыс ₸ от 1 плательщиков, исходящих нет (исходящие наблюдаемы)"
100000007793871100,terminal,0.7,15,0.2872,"Получил 26 тыс ₸ от 1 плательщиков, исходящих нет (исходящие наблюдаемы); деньги 3 seed доходят до узла"
100000002605184100,terminal,0.717,3,0.2868,"Получил 140 тыс ₸ от 1 плательщиков, исходящих нет (исходящие наблюдаемы)"
100000004737477100,transit,0.677,1,0.2867,"Пропуск 82%: получил 50 тыс ₸ от 2, отдал 40 тыс ₸ 1 получ."
100000000993112100,terminal,0.717,8,0.2865,"Получил 141 тыс ₸ от 1 плательщиков, исходящих нет (исходящие наблюдаемы)"
100000007864477100,peripheral,0.589,1,0.286,"Получил 76 тыс ₸ от 2, отдал 204 тыс ₸ 6 получ., пропуск 268%; пороги ролей не достигнуты"
100000002901457100,peripheral,0.594,1,0.2859,"Получил 340 тыс ₸ от 1, отдал 119 тыс ₸ 3 получ., пропуск 35%; пороги ролей не достигнуты"
100000006443391100,peripheral,0.583,6,0.2855,"Получил 87 тыс ₸ от 3, отдал 60 тыс ₸ 2 получ., пропуск 69%; пороги ролей не достигнуты"
100000002796853100,peripheral,0.64,2,0.2854,"Получил 199 тыс ₸ от 1, отдал 46 тыс ₸ 1 получ., пропуск 23%; пороги ролей не достигнуты"
100000002454724100,terminal,0.711,11,0.2851,"Получил 125 тыс ₸ от 1 плательщиков, исходящих нет (исходящие наблюдаемы); деньги 3 seed доходят до узла"
100000008647905100,peripheral,0.593,18,0.285,"Получил 50 тыс ₸ от 1, отдал 344 тыс ₸ 2 получ., пропуск 688%; пороги ролей не достигнуты"
100000000375150100,terminal,0.479,13,0.2849,"4-е колено, исходящие не выгружены; модель: P(сток)=0.63; получил 300 тыс ₸ от 1"
100000004917367100,terminal,0.767,4,0.2848,"Получил 120 тыс ₸ от 2 плательщиков, исходящих нет (исходящие наблюдаемы); деньги 3 seed доходят до узла"
100000006534886100,peripheral,0.655,3,0.2848,"Получил 72 тыс ₸ от 1, отдал 168 тыс ₸ 1 получ., пропуск 234%; пороги ролей не достигнуты"
100000008279405100,terminal,0.743,1,0.2844,"Получил 235 тыс ₸ от 1 плательщиков, исходящих нет (исходящие наблюдаемы)"
100000002696152100,peripheral,0.732,7,0.2841,"Получил 22 тыс ₸ от 1, отдал 69 тыс ₸ 2 получ., пропуск 317%; пороги ролей не достигнуты"
100000001346560100,peripheral,0.7,9,0.2839,"Получил 10 тыс ₸ от 2, отдал 22 тыс ₸ 1 получ., пропуск 222%; пороги ролей не достигнуты"
100000005974542100,terminal,0.7,23,0.2834,"Получил 94 тыс ₸ от 1 плательщиков, исходящих нет (исходящие наблюдаемы)"
100000002581346100,terminal,0.725,4,0.2833,"Получил 166 тыс ₸ от 1 плательщиков, исходящих нет (исходящие наблюдаемы); деньги 3 seed доходят до узла"
100000000583220100,peripheral,0.524,13,0.2832,"Получил 5 тыс ₸ от 1, отдал 761 тыс ₸ 1 получ., пропуск 15225%; пороги ролей не достигнуты"
100000006994985100,peripheral,0.763,8,0.2832,"Получил 48 тыс ₸ от 1, отдал 10 тыс ₸ 1 получ., пропуск 21%; пороги ролей не достигнуты"
100000003406094100,peripheral,0.709,3,0.283,"Получил 70 тыс ₸ от 1, отдал 47 тыс ₸ 3 получ., пропуск 67%; пороги ролей не достигнуты"
100000008205937100,terminal,0.7,13,0.2829,"Получил 35 тыс ₸ от 1 плательщиков, исходящих нет (исходящие наблюдаемы); деньги 5 seed доходят до узла"
100000000629812100,terminal,0.758,5,0.2828,"Получил 22 тыс ₸ от 2 плательщиков, исходящих нет (исходящие наблюдаемы); деньги 6 seed доходят до узла"
100000001227106100,terminal,0.725,4,0.2827,"Получил 165 тыс ₸ от 1 плательщиков, исходящих нет (исходящие наблюдаемы); деньги 3 seed доходят до узла"
100000001686328100,terminal,0.717,2,0.2824,"Получил 140 тыс ₸ от 1 плательщиков, исходящих нет (исходящие наблюдаемы)"
100000005048668100,peripheral,0.539,1,0.2824,"Получил 17 тыс ₸ от 2, отдал 159 тыс ₸ 8 получ., пропуск 956%; пороги ролей не достигнуты"
100000002663511100,terminal,0.75,10,0.2816,"Получил 269 тыс ₸ от 1 плательщиков, исходящих нет (исходящие наблюдаемы)"
100000008759857100,peripheral,0.501,2,0.281,"Получил 5 тыс ₸ от 1, отдал 994 тыс ₸ 2 получ., пропуск 19880%; пороги ролей не достигнуты"
100000000861294100,terminal,0.72,8,0.2808,"Получил 150 тыс ₸ от 1 плательщиков, исходящих нет (исходящие наблюдаемы)"
100000000926078100,terminal,0.475,1,0.2808,"4-е колено, исходящие не выгружены; модель: P(сток)=0.64; получил 250 тыс ₸ от 1"
100000002842321100,terminal,0.724,4,0.2807,"Получил 160 тыс ₸ от 1 плательщиков, исходящих нет (исходящие наблюдаемы); деньги 3 seed доходят до узла"
100000001073568100,peripheral,0.53,16,0.2804,"Получил 707 тыс ₸ от 1, отдал 220 тыс ₸ 2 получ., пропуск 31%; пороги ролей не достигнуты"
100000005711521100,terminal,0.47,13,0.2803,"4-е колено, исходящие не выгружены; модель: P(сток)=0.63; получил 238 тыс ₸ от 1"
100000001270349100,terminal,0.735,2,0.2798,"Получил 200 тыс ₸ от 1 плательщиков, исходящих нет (исходящие наблюдаемы)"
100000003831201100,terminal,0.7,1,0.2798,"Получил 40 тыс ₸ от 1 плательщиков, исходящих нет (исходящие наблюдаемы)"
100000005873152100,peripheral,0.9,1,0.2796,"Получил 10 тыс ₸ от 1, отдал 10 тыс ₸ 1 получ., пропуск 100%; пороги ролей не достигнуты"
100000005783452100,terminal,0.556,2,0.2795,"4-е колено, исходящие не выгружены; модель: P(сток)=0.69; получил 286 тыс ₸ от 2"
100000005182219100,terminal,0.758,20,0.2792,"Получил 55 тыс ₸ от 2 плательщиков, исходящих нет (исходящие наблюдаемы); деньги 3 seed доходят до узла"
100000004358004100,distributor,0.712,5,0.2791,"Веер: 11 получателей при 0 плательщиках; разослал 981 тыс ₸, в среднем 58 тыс ₸ за перевод; вход занижен (seed)"
100000002537811100,peripheral,0.757,1,0.2784,"Получил 52 тыс ₸ от 1, отдал 15 тыс ₸ 1 получ., пропуск 29%; пороги ролей не достигнуты"
100000005474472100,terminal,0.7,21,0.2784,"Получил 100 тыс ₸ от 1 плательщиков, исходящих нет (исходящие наблюдаемы)"
100000008221765100,terminal,0.452,4,0.2784,"4-е колено, исходящие не выгружены; модель: P(сток)=0.63; получил 156 тыс ₸ от 1; деньги 3 seed доходят до узла"
100000002121357100,peripheral,0.619,2,0.2781,"Получил 255 тыс ₸ от 2, отдал 113 тыс ₸ 1 получ., пропуск 44%; пороги ролей не достигнуты"
100000001524952100,terminal,0.702,1,0.278,"Получил 104 тыс ₸ от 1 плательщиков (seed: 1), исходящих нет (исходящие наблюдаемы)"
100000002681544100,terminal,0.783,18,0.2779,"Получил 166 тыс ₸ от 2 плательщиков, исходящих нет (исходящие наблюдаемы)"
100000008077552100,terminal,0.738,1,0.2779,"Получил 214 тыс ₸ от 1 плательщиков, исходящих нет (исходящие наблюдаемы)"
100000001534244100,peripheral,0.587,2,0.2777,"Получил 366 тыс ₸ от 2, отдал 45 тыс ₸ 1 получ., пропуск 12%; пороги ролей не достигнуты"
100000001484381100,terminal,0.758,15,0.2772,"Получил 96 тыс ₸ от 2 плательщиков, исходящих нет (исходящие наблюдаемы)"
100000002713074100,peripheral,0.531,4,0.2771,"Получил 700 тыс ₸ от 2, отдал 430 тыс ₸ 1 получ., пропуск 61%; пороги ролей не достигнуты"
100000003105929100,peripheral,0.573,4,0.277,"Получил 430 тыс ₸ от 1, отдал 156 тыс ₸ 1 получ., пропуск 36%; пороги ролей не достигнуты"
100000002394199100,peripheral,0.611,6,0.2764,"Получил 277 тыс ₸ от 1, отдал 77 тыс ₸ 1 получ., пропуск 28%; пороги ролей не достигнуты"
100000002492277100,terminal,0.716,20,0.2762,"Получил 138 тыс ₸ от 1 плательщиков, исходящих нет (исходящие наблюдаемы)"
100000001637376100,peripheral,0.626,4,0.2761,"Получил 117 тыс ₸ от 1, отдал 234 тыс ₸ 1 получ., пропуск 201%; пороги ролей не достигнуты"
100000001046626100,terminal,0.72,4,0.276,"Получил 150 тыс ₸ от 1 плательщиков, исходящих нет (исходящие наблюдаемы); деньги 3 seed доходят до узла"
100000002459240100,terminal,0.72,4,0.276,"Получил 150 тыс ₸ от 1 плательщиков, исходящих нет (исходящие наблюдаемы); деньги 3 seed доходят до узла"
100000003486970100,terminal,0.72,4,0.276,"Получил 150 тыс ₸ от 1 плательщиков, исходящих нет (исходящие наблюдаемы); деньги 3 seed доходят до узла"
100000008571443100,terminal,0.758,13,0.2757,"Получил 65 тыс ₸ от 2 плательщиков, исходящих нет (исходящие наблюдаемы); деньги 3 seed доходят до узла"
100000002513028100,peripheral,0.596,47,0.2752,"Получил 10 тыс ₸ от 1, отдал 333 тыс ₸ 3 получ., пропуск 3502%; пороги ролей не достигнуты"
100000008620570100,peripheral,0.668,1,0.275,"Получил 145 тыс ₸ от 2, отдал 32 тыс ₸ 2 получ., пропуск 22%; пороги ролей не достигнуты"
100000002922000100,terminal,0.496,34,0.2749,"4-е колено, исходящие не выгружены; модель: P(сток)=0.64; получил 448 тыс ₸ от 1"
100000006532229100,terminal,0.702,2,0.2744,"Получил 105 тыс ₸ от 1 плательщиков, исходящих нет (исходящие наблюдаемы); деньги 3 seed доходят до узла"
100000000561160100,terminal,0.473,1,0.2741,"4-е колено, исходящие не выгружены; модель: P(сток)=0.64; получил 240 тыс ₸ от 1"
100000002126791100,peripheral,0.363,2,0.2738,4-е колено (обход оборван): 3 поступл. на 1.3 млн ₸ от 1; P(передаёт дальше)=0.55 — порогов ролей не достигает
100000003724440100,terminal,0.758,1,0.2731,"Получил 50 тыс ₸ от 2 плательщиков, исходящих нет (исходящие наблюдаемы); деньги 4 seed доходят до узла"
100000001822623100,terminal,0.735,23,0.273,"Получил 201 тыс ₸ от 1 плательщиков, исходящих нет (исходящие наблюдаемы)"
100000002757797100,terminal,0.7,17,0.2726,"Получил 100 тыс ₸ от 1 плательщиков (seed: 1), исходящих нет (исходящие наблюдаемы)"
100000003824464100,terminal,0.735,23,0.2726,"Получил 200 тыс ₸ от 1 плательщиков, исходящих нет (исходящие наблюдаемы)"
100000008238989100,terminal,0.735,23,0.2726,"Получил 200 тыс ₸ от 1 плательщиков, исходящих нет (исходящие наблюдаемы)"
100000003072205100,terminal,0.54,2,0.2724,"4-е колено, исходящие не выгружены; модель: P(сток)=0.69; получил 163 тыс ₸ от 2; деньги 3 seed доходят до узла"
100000001782980100,peripheral,0.545,26,0.272,"Получил 50 тыс ₸ от 1, отдал 596 тыс ₸ 1 получ., пропуск 1192%; пороги ролей не достигнуты"
100000004657034100,terminal,0.717,4,0.2718,"Получил 141 тыс ₸ от 1 плательщиков, исходящих нет (исходящие наблюдаемы); деньги 3 seed доходят до узла"
100000002481974100,peripheral,0.6,9,0.2717,"Получил 89 тыс ₸ от 2, отдал 318 тыс ₸ 2 получ., пропуск 356%; пороги ролей не достигнуты"
100000005357705100,peripheral,0.582,1,0.2717,"Получил 53 тыс ₸ от 1, отдал 387 тыс ₸ 4 получ., пропуск 736%; пороги ролей не достигнуты"
100000001065234100,terminal,0.486,14,0.2715,"4-е колено, исходящие не выгружены; модель: P(сток)=0.64; получил 360 тыс ₸ от 1"
100000002877262100,terminal,0.7,2,0.2709,"Получил 100 тыс ₸ от 1 плательщиков, исходящих нет (исходящие наблюдаемы); деньги 3 seed доходят до узла"
100000002989353100,peripheral,0.56,11,0.2709,"Получил 500 тыс ₸ от 1, отдал 321 тыс ₸ 2 получ., пропуск 64%; пороги ролей не достигнуты"
100000000922570100,transit,0.728,17,0.2705,"Пропуск 106%: получил 47 тыс ₸ от 1, отдал 50 тыс ₸ 1 получ."
100000003278020100,terminal,0.732,1,0.27,"Получил 190 тыс ₸ от 1 плательщиков, исходящих нет (исходящие наблюдаемы)"
100000003180305100,terminal,0.448,1,0.2699,"4-е колено, исходящие не выгружены; модель: P(сток)=0.62; получил 144 тыс ₸ от 1; деньги 3 seed доходят до узла"
100000008739887100,peripheral,0.603,1,0.2699,"Получил 214 тыс ₸ от 2, отдал 307 тыс ₸ 2 получ., пропуск 143%; пороги ролей не достигнуты"
100000001279272100,peripheral,0.62,10,0.2693,"Получил 250 тыс ₸ от 1, отдал 137 тыс ₸ 2 получ., пропуск 55%; пороги ролей не достигнуты"
100000005409680100,terminal,0.758,18,0.2693,"Получил 55 тыс ₸ от 2 плательщиков, исходящих нет (исходящие наблюдаемы); деньги 4 seed доходят до узла"
100000007129492100,peripheral,0.7,7,0.2689,"Получил 51 тыс ₸ от 2, отдал 37 тыс ₸ 1 получ., пропуск 73%; пороги ролей не достигнуты"
100000007982728100,transit,0.771,8,0.2689,"Признаки передачи средств seed: вход неполон; переправил 1.8 млн ₸ 8 получ., 39% — одному"
100000002886166100,terminal,0.731,24,0.2687,"Получил 185 тыс ₸ от 1 плательщиков, исходящих нет (исходящие наблюдаемы)"
100000005519347100,peripheral,0.7,3,0.2682,"Получил 73 тыс ₸ от 2, отдал 99 тыс ₸ 1 получ.; пороги ролей не достигнуты; seed: вход занижен"
100000004235471100,terminal,0.46,4,0.2677,"4-е колено, исходящие не выгружены; модель: P(сток)=0.63; получил 180 тыс ₸ от 1; деньги 3 seed доходят до узла"
100000002212494100,terminal,0.724,25,0.2676,"Получил 160 тыс ₸ от 1 плательщиков, исходящих нет (исходящие наблюдаемы)"
100000002475601100,terminal,0.742,9,0.2676,"Получил 232 тыс ₸ от 1 плательщиков, исходящих нет (исходящие наблюдаемы)"
100000005507142100,peripheral,0.583,38,0.2674,"Получил 51 тыс ₸ от 3, отдал 100 тыс ₸ 3 получ., пропуск 196%; пороги ролей не достигнуты"
100000003128638100,terminal,0.587,2,0.2668,"4-е колено, исходящие не выгружены; модель: P(сток)=0.78; получил 300 тыс ₸ от 1"
100000001541418100,terminal,0.758,6,0.2664,"Получил 97 тыс ₸ от 2 плательщиков, исходящих нет (исходящие наблюдаемы)"
100000005546031100,peripheral,0.583,37,0.2664,"Получил 67 тыс ₸ от 3, отдал 8 тыс ₸ 1 получ., пропуск 12%; пороги ролей не достигнуты"
100000001329153100,terminal,0.721,1,0.2657,"Получил 151 тыс ₸ от 1 плательщиков, исходящих нет (исходящие наблюдаемы)"
100000001746925100,peripheral,0.737,5,0.2656,"Получил 65 тыс ₸ от 1, отдал 5 тыс ₸ 1 получ., пропуск 8%; пороги ролей не достигнуты"
100000001633685100,terminal,0.792,14,0.2652,"Получил 45 тыс ₸ от 3 плательщиков, исходящих нет (исходящие наблюдаемы); деньги 3 seed доходят до узла"
100000008223661100,peripheral,0.616,2,0.265,"Получил 202 тыс ₸ от 2, отдал 263 тыс ₸ 5 получ., пропуск 130%; пороги ролей не достигнуты"
100000002762076100,peripheral,0.671,6,0.2645,"Получил 140 тыс ₸ от 2, отдал 30 тыс ₸ 1 получ., пропуск 21%; пороги ролей не достигнуты"
100000004662806100,peripheral,0.694,17,0.2643,"Получил 107 тыс ₸ от 2, отдал 60 тыс ₸ 2 получ., пропуск 56%; пороги ролей не достигнуты"
100000002170580100,terminal,0.72,15,0.2639,"Получил 150 тыс ₸ от 1 плательщиков, исходящих нет (исходящие наблюдаемы)"
100000002600345100,terminal,0.758,3,0.2639,"Получил 52 тыс ₸ от 2 плательщиков (seed: 1), исходящих нет (исходящие наблюдаемы)"
100000001788284100,peripheral,0.606,30,0.2637,"Получил 8 тыс ₸ от 1, отдал 297 тыс ₸ 5 получ., пропуск 3709%; пороги ролей не достигнуты"
100000005815602100,peripheral,0.657,3,0.2634,"Получил 20 тыс ₸ от 1, отдал 165 тыс ₸ 1 получ., пропуск 825%; пороги ролей не достигнуты"
100000001819396100,terminal,0.725,27,0.2631,"Получил 166 тыс ₸ от 1 плательщиков, исходящих нет (исходящие наблюдаемы)"
100000003044431100,terminal,0.758,1,0.2631,"Получил 60 тыс ₸ от 2 плательщиков, исходящих нет (исходящие наблюдаемы); деньги 3 seed доходят до узла"
100000007071852100,terminal,0.464,1,0.2631,"4-е колено, исходящие не выгружены; модель: P(сток)=0.63; получил 195 тыс ₸ от 1"
100000001957974100,terminal,0.503,16,0.2629,"4-е колено, исходящие не выгружены; модель: P(сток)=0.64; получил 500 тыс ₸ от 1"
100000003631015100,terminal,0.475,35,0.2625,"4-е колено, исходящие не выгружены; модель: P(сток)=0.63; получил 266 тыс ₸ от 1"
100000001049200100,peripheral,0.659,18,0.2624,"Получил 77 тыс ₸ от 2, отдал 36 тыс ₸ 4 получ., пропуск 47%; пороги ролей не достигнуты"
100000005888829100,terminal,0.566,2,0.2624,"4-е колено, исходящие не выгружены; модель: P(сток)=0.77; получил 197 тыс ₸ от 1"
100000008619159100,terminal,0.485,3,0.2624,"4-е колено, исходящие не выгружены; модель: P(сток)=0.63; получил 446 тыс ₸ от 1"
100000004750321100,terminal,0.758,15,0.2623,"Получил 50 тыс ₸ от 2 плательщиков, исходящих нет (исходящие наблюдаемы); деньги 3 seed доходят до узла"
100000006122699100,terminal,0.758,3,0.2622,"Получил 46 тыс ₸ от 2 плательщиков, исходящих нет (исходящие наблюдаемы)"
100000004184158100,terminal,0.736,10,0.262,"Получил 204 тыс ₸ от 1 плательщиков, исходящих нет (исходящие наблюдаемы)"
100000004877085100,peripheral,0.704,13,0.262,"Получил 25 тыс ₸ от 1, отдал 96 тыс ₸ 3 получ., пропуск 382%; пороги ролей не достигнуты"
100000003037476100,peripheral,0.41,2,0.2614,4-е колено (обход оборван): 3 поступл. на 555 тыс ₸ от 3; P(передаёт дальше)=0.51 — порогов ролей не достигает
100000005602999100,peripheral,0.78,7,0.2606,"Получил 5 тыс ₸ от 1, отдал 16 тыс ₸ 2 получ., пропуск 320%; пороги ролей не достигнуты"
100000005241556100,terminal,0.7,2,0.2598,"Получил 100 тыс ₸ от 1 плательщиков, исходящих нет (исходящие наблюдаемы)"
100000002445750100,peripheral,0.731,1,0.2597,"Получил 70 тыс ₸ от 1, отдал 10 тыс ₸ 1 получ., пропуск 14%; пороги ролей не достигнуты"
100000001311175100,terminal,0.481,11,0.2586,"4-е колено, исходящие не выгружены; модель: P(сток)=0.64; получил 300 тыс ₸ от 1"
100000003134474100,terminal,0.707,4,0.2579,"Получил 116 тыс ₸ от 1 плательщиков, исходящих нет (исходящие наблюдаемы); деньги 3 seed доходят до узла"
100000007034089100,terminal,0.516,2,0.2577,"4-е колено, исходящие не выгружены; модель: P(сток)=0.65; получил 198 тыс ₸ от 2"
100000002306369100,peripheral,0.589,1,0.2576,"Получил 73 тыс ₸ от 1, отдал 261 тыс ₸ 6 получ., пропуск 357%; пороги ролей не достигнуты"
100000008417029100,terminal,0.7,2,0.2575,"Получил 100 тыс ₸ от 1 плательщиков, исходящих нет (исходящие наблюдаемы)"
100000002242455100,terminal,0.438,4,0.2573,"4-е колено, исходящие не выгружены; модель: P(сток)=0.62; получил 110 тыс ₸ от 1; деньги 3 seed доходят до узла"
100000000703894100,peripheral,0.684,26,0.2572,"Получил 120 тыс ₸ от 1, отдал 35 тыс ₸ 1 получ., пропуск 29%; пороги ролей не достигнуты"
100000007311010100,peripheral,0.7,5,0.2571,"Получил 64 тыс ₸ от 2, отдал 20 тыс ₸ 1 получ., пропуск 31%; пороги ролей не достигнуты"
100000004976946100,terminal,0.471,35,0.2569,"4-е колено, исходящие не выгружены; модель: P(сток)=0.63; получил 246 тыс ₸ от 1"
100000008714412100,terminal,0.726,15,0.2567,"Получил 169 тыс ₸ от 1 плательщиков, исходящих нет (исходящие наблюдаемы)"
100000004386331100,peripheral,0.78,17,0.2566,"Получил 20 тыс ₸ от 1, отдал 18 тыс ₸ 2 получ., пропуск 88%; пороги ролей не достигнуты"
100000003190207100,peripheral,0.585,7,0.2564,"Получил 5 тыс ₸ от 1, отдал 377 тыс ₸ 1 получ., пропуск 7540%; пороги ролей не достигнуты"
100000001445848100,peripheral,0.553,14,0.2562,"Получил 546 тыс ₸ от 1, отдал 352 тыс ₸ 1 получ., пропуск 64%; пороги ролей не достигнуты"
100000002435265100,terminal,0.714,1,0.2561,"Получил 133 тыс ₸ от 1 плательщиков, исходящих нет (исходящие наблюдаемы)"
100000004420041100,peripheral,0.537,17,0.256,"Получил 70 тыс ₸ от 1, отдал 652 тыс ₸ 7 получ., пропуск 936%; пороги ролей не достигнуты"
100000004450649100,peripheral,0.643,4,0.2559,"Получил 193 тыс ₸ от 2, отдал 47 тыс ₸ 2 получ., пропуск 24%; пороги ролей не достигнуты"
100000005904580100,terminal,0.758,17,0.2557,"Получил 72 тыс ₸ от 2 плательщиков, исходящих нет (исходящие наблюдаемы)"
100000004659919100,peripheral,0.692,44,0.2556,"Получил 110 тыс ₸ от 1, отдал 39 тыс ₸ 1 получ., пропуск 35%; пороги ролей не достигнуты"
100000008343874100,peripheral,0.609,9,0.2555,"Получил 284 тыс ₸ от 2, отдал 176 тыс ₸ 2 получ., пропуск 62%; пороги ролей не достигнуты"
100000003242795100,terminal,0.705,4,0.2545,"Получил 111 тыс ₸ от 1 плательщиков, исходящих нет (исходящие наблюдаемы); деньги 3 seed доходят до узла"
100000000967918100,terminal,0.7,1,0.2543,"Получил 21 тыс ₸ от 1 плательщиков, исходящих нет (исходящие наблюдаемы)"
100000001439416100,peripheral,0.657,20,0.254,"Получил 10 тыс ₸ от 1, отдал 165 тыс ₸ 2 получ., пропуск 1650%; пороги ролей не достигнуты"
100000006689603100,terminal,0.53,9,0.2539,"4-е колено, исходящие не выгружены; модель: P(сток)=0.69; получил 400 тыс ₸ от 1"
100000002528544100,terminal,0.733,9,0.2535,"Получил 193 тыс ₸ от 1 плательщиков, исходящих нет (исходящие наблюдаемы)"
100000003321895100,peripheral,0.551,3,0.2531,"Получил 24 тыс ₸ от 1, отдал 554 тыс ₸ 2 получ., пропуск 2308%; пороги ролей не достигнуты"
100000004508696100,peripheral,0.691,41,0.2518,"Получил 7 тыс ₸ от 1, отдал 111 тыс ₸ 3 получ., пропуск 1586%; пороги ролей не достигнуты"
100000002769809100,terminal,0.706,18,0.2514,"Получил 113 тыс ₸ от 1 плательщиков, исходящих нет (исходящие наблюдаемы)"
100000003760160100,terminal,0.702,4,0.2507,"Получил 104 тыс ₸ от 1 плательщиков, исходящих нет (исходящие наблюдаемы); деньги 3 seed доходят до узла"
100000000640800100,peripheral,0.557,9,0.2503,"Получил 80 тыс ₸ от 1, отдал 518 тыс ₸ 4 получ., пропуск 648%; пороги ролей не достигнуты"
100000005745873100,terminal,0.468,35,0.25,"4-е колено, исходящие не выгружены; модель: P(сток)=0.63; получил 223 тыс ₸ от 1"
100000002194320100,terminal,0.475,14,0.2499,"4-е колено, исходящие не выгружены; модель: P(сток)=0.63; получил 275 тыс ₸ от 1"
100000001837130100,terminal,0.727,10,0.2497,"Получил 173 тыс ₸ от 1 плательщиков, исходящих нет (исходящие наблюдаемы)"
100000002969048100,terminal,0.704,8,0.2497,"Получил 108 тыс ₸ от 1 плательщиков, исходящих нет (исходящие наблюдаемы)"
100000005893892100,terminal,0.701,4,0.2495,"Получил 103 тыс ₸ от 1 плательщиков, исходящих нет (исходящие наблюдаемы); деньги 3 seed доходят до узла"
100000008306857100,terminal,0.711,11,0.2493,"Получил 125 тыс ₸ от 1 плательщиков, исходящих нет (исходящие наблюдаемы)"
100000003988112100,peripheral,0.707,16,0.2489,"Получил 92 тыс ₸ от 1, отдал 64 тыс ₸ 1 получ., пропуск 70%; пороги ролей не достигнуты"
100000001934935100,terminal,0.709,1,0.2484,"Получил 119 тыс ₸ от 1 плательщиков, исходящих нет (исходящие наблюдаемы)"
100000008596924100,terminal,0.7,8,0.2482,"Получил 100 тыс ₸ от 1 плательщиков, исходящих нет (исходящие наблюдаемы)"
100000001427082100,peripheral,0.62,28,0.248,"Получил 5 тыс ₸ от 1, отдал 125 тыс ₸ 5 получ., пропуск 2498%; пороги ролей не достигнуты"
100000007357489100,terminal,0.531,2,0.2477,"4-е колено, исходящие не выгружены; модель: P(сток)=0.68; получил 164 тыс ₸ от 2"
100000005505655100,peripheral,0.7,30,0.2476,"Получил 33 тыс ₸ от 2, отдал 20 тыс ₸ 1 получ., пропуск 60%; пороги ролей не достигнуты"
100000003647799100,terminal,0.7,4,0.2473,"Получил 100 тыс ₸ от 1 плательщиков, исходящих нет (исходящие наблюдаемы); деньги 3 seed доходят до узла"
100000004676985100,transit,0.687,1,0.2472,"Пропуск 84%: получил 32 тыс ₸ от 1, отдал 27 тыс ₸ 1 получ."
100000003071649100,terminal,0.732,2,0.2471,"Получил 190 тыс ₸ от 1 плательщиков, исходящих нет (исходящие наблюдаемы)"
100000005316708100,peripheral,0.618,8,0.2465,"Получил 90 тыс ₸ от 1, отдал 258 тыс ₸ 2 получ., пропуск 286%; пороги ролей не достигнуты"
100000007472293100,peripheral,0.592,2,0.2465,"Получил 5 тыс ₸ от 1, отдал 346 тыс ₸ 3 получ., пропуск 6918%; пороги ролей не достигнуты"
100000008097580100,terminal,0.758,1,0.2462,"Получил 32 тыс ₸ от 2 плательщиков, исходящих нет (исходящие наблюдаемы)"
100000001893287100,peripheral,0.663,8,0.2455,"Получил 18 тыс ₸ от 1, отдал 153 тыс ₸ 1 получ., пропуск 848%; пороги ролей не достигнуты"
100000004652395100,peripheral,0.443,1,0.2453,4-е колено (обход оборван): 5 поступл. на 102 тыс ₸ от 3; P(передаёт дальше)=0.48 — порогов ролей не достигает
100000005628518100,terminal,0.7,18,0.2448,"Получил 77 тыс ₸ от 1 плательщиков, исходящих нет (исходящие наблюдаемы)"
100000005767403100,peripheral,0.387,22,0.2447,4-е колено (обход оборван): 2 поступл. на 1.1 млн ₸ от 1; P(передаёт дальше)=0.45 — порогов ролей не достигает
100000004388983100,transit,0.715,43,0.2442,"Признаки передачи средств seed: вход неполон; переправил 451 тыс ₸ 2 получ., 57% — одному"
100000002596039100,terminal,0.582,9,0.2435,"4-е колено, исходящие не выгружены; модель: P(сток)=0.77; получил 280 тыс ₸ от 1"
100000008595687100,peripheral,0.738,3,0.2434,"Получил 64 тыс ₸ от 1, отдал 10 тыс ₸ 1 получ., пропуск 16%; пороги ролей не достигнуты"
100000002612809100,peripheral,0.689,38,0.2426,"Получил 30 тыс ₸ от 1, отдал 114 тыс ₸ 3 получ., пропуск 380%; пороги ролей не достигнуты"
100000000724540100,peripheral,0.7,2,0.2424,"Получил 50 тыс ₸ от 1, отдал 100 тыс ₸ 1 получ., пропуск 200%; пороги ролей не достигнуты"
100000004644615100,peripheral,0.584,11,0.2423,"Получил 51 тыс ₸ от 1, отдал 380 тыс ₸ 2 получ., пропуск 747%; пороги ролей не достигнуты"
100000008760098100,peripheral,0.582,2,0.2423,"Получил 7 тыс ₸ от 1, отдал 390 тыс ₸ 1 получ., пропуск 5571%; пороги ролей не достигнуты"
100000001363952100,peripheral,0.641,9,0.2419,"Получил 197 тыс ₸ от 2, отдал 91 тыс ₸ 1 получ., пропуск 46%; пороги ролей не достигнуты"
100000003073635100,terminal,0.713,1,0.2418,"Получил 129 тыс ₸ от 1 плательщиков, исходящих нет (исходящие наблюдаемы)"
100000001688676100,terminal,0.715,18,0.2415,"Получил 134 тыс ₸ от 1 плательщиков, исходящих нет (исходящие наблюдаемы)"
100000003271151100,terminal,0.712,1,0.2405,"Получил 127 тыс ₸ от 1 плательщиков, исходящих нет (исходящие наблюдаемы)"
100000003448713100,terminal,0.58,9,0.2403,"4-е колено, исходящие не выгружены; модель: P(сток)=0.77; получил 267 тыс ₸ от 1"
100000007745062100,terminal,0.436,17,0.2402,"4-е колено, исходящие не выгружены; модель: P(сток)=0.62; получил 100 тыс ₸ от 1"
100000008571243100,terminal,0.715,15,0.2401,"Получил 134 тыс ₸ от 1 плательщиков, исходящих нет (исходящие наблюдаемы)"
100000002934441100,terminal,0.758,1,0.2398,"Получил 61 тыс ₸ от 2 плательщиков (seed: 1), исходящих нет (исходящие наблюдаемы)"
100000002214383100,terminal,0.467,19,0.2397,"4-е колено, исходящие не выгружены; модель: P(сток)=0.63; получил 213 тыс ₸ от 1"
100000003178549100,peripheral,0.62,14,0.2396,"Получил 250 тыс ₸ от 2, отдал 89 тыс ₸ 4 получ., пропуск 36%; пороги ролей не достигнуты"
100000005198906100,peripheral,0.628,4,0.2396,"Получил 228 тыс ₸ от 1, отдал 60 тыс ₸ 1 получ., пропуск 26%; пороги ролей не достигнуты"
100000002906470100,terminal,0.713,18,0.2395,"Получил 130 тыс ₸ от 1 плательщиков, исходящих нет (исходящие наблюдаемы)"
100000001222245100,peripheral,0.351,4,0.2393,4-е колено (обход оборван): 5 поступл. на 420 тыс ₸ от 1; P(передаёт дальше)=0.78 — порогов ролей не достигает
100000008070101100,terminal,0.7,2,0.2393,"Получил 100 тыс ₸ от 1 плательщиков, исходящих нет (исходящие наблюдаемы)"
100000000190228100,peripheral,0.809,6,0.2388,"Получил 5 тыс ₸ от 1, отдал 29 тыс ₸ 1 получ., пропуск 571%; пороги ролей не достигнуты"
100000003843844100,peripheral,0.625,13,0.2388,"Получил 17 тыс ₸ от 1, отдал 238 тыс ₸ 1 получ., пропуск 1427%; пороги ролей не достигнуты"
100000000297649100,peripheral,0.73,17,0.2385,"Получил 40 тыс ₸ от 1, отдал 71 тыс ₸ 1 получ., пропуск 176%; пороги ролей не достигнуты"
100000003235780100,terminal,0.758,1,0.2381,"Получил 65 тыс ₸ от 2 плательщиков (seed: 1), исходящих нет (исходящие наблюдаемы)"
100000002575080100,peripheral,0.877,3,0.2377,"Получил 13 тыс ₸ от 1, отдал 12 тыс ₸ 1 получ., пропуск 96%; пороги ролей не достигнуты"
100000008599354100,peripheral,0.65,1,0.2377,"Получил 177 тыс ₸ от 1, отдал 38 тыс ₸ 1 получ., пропуск 22%; пороги ролей не достигнуты"
100000005413948100,peripheral,0.7,2,0.2368,"Получил 28 тыс ₸ от 2, отдал 5 тыс ₸ 1 получ., пропуск 18%; пороги ролей не достигнуты"
100000005175148100,peripheral,0.7,3,0.2367,"Получил 79 тыс ₸ от 2, отдал 15 тыс ₸ 1 получ., пропуск 19%; пороги ролей не достигнуты"
100000005272139100,terminal,0.457,3,0.2367,"4-е колено, исходящие не выгружены; модель: P(сток)=0.63; получил 165 тыс ₸ от 1"
100000003497735100,terminal,0.711,18,0.2364,"Получил 125 тыс ₸ от 1 плательщиков, исходящих нет (исходящие наблюдаемы)"
100000008699083100,terminal,0.576,2,0.2363,"4-е колено, исходящие не выгружены; модель: P(сток)=0.78; получил 238 тыс ₸ от 1"
100000002540623100,terminal,0.7,15,0.2362,"Получил 100 тыс ₸ от 1 плательщиков, исходящих нет (исходящие наблюдаемы)"
100000001074553100,terminal,0.758,6,0.2358,"Получил 29 тыс ₸ от 2 плательщиков (seed: 2), исходящих нет (исходящие наблюдаемы)"
100000003823811100,peripheral,0.709,16,0.2358,"Получил 30 тыс ₸ от 1, отдал 66 тыс ₸ 3 получ., пропуск 220%; пороги ролей не достигнуты"
100000002884708100,peripheral,0.382,2,0.2353,4-е колено (обход оборван): 2 поступл. на 1.2 млн ₸ от 1; P(передаёт дальше)=0.47 — порогов ролей не достигает
100000004005964100,peripheral,0.583,24,0.235,"Получил 98 тыс ₸ от 3, отдал 72 тыс ₸ 3 получ., пропуск 74%; пороги ролей не достигнуты"
100000008333492100,terminal,0.469,2,0.235,"4-е колено, исходящие не выгружены; модель: P(сток)=0.64; получил 216 тыс ₸ от 1"
100000004552204100,peripheral,0.78,8,0.2346,"Получил 22 тыс ₸ от 1, отдал 10 тыс ₸ 2 получ., пропуск 44%; пороги ролей не достигнуты"
100000007689942100,peripheral,0.78,18,0.2345,"Получил 5 тыс ₸ от 1, отдал 25 тыс ₸ 2 получ., пропуск 500%; пороги ролей не достигнуты"
100000006100920100,terminal,0.7,1,0.2344,"Получил 100 тыс ₸ от 1 плательщиков, исходящих нет (исходящие наблюдаемы)"
100000002529877100,terminal,0.575,2,0.2343,"4-е колено, исходящие не выгружены; модель: P(сток)=0.77; получил 232 тыс ₸ от 1"
100000008293431100,peripheral,0.605,10,0.234,"Получил 15 тыс ₸ от 1, отдал 297 тыс ₸ 5 получ., пропуск 1980%; пороги ролей не достигнуты"
100000003112578100,terminal,0.701,11,0.2339,"Получил 101 тыс ₸ от 1 плательщиков, исходящих нет (исходящие наблюдаемы)"
100000001164648100,terminal,0.758,32,0.2334,"Получил 14 тыс ₸ от 2 плательщиков (seed: 1), исходящих нет (исходящие наблюдаемы); деньги 3 seed доходят до узла"
100000006852430100,peripheral,0.786,7,0.2332,Получил 37 тыс ₸ от 1; пороги ролей не достигнуты
100000001726614100,terminal,0.716,10,0.2331,"Получил 139 тыс ₸ от 1 плательщиков, исходящих нет (исходящие наблюдаемы)"
100000002671326100,peripheral,0.387,13,0.2331,4-е колено (обход оборван): 2 поступл. на 1.1 млн ₸ от 1; P(передаёт дальше)=0.45 — порогов ролей не достигает
100000007322059100,peripheral,0.7,8,0.2329,"Получил 29 тыс ₸ от 2, отдал 22 тыс ₸ 1 получ., пропуск 78%; пороги ролей не достигнуты"
100000008136608100,terminal,0.456,15,0.2327,"4-е колено, исходящие не выгружены; модель: P(сток)=0.63; получил 170 тыс ₸ от 1"
100000000817146100,peripheral,0.731,3,0.2325,Получил 70 тыс ₸ от 1; пороги ролей не достигнуты
100000005037490100,peripheral,0.78,13,0.2318,"Получил 15 тыс ₸ от 1, отдал 30 тыс ₸ 2 получ., пропуск 200%; пороги ролей не достигнуты"
100000005911352100,peripheral,0.7,41,0.2314,"Получил 15 тыс ₸ от 2, отдал 24 тыс ₸ 3 получ., пропуск 160%; пороги ролей не достигнуты"
100000001275752100,terminal,0.721,2,0.2308,"Получил 152 тыс ₸ от 1 плательщиков, исходящих нет (исходящие наблюдаемы)"
100000002914245100,terminal,0.717,9,0.2308,"Получил 141 тыс ₸ от 1 плательщиков, исходящих нет (исходящие наблюдаемы)"
100000004591973100,peripheral,0.7,17,0.2308,"Получил 10 тыс ₸ от 1, отдал 100 тыс ₸ 1 получ., пропуск 1000%; пороги ролей не достигнуты"
100000003985389100,peripheral,0.289,9,0.2304,4-е колено (обход оборван): 16 поступл. на 423 тыс ₸ от 1; P(передаёт дальше)=0.99 — порогов ролей не достигает
100000003025903100,peripheral,0.346,9,0.2301,4-е колено (обход оборван): 6 поступл. на 386 тыс ₸ от 1; P(передаёт дальше)=0.81 — порогов ролей не достигает
100000006595426100,terminal,0.7,1,0.2291,"Получил 85 тыс ₸ от 1 плательщиков, исходящих нет (исходящие наблюдаемы)"
100000000764836100,peripheral,0.62,1,0.2286,"Получил 252 тыс ₸ от 1, отдал 50 тыс ₸ 2 получ., пропуск 20%; пороги ролей не достигнуты"
100000007953156100,peripheral,0.849,16,0.2286,"Получил 18 тыс ₸ от 1, отдал 10 тыс ₸ 1 получ., пропуск 56%; пороги ролей не достигнуты"
100000008336318100,terminal,0.561,2,0.2284,"4-е колено, исходящие не выгружены; модель: P(сток)=0.77; получил 170 тыс ₸ от 1"
100000003068941100,peripheral,0.583,1,0.228,"Получил 94 тыс ₸ от 3, отдал 25 тыс ₸ 1 получ., пропуск 27%; пороги ролей не достигнуты"
100000004292885100,terminal,0.706,19,0.228,"Получил 113 тыс ₸ от 1 плательщиков, исходящих нет (исходящие наблюдаемы)"
100000001822650100,terminal,0.542,2,0.2277,"4-е колено, исходящие не выгружены; модель: P(сток)=0.77; получил 112 тыс ₸ от 1"
100000005394708100,peripheral,0.737,7,0.2275,"Получил 26 тыс ₸ от 1, отдал 65 тыс ₸ 1 получ., пропуск 250%; пороги ролей не достигнуты"
100000008737958100,terminal,0.758,12,0.2274,"Получил 53 тыс ₸ от 2 плательщиков (seed: 1), исходящих нет (исходящие наблюдаемы)"
100000005620225100,terminal,0.758,1,0.2273,"Получил 50 тыс ₸ от 2 плательщиков (seed: 1), исходящих нет (исходящие наблюдаемы)"
100000005317181100,peripheral,0.67,1,0.2266,"Получил 141 тыс ₸ от 1, отдал 14 тыс ₸ 1 получ., пропуск 10%; пороги ролей не достигнуты"
100000005572303100,peripheral,0.725,3,0.2261,"Получил 75 тыс ₸ от 1, отдал 20 тыс ₸ 1 получ., пропуск 27%; пороги ролей не достигнуты"
100000004407753100,peripheral,0.62,22,0.2258,"Получил 250 тыс ₸ от 1, отдал 100 тыс ₸ 1 получ., пропуск 40%; пороги ролей не достигнуты"
100000003148220100,peripheral,0.773,45,0.2254,"Получил 6 тыс ₸ от 1, отдал 43 тыс ₸ 2 получ., пропуск 768%; пороги ролей не достигнуты"
100000005264874100,peripheral,0.722,38,0.2251,"Получил 30 тыс ₸ от 1, отдал 78 тыс ₸ 2 получ., пропуск 260%; пороги ролей не достигнуты"
100000002550141100,terminal,0.7,9,0.2249,"Получил 101 тыс ₸ от 1 плательщиков, исходящих нет (исходящие наблюдаемы)"
100000003873332100,peripheral,0.609,18,0.2246,"Получил 23 тыс ₸ от 1, отдал 286 тыс ₸ 4 получ., пропуск 1219%; пороги ролей не достигнуты"
100000005342513100,peripheral,0.626,12,0.2246,"Получил 235 тыс ₸ от 1, отдал 30 тыс ₸ 1 получ., пропуск 13%; пороги ролей не достигнуты"
100000004500444100,peripheral,0.649,16,0.2243,"Получил 180 тыс ₸ от 2, отдал 74 тыс ₸ 1 получ., пропуск 41%; пороги ролей не достигнуты"
100000003718715100,peripheral,0.359,13,0.2239,4-е колено (обход оборван): 3 поступл. на 915 тыс ₸ от 1; P(передаёт дальше)=0.58 — порогов ролей не достигает
100000008560263100,terminal,0.434,4,0.2239,"4-е колено, исходящие не выгружены; модель: P(сток)=0.62; получил 100 тыс ₸ от 1; деньги 3 seed доходят до узла"
100000003292191100,terminal,0.706,2,0.2236,"Получил 112 тыс ₸ от 1 плательщиков, исходящих нет (исходящие наблюдаемы)"
100000004035925100,peripheral,0.395,3,0.223,4-е колено (обход оборван): 2 поступл. на 1.1 млн ₸ от 1; P(передаёт дальше)=0.42 — порогов ролей не достигает
100000001330595100,peripheral,0.583,24,0.2225,"Получил 87 тыс ₸ от 3, отдал 154 тыс ₸ 1 получ., пропуск 177%; пороги ролей не достигнуты"
100000001066017100,peripheral,0.659,1,0.2221,"Получил 136 тыс ₸ от 2, отдал 82 тыс ₸ 4 получ., пропуск 61%; пороги ролей не достигнуты"
100000004315838100,peripheral,0.7,5,0.2219,"Получил 50 тыс ₸ от 2, отдал 18 тыс ₸ 1 получ., пропуск 36%; пороги ролей не достигнуты"
100000005454368100,terminal,0.758,13,0.2219,"Получил 49 тыс ₸ от 2 плательщиков, исходящих нет (исходящие наблюдаемы)"
100000008104567100,peripheral,0.583,16,0.2219,"Получил 54 тыс ₸ от 3, отдал 40 тыс ₸ 3 получ., пропуск 75%; пороги ролей не достигнуты"
100000002954780100,terminal,0.714,2,0.2215,"Получил 133 тыс ₸ от 1 плательщиков, исходящих нет (исходящие наблюдаемы)"
100000001110358100,terminal,0.758,1,0.2211,"Получил 32 тыс ₸ от 2 плательщиков, исходящих нет (исходящие наблюдаемы)"
100000005897462100,peripheral,0.701,7,0.2211,Получил 98 тыс ₸ от 1; пороги ролей не достигнуты
100000008469048100,peripheral,0.364,10,0.2211,4-е колено (обход оборван): 7 поступл. на 265 тыс ₸ от 1; P(передаёт дальше)=0.82 — порогов ролей не достигает
100000003230329100,terminal,0.54,2,0.221,"4-е колено, исходящие не выгружены; модель: P(сток)=0.77; получил 110 тыс ₸ от 1"
100000000979923100,peripheral,0.702,7,0.2208,Получил 98 тыс ₸ от 1; пороги ролей не достигнуты
100000001299323100,terminal,0.541,2,0.2206,"4-е колено, исходящие не выгружены; модель: P(сток)=0.77; получил 109 тыс ₸ от 1"
100000007865484100,peripheral,0.427,35,0.2204,4-е колено (обход оборван): 2 поступл. на 585 тыс ₸ от 1; P(передаёт дальше)=0.44 — порогов ролей не достигает
100000000803368100,terminal,0.449,16,0.2203,"4-е колено, исходящие не выгружены; модель: P(сток)=0.63; получил 140 тыс ₸ от 1"
100000002812641100,peripheral,0.9,6,0.2202,"Получил 10 тыс ₸ от 1, отдал 7 тыс ₸ 1 получ., пропуск 70%; пороги ролей не достигнуты"
100000005053653100,peripheral,0.7,13,0.22,"Получил 63 тыс ₸ от 2, отдал 25 тыс ₸ 1 получ., пропуск 40%; пороги ролей не достигнуты"
100000005375968100,peripheral,0.654,1,0.2194,"Получил 170 тыс ₸ от 1, отдал 86 тыс ₸ 2 получ., пропуск 51%; пороги ролей не достигнуты"
100000007653003100,terminal,0.7,14,0.2194,"Получил 100 тыс ₸ от 1 плательщиков, исходящих нет (исходящие наблюдаемы)"
100000008579978100,peripheral,0.723,4,0.2193,"Получил 34 тыс ₸ от 1, отдал 77 тыс ₸ 1 получ., пропуск 226%; пороги ролей не достигнуты"
100000008598972100,terminal,0.709,9,0.2192,"Получил 120 тыс ₸ от 1 плательщиков, исходящих нет (исходящие наблюдаемы)"
100000001287955100,peripheral,0.602,11,0.2184,"Получил 18 тыс ₸ от 1, отдал 310 тыс ₸ 4 получ., пропуск 1769%; пороги ролей не достигнуты"
100000006638021100,peripheral,0.436,2,0.2182,4-е колено (обход оборван): 2 поступл. на 388 тыс ₸ от 2; P(передаёт дальше)=0.50 — порогов ролей не достигает
100000004671609100,terminal,0.7,2,0.218,"Получил 100 тыс ₸ от 1 плательщиков, исходящих нет (исходящие наблюдаемы)"
100000001063678100,peripheral,0.709,23,0.2178,"Получил 35 тыс ₸ от 1, отдал 90 тыс ₸ 2 получ., пропуск 257%; пороги ролей не достигнуты"
100000008172721100,terminal,0.458,1,0.2178,"4-е колено, исходящие не выгружены; модель: P(сток)=0.63; получил 168 тыс ₸ от 1"
100000002648315100,peripheral,0.676,6,0.2174,"Получил 132 тыс ₸ от 1, отдал 76 тыс ₸ 2 получ., пропуск 58%; пороги ролей не достигнуты"
100000005932987100,terminal,0.7,22,0.2172,"Получил 25 тыс ₸ от 1 плательщиков, исходящих нет (исходящие наблюдаемы)"
100000003074515100,terminal,0.537,2,0.2171,"4-е колено, исходящие не выгружены; модель: P(сток)=0.76; получил 105 тыс ₸ от 1"
100000003237045100,peripheral,0.594,3,0.2169,"Получил 340 тыс ₸ от 1, отдал 150 тыс ₸ 1 получ., пропуск 44%; пороги ролей не достигнуты"
100000001785161100,terminal,0.758,11,0.2167,"Получил 30 тыс ₸ от 2 плательщиков, исходящих нет (исходящие наблюдаемы)"
100000008183752100,terminal,0.451,2,0.2167,"4-е колено, исходящие не выгружены; модель: P(сток)=0.63; получил 140 тыс ₸ от 1"
100000008713270100,peripheral,0.644,8,0.2167,"Получил 30 тыс ₸ от 1, отдал 190 тыс ₸ 3 получ., пропуск 633%; пороги ролей не достигнуты"
100000001169666100,peripheral,0.632,15,0.2166,"Получил 220 тыс ₸ от 1, отдал 24 тыс ₸ 1 получ., пропуск 11%; пороги ролей не достигнуты"
100000003971049100,terminal,0.7,14,0.2163,"Получил 56 тыс ₸ от 1 плательщиков, исходящих нет (исходящие наблюдаемы)"
100000006165886100,peripheral,0.647,10,0.2162,"Получил 184 тыс ₸ от 2, отдал 75 тыс ₸ 1 получ., пропуск 41%; пороги ролей не достигнуты"
100000002659265100,terminal,0.552,2,0.2157,"4-е колено, исходящие не выгружены; модель: P(сток)=0.77; получил 141 тыс ₸ от 1"
100000002970466100,peripheral,0.706,1,0.2157,"Получил 23 тыс ₸ от 1, отдал 93 тыс ₸ 2 получ., пропуск 399%; пороги ролей не достигнуты"
100000003180820100,terminal,0.536,2,0.2143,"4-е колено, исходящие не выгружены; модель: P(сток)=0.76; получил 101 тыс ₸ от 1"
100000006445501100,peripheral,0.708,7,0.2143,Получил 91 тыс ₸ от 1; пороги ролей не достигнуты
100000002748180100,peripheral,0.534,11,0.2141,"Получил 10 тыс ₸ от 1, отдал 680 тыс ₸ 8 получ., пропуск 6866%; пороги ролей не достигнуты"
100000008376785100,peripheral,0.49,4,0.2141,4-е колено (обход оборван): 2 поступл. на 234 тыс ₸ от 1; P(передаёт дальше)=0.44 — порогов ролей не достигает
100000000910216100,peripheral,0.73,1,0.214,"Получил 71 тыс ₸ от 1, отдал 52 тыс ₸ 1 получ., пропуск 73%; пороги ролей не достигнуты"
100000003001564100,peripheral,0.649,3,0.2139,"Получил 24 тыс ₸ от 1, отдал 180 тыс ₸ 1 получ., пропуск 765%; пороги ролей не достигнуты"
100000001246806100,terminal,0.447,2,0.2137,"4-е колено, исходящие не выгружены; модель: P(сток)=0.63; получил 130 тыс ₸ от 1"
100000000961900100,terminal,0.758,1,0.213,"Получил 36 тыс ₸ от 2 плательщиков (seed: 1), исходящих нет (исходящие наблюдаемы)"
100000003246024100,peripheral,0.82,1,0.2127,"Получил 25 тыс ₸ от 1, отдал 5 тыс ₸ 1 получ., пропуск 20%; пороги ролей не достигнуты"
100000004403641100,terminal,0.561,2,0.2127,"4-е колено, исходящие не выгружены; модель: P(сток)=0.77; получил 172 тыс ₸ от 1"
100000000802149100,terminal,0.702,10,0.2125,"Получил 104 тыс ₸ от 1 плательщиков, исходящих нет (исходящие наблюдаемы)"
100000004193835100,peripheral,0.766,3,0.2116,"Получил 47 тыс ₸ от 1, отдал 5 тыс ₸ 1 получ.; пороги ролей не достигнуты; seed: вход занижен"
100000004586598100,peripheral,0.353,13,0.2115,4-е колено (обход оборван): 4 поступл. на 761 тыс ₸ от 1; P(передаёт дальше)=0.65 — порогов ролей не достигает
100000002132479100,peripheral,0.805,16,0.2113,"Получил 30 тыс ₸ от 1, отдал 20 тыс ₸ 1 получ., пропуск 67%; пороги ролей не достигнуты"
100000006912294100,peripheral,0.78,6,0.2108,"Получил 6 тыс ₸ от 1, отдал 30 тыс ₸ 2 получ., пропуск 474%; пороги ролей не достигнуты"
100000008730238100,terminal,0.441,2,0.2108,"4-е колено, исходящие не выгружены; модель: P(сток)=0.62; получил 113 тыс ₸ от 1"
100000005530114100,peripheral,0.673,14,0.2107,"Получил 137 тыс ₸ от 2, отдал 25 тыс ₸ 1 получ., пропуск 18%; пороги ролей не достигнуты"
100000007484343100,terminal,0.758,1,0.21,"Получил 27 тыс ₸ от 2 плательщиков, исходящих нет (исходящие наблюдаемы)"
100000002530224100,terminal,0.706,2,0.2099,"Получил 113 тыс ₸ от 1 плательщиков, исходящих нет (исходящие наблюдаемы)"
100000002659103100,terminal,0.455,34,0.2096,"4-е колено, исходящие не выгружены; модель: P(сток)=0.63; получил 165 тыс ₸ от 1"
100000001632325100,terminal,0.7,19,0.2088,"Получил 86 тыс ₸ от 1 плательщиков, исходящих нет (исходящие наблюдаемы)"
100000004580254100,terminal,0.758,14,0.2087,"Получил 28 тыс ₸ от 2 плательщиков, исходящих нет (исходящие наблюдаемы)"
100000003975102100,peripheral,0.711,3,0.2082,"Получил 26 тыс ₸ от 1, отдал 88 тыс ₸ 2 получ.; пороги ролей не достигнуты; seed: вход занижен"
100000008722541100,peripheral,0.416,4,0.2082,4-е колено (обход оборван): 4 поступл. на 280 тыс ₸ от 1; P(передаёт дальше)=0.64 — порогов ролей не достигает
100000005475379100,peripheral,0.693,1,0.2081,"Получил 108 тыс ₸ от 1, отдал 81 тыс ₸ 3 получ., пропуск 75%; пороги ролей не достигнуты"
100000004071444100,peripheral,0.621,10,0.2078,"Получил 247 тыс ₸ от 1, отдал 100 тыс ₸ 1 получ., пропуск 40%; пороги ролей не достигнуты"
100000006745291100,peripheral,0.717,7,0.2064,Получил 83 тыс ₸ от 1; пороги ролей не достигнуты
100000000806727100,peripheral,0.769,9,0.2061,"Получил 45 тыс ₸ от 1, отдал 5 тыс ₸ 1 получ., пропуск 11%; пороги ролей не достигнуты"
100000005386383100,peripheral,0.7,7,0.2061,"Получил 38 тыс ₸ от 2, отдал 29 тыс ₸ 1 получ.; пороги ролей не достигнуты; seed: вход занижен"
100000005041905100,peripheral,0.5,19,0.2056,"Получил 5 тыс ₸ от 1, отдал 1.1 млн ₸ 1 получ., пропуск 21607%; пороги ролей не достигнуты"
100000001831496100,peripheral,0.586,7,0.2047,"Получил 25 тыс ₸ от 1, отдал 373 тыс ₸ 1 получ., пропуск 1492%; пороги ролей не достигнуты"
100000008174521100,peripheral,0.717,3,0.2047,Получил 82 тыс ₸ от 1; пороги ролей не достигнуты
100000008168850100,peripheral,0.485,4,0.2045,4-е колено (обход оборван): 2 поступл. на 188 тыс ₸ от 1; P(передаёт дальше)=0.50 — порогов ролей не достигает
100000004891562100,terminal,0.536,32,0.2042,"4-е колено, исходящие не выгружены; модель: P(сток)=0.76; получил 103 тыс ₸ от 1"
100000008675322100,peripheral,0.405,4,0.2037,4-е колено (обход оборван): 4 поступл. на 340 тыс ₸ от 1; P(передаёт дальше)=0.64 — порогов ролей не достигает
100000008501413100,peripheral,0.9,7,0.2028,"Получил 5 тыс ₸ от 1, отдал 5 тыс ₸ 1 получ., пропуск 102%; пороги ролей не достигнуты"
100000004840086100,terminal,0.444,10,0.2027,"4-е колено, исходящие не выгружены; модель: P(сток)=0.63; получил 100 тыс ₸ от 1"
100000001537524100,terminal,0.555,2,0.2025,"4-е колено, исходящие не выгружены; модель: P(сток)=0.77; получил 150 тыс ₸ от 1"
100000001299828100,terminal,0.437,10,0.2024,"4-е колено, исходящие не выгружены; модель: P(сток)=0.62; получил 100 тыс ₸ от 1"
100000000733940100,peripheral,0.399,25,0.2023,4-е колено (обход оборван): 2 поступл. на 752 тыс ₸ от 1; P(передаёт дальше)=0.48 — порогов ролей не достигает
100000008583360100,peripheral,0.654,15,0.2023,"Получил 113 тыс ₸ от 1, отдал 170 тыс ₸ 1 получ., пропуск 151%; пороги ролей не достигнуты"
100000002448088100,peripheral,0.583,28,0.2021,"Получил 20 тыс ₸ от 3, отдал 25 тыс ₸ 1 получ., пропуск 125%; пороги ролей не достигнуты"
100000001138283100,peripheral,0.717,1,0.202,"Получил 82 тыс ₸ от 1, отдал 50 тыс ₸ 2 получ., пропуск 61%; пороги ролей не достигнуты"
100000008632060100,peripheral,0.518,1,0.2012,"Получил 6 тыс ₸ от 1, отдал 339 тыс ₸ 9 получ., пропуск 5653%; пороги ролей не достигнуты"
100000005799271100,peripheral,0.769,7,0.2009,Получил 45 тыс ₸ от 1; пороги ролей не достигнуты
100000003147719100,terminal,0.7,2,0.2007,"Получил 100 тыс ₸ от 1 плательщиков, исходящих нет (исходящие наблюдаемы)"
100000008003034100,peripheral,0.659,13,0.2006,"Получил 12 тыс ₸ от 1, отдал 135 тыс ₸ 4 получ., пропуск 1106%; пороги ролей не достигнуты"
100000005268319100,peripheral,0.62,1,0.2002,"Получил 20 тыс ₸ от 1, отдал 91 тыс ₸ 5 получ., пропуск 462%; пороги ролей не достигнуты"
100000008551752100,peripheral,0.442,35,0.1999,4-е колено (обход оборван): 2 поступл. на 406 тыс ₸ от 1; P(передаёт дальше)=0.47 — порогов ролей не достигает
100000004475818100,peripheral,0.709,4,0.1998,"Получил 13 тыс ₸ от 1, отдал 54 тыс ₸ 3 получ., пропуск 415%; пороги ролей не достигнуты"
100000004318918100,peripheral,0.724,7,0.1994,Получил 76 тыс ₸ от 1; пороги ролей не достигнуты
100000001362940100,peripheral,0.718,5,0.1993,Получил 81 тыс ₸ от 1; пороги ролей не достигнуты
100000005222360100,peripheral,0.814,16,0.1985,"Получил 5 тыс ₸ от 1, отдал 27 тыс ₸ 1 получ., пропуск 540%; пороги ролей не достигнуты"
100000007591246100,peripheral,0.684,13,0.198,"Получил 12 тыс ₸ от 1, отдал 120 тыс ₸ 1 получ., пропуск 984%; пороги ролей не достигнуты"
100000007797290100,peripheral,0.7,14,0.1979,"Получил 100 тыс ₸ от 1, отдал 20 тыс ₸ 1 получ., пропуск 20%; пороги ролей не достигнуты"
100000002734815100,terminal,0.541,2,0.1973,"4-е колено, исходящие не выгружены; модель: P(сток)=0.77; получил 110 тыс ₸ от 1"
100000003782913100,terminal,0.464,16,0.197,"4-е колено, исходящие не выгружены; модель: P(сток)=0.63; получил 200 тыс ₸ от 1"
100000007536804100,peripheral,0.7,6,0.1964,"Получил 100 тыс ₸ от 1, отдал 55 тыс ₸ 2 получ., пропуск 55%; пороги ролей не достигнуты"
100000002686226100,peripheral,0.446,4,0.1954,4-е колено (обход оборван): 2 поступл. на 430 тыс ₸ от 1; P(передаёт дальше)=0.44 — порогов ролей не достигает
100000003819173100,terminal,0.552,9,0.1953,"4-е колено, исходящие не выгружены; модель: P(сток)=0.77; получил 144 тыс ₸ от 1"
100000003636627100,peripheral,0.723,8,0.195,"Получил 77 тыс ₸ от 1, отдал 10 тыс ₸ 1 получ., пропуск 13%; пороги ролей не достигнуты"
100000004813068100,transit,0.74,21,0.1939,"Признаки передачи средств seed: вход неполон; переправил 297 тыс ₸ 3 получ., 84% — одному"
100000004800648100,terminal,0.444,17,0.1938,"4-е колено, исходящие не выгружены; модель: P(сток)=0.62; получил 131 тыс ₸ от 1"
100000003003821100,peripheral,0.78,5,0.1936,Получил 40 тыс ₸ от 1; пороги ролей не достигнуты
100000000723383100,peripheral,0.725,28,0.1935,"Получил 7 тыс ₸ от 1, отдал 75 тыс ₸ 2 получ., пропуск 1103%; пороги ролей не достигнуты"
100000004418967100,terminal,0.436,2,0.1935,"4-е колено, исходящие не выгружены; модель: P(сток)=0.62; получил 100 тыс ₸ от 1"
100000005539201100,peripheral,0.768,3,0.1935,"Получил 46 тыс ₸ от 1, отдал 25 тыс ₸ 1 получ., пропуск 55%; пороги ролей не достигнуты"
100000002677201100,peripheral,0.665,2,0.193,"Получил 150 тыс ₸ от 1, отдал 88 тыс ₸ 1 получ., пропуск 58%; пороги ролей не достигнуты"
100000005849100100,peripheral,0.796,5,0.193,Получил 33 тыс ₸ от 1; пороги ролей не достигнуты
100000008671929100,peripheral,0.725,5,0.1928,Получил 75 тыс ₸ от 1; пороги ролей не достигнуты
100000004071070100,peripheral,0.7,1,0.1927,"Получил 41 тыс ₸ от 2, отдал 6 тыс ₸ 1 получ., пропуск 15%; пороги ролей не достигнуты"
100000004321983100,peripheral,0.78,2,0.1927,"Получил 11 тыс ₸ от 1, отдал 36 тыс ₸ 2 получ., пропуск 334%; пороги ролей не достигнуты"
100000003692843100,peripheral,0.421,3,0.1926,4-е колено (обход оборван): 2 поступл. на 510 тыс ₸ от 1; P(передаёт дальше)=0.49 — порогов ролей не достигает
100000001825934100,peripheral,0.703,38,0.1925,"Получил 40 тыс ₸ от 1, отдал 97 тыс ₸ 1 получ., пропуск 242%; пороги ролей не достигнуты"
100000005958064100,peripheral,0.657,16,0.192,"Получил 6 тыс ₸ от 1, отдал 164 тыс ₸ 2 получ., пропуск 2854%; пороги ролей не достигнуты"
100000004629688100,peripheral,0.865,3,0.1918,"Получил 5 тыс ₸ от 1, отдал 15 тыс ₸ 1 получ., пропуск 300%; пороги ролей не достигнуты"
100000001641789100,peripheral,0.85,8,0.1914,Получил 18 тыс ₸ от 1; пороги ролей не достигнуты
100000002933386100,peripheral,0.747,1,0.1914,"Получил 15 тыс ₸ от 1, отдал 58 тыс ₸ 1 получ., пропуск 387%; пороги ролей не достигнуты"
100000004580202100,peripheral,0.709,23,0.1914,"Получил 9 тыс ₸ от 1, отдал 45 тыс ₸ 3 получ., пропуск 500%; пороги ролей не достигнуты"
100000002794374100,terminal,0.442,2,0.1912,"4-е колено, исходящие не выгружены; модель: P(сток)=0.63; получил 111 тыс ₸ от 1"
100000001490461100,peripheral,0.84,15,0.1911,"Получил 20 тыс ₸ от 1, отдал 5 тыс ₸ 1 получ., пропуск 25%; пороги ролей не достигнуты"
100000008436257100,terminal,0.758,14,0.1909,"Получил 35 тыс ₸ от 2 плательщиков, исходящих нет (исходящие наблюдаемы)"
100000006385877100,peripheral,0.754,6,0.1901,"Получил 54 тыс ₸ от 1, отдал 37 тыс ₸ 1 получ., пропуск 68%; пороги ролей не достигнуты"
100000008002020100,peripheral,0.726,17,0.1901,"Получил 74 тыс ₸ от 1, отдал 17 тыс ₸ 1 получ., пропуск 23%; пороги ролей не достигнуты"
100000005481280100,peripheral,0.709,3,0.1889,"Получил 33 тыс ₸ от 1, отдал 50 тыс ₸ 3 получ., пропуск 153%; пороги ролей не достигнуты"
100000008337304100,terminal,0.447,1,0.1881,"4-е колено, исходящие не выгружены; модель: P(сток)=0.64; получил 105 тыс ₸ от 1"
100000000534581100,peripheral,0.7,1,0.1872,"Получил 56 тыс ₸ от 2, отдал 40 тыс ₸ 1 получ., пропуск 71%; пороги ролей не достигнуты"
100000002666248100,peripheral,0.731,5,0.187,Получил 70 тыс ₸ от 1; пороги ролей не достигнуты
100000008088082100,peripheral,0.76,13,0.1868,"Получил 39 тыс ₸ от 1, отдал 50 тыс ₸ 1 получ., пропуск 128%; пороги ролей не достигнуты"
100000003284932100,peripheral,0.731,5,0.1867,Получил 70 тыс ₸ от 1; пороги ролей не достигнуты
100000003252446100,terminal,0.539,2,0.1865,"4-е колено, исходящие не выгружены; модель: P(сток)=0.77; получил 109 тыс ₸ от 1"
100000005608515100,terminal,0.7,6,0.1865,"Получил 64 тыс ₸ от 1 плательщиков, исходящих нет (исходящие наблюдаемы)"
100000001987030100,peripheral,0.7,3,0.1856,"Получил 31 тыс ₸ от 2, отдал 19 тыс ₸ 1 получ., пропуск 62%; пороги ролей не достигнуты"
100000006523053100,peripheral,0.9,5,0.1854,Получил 5 тыс ₸ от 1; пороги ролей не достигнуты
100000003066385100,terminal,0.758,1,0.1844,"Получил 20 тыс ₸ от 2 плательщиков (seed: 1), исходящих нет (исходящие наблюдаемы)"
100000007629121100,peripheral,0.808,5,0.184,Получил 29 тыс ₸ от 1; пороги ролей не достигнуты
100000003215448100,peripheral,0.681,1,0.1838,"Получил 91 тыс ₸ от 1, отдал 124 тыс ₸ 2 получ., пропуск 136%; пороги ролей не достигнуты"
100000003470579100,peripheral,0.442,27,0.1837,4-е колено (обход оборван): 2 поступл. на 357 тыс ₸ от 1; P(передаёт дальше)=0.50 — порогов ролей не достигает
100000000288317100,peripheral,0.7,14,0.1836,"Получил 100 тыс ₸ от 2, отдал 54 тыс ₸ 3 получ., пропуск 54%; пороги ролей не достигнуты"
100000004806903100,peripheral,0.849,5,0.1823,Получил 18 тыс ₸ от 1; пороги ролей не достигнуты
100000008695157100,peripheral,0.415,9,0.1823,4-е колено (обход оборван): 3 поступл. на 426 тыс ₸ от 1; P(передаёт дальше)=0.55 — порогов ролей не достигает
100000001223977100,peripheral,0.849,44,0.1822,"Получил 5 тыс ₸ от 1, отдал 18 тыс ₸ 1 получ., пропуск 360%; пороги ролей не достигнуты"
100000003934614100,peripheral,0.7,22,0.182,"Получил 17 тыс ₸ от 2, отдал 12 тыс ₸ 1 получ., пропуск 68%; пороги ролей не достигнуты"
100000003989033100,peripheral,0.3,11,0.1819,4-е колено (обход оборван): 13 поступл. на 373 тыс ₸ от 1; P(передаёт дальше)=0.98 — порогов ролей не достигает
100000007534354100,peripheral,0.666,11,0.1818,"Получил 50 тыс ₸ от 1, отдал 148 тыс ₸ 3 получ., пропуск 296%; пороги ролей не достигнуты"
100000004784224100,peripheral,0.7,21,0.1817,"Получил 24 тыс ₸ от 1, отдал 100 тыс ₸ 1 получ., пропуск 426%; пороги ролей не достигнуты"
100000003221510100,peripheral,0.684,1,0.1816,"Получил 24 тыс ₸ от 1, отдал 120 тыс ₸ 2 получ., пропуск 500%; пороги ролей не достигнуты"
100000004959752100,peripheral,0.831,9,0.1809,Получил 22 тыс ₸ от 1; пороги ролей не достигнуты
100000004825069100,terminal,0.7,12,0.1804,"Получил 30 тыс ₸ от 1 плательщиков, исходящих нет (исходящие наблюдаемы)"
100000006232642100,peripheral,0.391,20,0.1804,4-е колено (обход оборван): 4 поступл. на 456 тыс ₸ от 1; P(передаёт дальше)=0.63 — порогов ролей не достигает
100000003134550100,terminal,0.536,2,0.1802,"4-е колено, исходящие не выгружены; модель: P(сток)=0.77; получил 100 тыс ₸ от 1"
100000004441291100,peripheral,0.84,5,0.18,Получил 20 тыс ₸ от 1; пороги ролей не достигнуты
100000007018630100,transit,0.746,40,0.1797,"Признаки передачи средств seed: вход неполон; переправил 200 тыс ₸ 1 получ., 100% — одному"
100000001471706100,peripheral,0.322,7,0.1787,4-е колено (обход оборван): 8 поступл. на 377 тыс ₸ от 1; P(передаёт дальше)=0.90 — порогов ролей не достигает
100000002593038100,peripheral,0.809,17,0.178,Получил 28 тыс ₸ от 1; пороги ролей не достигнуты
100000002580377100,peripheral,0.785,3,0.1778,"Получил 38 тыс ₸ от 1, отдал 5 тыс ₸ 1 получ., пропуск 13%; пороги ролей не достигнуты"
100000005485830100,transit,0.655,42,0.1767,"Признаки передачи средств seed: вход неполон; переправил 276 тыс ₸ 5 получ., 43% — одному"
100000001533161100,terminal,0.436,34,0.1766,"4-е колено, исходящие не выгружены; модель: P(сток)=0.62; получил 100 тыс ₸ от 1"
100000006612238100,peripheral,0.659,12,0.1765,"Получил 160 тыс ₸ от 1, отдал 25 тыс ₸ 1 получ., пропуск 16%; пороги ролей не достигнуты"
100000004613582100,peripheral,0.9,6,0.1764,"Получил 5 тыс ₸ от 1, отдал 10 тыс ₸ 1 получ., пропуск 190%; пороги ролей не достигнуты"
100000008486520100,peripheral,0.789,3,0.1761,"Получил 36 тыс ₸ от 1, отдал 14 тыс ₸ 1 получ., пропуск 39%; пороги ролей не достигнуты"
100000005265073100,peripheral,0.9,7,0.1759,"Получил 5 тыс ₸ от 1, отдал 9 тыс ₸ 1 получ., пропуск 180%; пороги ролей не достигнуты"
100000006888238100,peripheral,0.805,45,0.1759,"Получил 18 тыс ₸ от 1, отдал 30 тыс ₸ 1 получ., пропуск 167%; пороги ролей не достигнуты"
100000007749092100,peripheral,0.731,3,0.1757,"Получил 8 тыс ₸ от 1, отдал 70 тыс ₸ 1 получ., пропуск 920%; пороги ролей не достигнуты"
100000005308954100,peripheral,0.732,3,0.1753,"Получил 69 тыс ₸ от 1, отдал 30 тыс ₸ 1 получ., пропуск 43%; пороги ролей не достигнуты"
100000001386612100,peripheral,0.741,16,0.1743,Получил 62 тыс ₸ от 1; пороги ролей не достигнуты
100000004006327100,peripheral,0.427,2,0.1742,4-е колено (обход оборван): 3 поступл. на 300 тыс ₸ от 1; P(передаёт дальше)=0.59 — порогов ролей не достигает
100000005402643100,peripheral,0.679,6,0.1737,"Получил 128 тыс ₸ от 1, отдал 90 тыс ₸ 1 получ., пропуск 70%; пороги ролей не достигнуты"
100000004722630100,peripheral,0.463,36,0.1736,4-е колено (обход оборван): 2 поступл. на 340 тыс ₸ от 1; P(передаёт дальше)=0.44 — порогов ролей не достигает
100000004200745100,peripheral,0.461,17,0.1735,4-е колено (обход оборван): 4 поступл. на 130 тыс ₸ от 1; P(передаёт дальше)=0.64 — порогов ролей не достигает
100000008655779100,peripheral,0.766,22,0.1735,"Получил 47 тыс ₸ от 1, отдал 25 тыс ₸ 2 получ., пропуск 53%; пороги ролей не достигнуты"
100000004134060100,peripheral,0.711,2,0.1728,Получил 88 тыс ₸ от 1; пороги ролей не достигнуты
100000003370425100,peripheral,0.673,1,0.1726,4-е колено (обход оборван): 1 поступл. на 20 тыс ₸ от 1; P(передаёт дальше)=0.40 — порогов ролей не достигает
100000002681449100,peripheral,0.675,10,0.1725,"Получил 95 тыс ₸ от 2, отдал 133 тыс ₸ 2 получ., пропуск 141%; пороги ролей не достигнуты"
100000001232297100,peripheral,0.769,13,0.1724,"Получил 5 тыс ₸ от 1, отдал 45 тыс ₸ 2 получ., пропуск 900%; пороги ролей не достигнуты"
100000008417359100,peripheral,0.691,14,0.1724,"Получил 41 тыс ₸ от 1, отдал 111 тыс ₸ 2 получ., пропуск 271%; пороги ролей не достигнуты"
100000002836052100,peripheral,0.865,9,0.1718,Получил 15 тыс ₸ от 1; пороги ролей не достигнуты
100000002860934100,peripheral,0.392,22,0.1714,4-е колено (обход оборван): 4 поступл. на 280 тыс ₸ от 1; P(передаёт дальше)=0.72 — порогов ролей не достигает
100000003739818100,peripheral,0.748,5,0.1707,Получил 57 тыс ₸ от 1; пороги ролей не достигнуты
100000006714366100,peripheral,0.896,13,0.1707,"Получил 10 тыс ₸ от 1, отдал 5 тыс ₸ 1 получ., пропуск 48%; пороги ролей не достигнуты"
100000007653094100,peripheral,0.686,1,0.1707,4-е колено (обход оборван): 1 поступл. на 16 тыс ₸ от 1; P(передаёт дальше)=0.40 — порогов ролей не достигает
100000004451012100,peripheral,0.708,18,0.1706,"Получил 91 тыс ₸ от 1, отдал 66 тыс ₸ 3 получ., пропуск 72%; пороги ролей не достигнуты"
100000000607731100,peripheral,0.735,26,0.1702,"Получил 20 тыс ₸ от 1, отдал 67 тыс ₸ 1 получ., пропуск 333%; пороги ролей не достигнуты"
100000008106997100,peripheral,0.7,1,0.17,"Получил 36 тыс ₸ от 2, отдал 21 тыс ₸ 1 получ., пропуск 58%; пороги ролей не достигнуты"
100000003230328100,peripheral,0.385,1,0.1692,4-е колено (обход оборван): 3 поступл. на 27 тыс ₸ от 3; P(передаёт дальше)=0.68 — порогов ролей не достигает
100000003781406100,peripheral,0.769,17,0.1691,Получил 45 тыс ₸ от 1; пороги ролей не достигнуты
100000008738325100,peripheral,0.754,16,0.1683,"Получил 37 тыс ₸ от 1, отдал 54 тыс ₸ 1 получ.; пороги ролей не достигнуты; seed: вход занижен"
100000004360785100,peripheral,0.705,3,0.1678,Получил 95 тыс ₸ от 1; пороги ролей не достигнуты
100000002185328100,peripheral,0.659,28,0.1677,"Получил 15 тыс ₸ от 1, отдал 55 тыс ₸ 4 получ., пропуск 367%; пороги ролей не достигнуты"
100000003865939100,peripheral,0.718,48,0.1673,Получил 81 тыс ₸ от 1; пороги ролей не достигнуты
100000005142492100,peripheral,0.749,8,0.1671,"Получил 10 тыс ₸ от 1, отдал 57 тыс ₸ 1 получ., пропуск 570%; пороги ролей не достигнуты"
100000000831684100,peripheral,0.76,17,0.1669,"Получил 15 тыс ₸ от 1, отдал 50 тыс ₸ 1 получ., пропуск 333%; пороги ролей не достигнуты"
100000008721637100,peripheral,0.679,8,0.1667,"Получил 24 тыс ₸ от 1, отдал 127 тыс ₸ 2 получ., пропуск 528%; пороги ролей не достигнуты"
100000005367445100,peripheral,0.9,2,0.1664,"Получил 5 тыс ₸ от 1, отдал 5 тыс ₸ 1 получ., пропуск 100%; пороги ролей не достигнуты"
100000002774456100,peripheral,0.76,7,0.1663,Получил 50 тыс ₸ от 1; пороги ролей не достигнуты
100000003664994100,peripheral,0.46,20,0.1661,4-е колено (обход оборван): 2 поступл. на 338 тыс ₸ от 1; P(передаёт дальше)=0.45 — порогов ролей не достигает
100000008060273100,peripheral,0.9,9,0.1659,Получил 10 тыс ₸ от 1; пороги ролей не достигнуты
100000001083990100,peripheral,0.76,17,0.1658,Получил 50 тыс ₸ от 1; пороги ролей не достигнуты
100000003192309100,peripheral,0.634,19,0.1658,"Получил 17 тыс ₸ от 1, отдал 213 тыс ₸ 1 получ., пропуск 1238%; пороги ролей не достигнуты"
100000005186109100,peripheral,0.9,3,0.1657,Получил 5 тыс ₸ от 1; пороги ролей не достигнуты
100000001554432100,peripheral,0.754,5,0.1656,Получил 54 тыс ₸ от 1; пороги ролей не достигнуты
100000008638859100,peripheral,0.637,18,0.1653,4-е колено (обход оборван): 1 поступл. на 34 тыс ₸ от 1; P(передаёт дальше)=0.39 — порогов ролей не достигает
100000004340038100,peripheral,0.762,13,0.1652,"Получил 10 тыс ₸ от 1, отдал 49 тыс ₸ 1 получ., пропуск 491%; пороги ролей не достигнуты"
100000008701944100,peripheral,0.757,7,0.1651,Получил 52 тыс ₸ от 1; пороги ролей не достигнуты
100000008352542100,peripheral,0.76,5,0.1649,Получил 50 тыс ₸ от 1; пороги ролей не достигнуты
100000003037660100,peripheral,0.755,5,0.1643,Получил 53 тыс ₸ от 1; пороги ролей не достигнуты
100000003888271100,peripheral,0.78,33,0.1643,"Получил 12 тыс ₸ от 1, отдал 26 тыс ₸ 2 получ., пропуск 210%; пороги ролей не достигнуты"
100000003292979100,peripheral,0.762,5,0.1639,Получил 49 тыс ₸ от 1; пороги ролей не достигнуты
100000008522127100,transit,0.725,2,0.1637,"Признаки передачи средств seed: вход неполон; переправил 145 тыс ₸ 1 получ., 100% — одному"
100000008582730100,peripheral,0.9,18,0.163,"Получил 5 тыс ₸ от 1, отдал 5 тыс ₸ 1 получ., пропуск 100%; пороги ролей не достигнуты"
100000008655035100,peripheral,0.805,6,0.163,Получил 30 тыс ₸ от 1; пороги ролей не достигнуты
100000008665380100,peripheral,0.7,1,0.163,"Получил 69 тыс ₸ от 2, отдал 18 тыс ₸ 1 получ., пропуск 26%; пороги ролей не достигнуты"
100000001378288100,peripheral,0.423,9,0.1629,4-е колено (обход оборван): 3 поступл. на 268 тыс ₸ от 1; P(передаёт дальше)=0.62 — порогов ролей не достигает
100000001808684100,peripheral,0.763,8,0.1629,"Получил 48 тыс ₸ от 1, отдал 38 тыс ₸ 1 получ., пропуск 78%; пороги ролей не достигнуты"
100000001954534100,peripheral,0.78,10,0.1628,"Получил 13 тыс ₸ от 1, отдал 40 тыс ₸ 1 получ., пропуск 308%; пороги ролей не достигнуты"
100000002119762100,peripheral,0.495,4,0.1626,4-е колено (обход оборван): 6 поступл. на 77 тыс ₸ от 1; P(передаёт дальше)=0.63 — порогов ролей не достигает
100000002947299100,peripheral,0.714,1,0.1624,Получил 85 тыс ₸ от 1; пороги ролей не достигнуты
100000002479804100,peripheral,0.767,5,0.1623,"Получил 46 тыс ₸ от 1, отдал 35 тыс ₸ 2 получ., пропуск 77%; пороги ролей не достигнуты"
100000008728457100,peripheral,0.769,7,0.162,Получил 45 тыс ₸ от 1; пороги ролей не достигнуты
100000007197866100,peripheral,0.84,1,0.1612,"Получил 20 тыс ₸ от 1, отдал 15 тыс ₸ 1 получ., пропуск 75%; пороги ролей не достигнуты"
100000005809252100,peripheral,0.82,4,0.1611,Получил 25 тыс ₸ от 1; пороги ролей не достигнуты
100000008762832100,peripheral,0.665,5,0.1608,"Получил 150 тыс ₸ от 1, отдал 85 тыс ₸ 1 получ., пропуск 57%; пороги ролей не достигнуты"
100000001130176100,peripheral,0.82,1,0.1606,Получил 25 тыс ₸ от 1; пороги ролей не достигнуты
100000001194266100,peripheral,0.76,5,0.1594,Получил 50 тыс ₸ от 1; пороги ролей не достигнуты
100000003476560100,peripheral,0.76,5,0.1594,Получил 50 тыс ₸ от 1; пороги ролей не достигнуты
100000002432143100,peripheral,0.718,1,0.1591,Получил 81 тыс ₸ от 1; пороги ролей не достигнуты
100000004800452100,peripheral,0.715,9,0.1591,4-е колено (обход оборван): 1 поступл. на 7 тыс ₸ от 1; P(передаёт дальше)=0.41 — порогов ролей не достигает
100000008757369100,peripheral,0.747,10,0.1577,"Получил 26 тыс ₸ от 1, отдал 58 тыс ₸ 1 получ., пропуск 225%; пороги ролей не достигнуты"
100000004326224100,peripheral,0.601,4,0.1573,4-е колено (обход оборван): 1 поступл. на 60 тыс ₸ от 1; P(передаёт дальше)=0.39 — порогов ролей не достигает
100000004278574100,peripheral,0.82,4,0.1572,"Получил 25 тыс ₸ от 1, отдал 12 тыс ₸ 1 получ., пропуск 50%; пороги ролей не достигнуты"
100000004356593100,peripheral,0.76,20,0.157,"Получил 50 тыс ₸ от 1, отдал 10 тыс ₸ 1 получ., пропуск 20%; пороги ролей не достигнуты"
100000002847207100,peripheral,0.767,5,0.1567,Получил 46 тыс ₸ от 1; пороги ролей не достигнуты
100000006882208100,peripheral,0.849,3,0.1566,Получил 18 тыс ₸ от 1; пороги ролей не достигнуты
100000006557763100,peripheral,0.9,5,0.1559,Получил 10 тыс ₸ от 1; пороги ролей не достигнуты
100000003677936100,peripheral,0.73,18,0.1558,"Получил 71 тыс ₸ от 1, отдал 13 тыс ₸ 1 получ., пропуск 18%; пороги ролей не достигнуты"
100000006789108100,peripheral,0.785,7,0.1557,Получил 38 тыс ₸ от 1; пороги ролей не достигнуты
100000004750897100,peripheral,0.9,3,0.1554,Получил 10 тыс ₸ от 1; пороги ролей не достигнуты
100000002779485100,peripheral,0.708,9,0.1553,Получил 91 тыс ₸ от 1; пороги ролей не достигнуты
100000003736419100,peripheral,0.827,1,0.1552,"Получил 23 тыс ₸ от 1, отдал 10 тыс ₸ 1 получ., пропуск 43%; пороги ролей не достигнуты"
100000002984403100,peripheral,0.82,30,0.155,"Получил 20 тыс ₸ от 1, отдал 25 тыс ₸ 1 получ., пропуск 125%; пороги ролей не достигнуты"
100000002728246100,peripheral,0.718,4,0.154,4-е колено (обход оборван): 1 поступл. на 10 тыс ₸ от 1; P(передаёт дальше)=0.40 — порогов ролей не достигает
100000004285800100,peripheral,0.865,10,0.1538,"Получил 5 тыс ₸ от 1, отдал 15 тыс ₸ 1 получ., пропуск 300%; пороги ролей не достигнуты"
100000008738526100,peripheral,0.671,2,0.1538,"Получил 15 тыс ₸ от 1, отдал 140 тыс ₸ 1 получ., пропуск 933%; пороги ролей не достигнуты"
100000000557536100,peripheral,0.383,4,0.1534,4-е колено (обход оборван): 7 поступл. на 153 тыс ₸ от 1; P(передаёт дальше)=0.85 — порогов ролей не достигает
100000004931931100,peripheral,0.769,1,0.1534,"Получил 24 тыс ₸ от 1, отдал 45 тыс ₸ 1 получ., пропуск 188%; пороги ролей не достигнуты"
100000006756956100,peripheral,0.452,1,0.1532,4-е колено (обход оборван): 9 поступл. на 121 тыс ₸ от 1; P(передаёт дальше)=0.68 — порогов ролей не достигает
100000001130553100,peripheral,0.669,4,0.153,4-е колено (обход оборван): 2 поступл. на 18 тыс ₸ от 1; P(передаёт дальше)=0.42 — порогов ролей не достигает
100000002609774100,peripheral,0.812,16,0.1528,"Получил 8 тыс ₸ от 1, отдал 28 тыс ₸ 1 получ., пропуск 357%; пороги ролей не достигнуты"
100000000507799100,peripheral,0.9,41,0.1527,"Получил 5 тыс ₸ от 1, отдал 8 тыс ₸ 1 получ., пропуск 156%; пороги ролей не достигнуты"
100000002208836100,peripheral,0.576,4,0.1527,4-е колено (обход оборван): 1 поступл. на 90 тыс ₸ от 1; P(передаёт дальше)=0.38 — порогов ролей не достигает
100000006734554100,peripheral,0.82,26,0.1525,"Получил 16 тыс ₸ от 1, отдал 25 тыс ₸ 1 получ., пропуск 152%; пороги ролей не достигнуты"
100000000369781100,peripheral,0.712,4,0.1523,4-е колено (обход оборван): 1 поступл. на 5 тыс ₸ от 1; P(передаёт дальше)=0.42 — порогов ролей не достигает
100000005367284100,peripheral,0.763,1,0.1523,"Получил 14 тыс ₸ от 1, отдал 48 тыс ₸ 2 получ., пропуск 353%; пороги ролей не достигнуты"
100000005022964100,peripheral,0.84,5,0.1521,Получил 20 тыс ₸ от 1; пороги ролей не достигнуты
100000002592567100,peripheral,0.763,3,0.1517,"Получил 5 тыс ₸ от 1, отдал 49 тыс ₸ 2 получ., пропуск 918%; пороги ролей не достигнуты"
100000008343415100,peripheral,0.558,9,0.1517,4-е колено (обход оборван): 3 поступл. на 100 тыс ₸ от 1; P(передаёт дальше)=0.41 — порогов ролей не достигает
100000006308406100,peripheral,0.485,28,0.1515,4-е колено (обход оборван): 2 поступл. на 183 тыс ₸ от 1; P(передаёт дальше)=0.50 — порогов ролей не достигает
100000008720856100,peripheral,0.767,4,0.1515,"Получил 18 тыс ₸ от 1, отдал 46 тыс ₸ 1 получ., пропуск 254%; пороги ролей не достигнуты"
100000003877908100,peripheral,0.78,5,0.1514,Получил 40 тыс ₸ от 1; пороги ролей не достигнуты
100000004509286100,peripheral,0.78,5,0.1514,Получил 40 тыс ₸ от 1; пороги ролей не достигнуты
100000004610802100,peripheral,0.315,47,0.1514,4-е колено (обход оборван): 18 поступл. на 241 тыс ₸ от 1; P(передаёт дальше)=0.99 — порогов ролей не достигает
100000008237827100,peripheral,0.78,5,0.1514,Получил 40 тыс ₸ от 1; пороги ролей не достигнуты
100000001724740100,peripheral,0.479,2,0.1511,4-е колено (обход оборван): 4 поступл. на 185 тыс ₸ от 1; P(передаёт дальше)=0.52 — порогов ролей не достигает
100000004232712100,peripheral,0.702,4,0.1503,4-е колено (обход оборван): 1 поступл. на 12 тыс ₸ от 1; P(передаёт дальше)=0.40 — порогов ролей не достигает
100000006989106100,peripheral,0.739,6,0.15,Получил 64 тыс ₸ от 1; пороги ролей не достигнуты
100000000533217100,peripheral,0.754,1,0.1497,Получил 54 тыс ₸ от 1; пороги ролей не достигнуты
100000003500764100,peripheral,0.669,14,0.1495,4-е колено (обход оборван): 1 поступл. на 21 тыс ₸ от 1; P(передаёт дальше)=0.40 — порогов ролей не достигает
100000007274584100,peripheral,0.784,5,0.1495,Получил 38 тыс ₸ от 1; пороги ролей не достигнуты
100000000943371100,peripheral,0.862,13,0.1491,Получил 16 тыс ₸ от 1; пороги ролей не достигнуты
100000004456564100,peripheral,0.9,16,0.1486,Получил 10 тыс ₸ от 1; пороги ролей не достигнуты
100000005032294100,peripheral,0.9,16,0.1486,Получил 10 тыс ₸ от 1; пороги ролей не достигнуты
100000005941908100,peripheral,0.9,16,0.1484,Получил 10 тыс ₸ от 1; пороги ролей не достигнуты
100000008735802100,peripheral,0.552,1,0.1483,4-е колено (обход оборван): 2 поступл. на 85 тыс ₸ от 1; P(передаёт дальше)=0.45 — порогов ролей не достигает
100000000785800100,peripheral,0.844,39,0.148,"Получил 19 тыс ₸ от 1, отдал 19 тыс ₸ 1 получ., пропуск 100%; пороги ролей не достигнуты"
100000003163256100,peripheral,0.865,3,0.1478,"Получил 13 тыс ₸ от 1, отдал 15 тыс ₸ 1 получ., пропуск 111%; пороги ролей не достигнуты"
100000008737514100,peripheral,0.714,3,0.1477,Получил 85 тыс ₸ от 1; пороги ролей не достигнуты
100000002971593100,peripheral,0.614,4,0.1476,4-е колено (обход оборван): 1 поступл. на 49 тыс ₸ от 1; P(передаёт дальше)=0.39 — порогов ролей не достигает
100000003024542100,peripheral,0.9,5,0.1475,Получил 8 тыс ₸ от 1; пороги ролей не достигнуты
100000005049404100,peripheral,0.522,4,0.1473,4-е колено (обход оборван): 2 поступл. на 98 тыс ₸ от 1; P(передаёт дальше)=0.51 — порогов ролей не достигает
100000008193258100,peripheral,0.725,14,0.1471,"Получил 75 тыс ₸ от 1, отдал 30 тыс ₸ 1 получ., пропуск 40%; пороги ролей не достигнуты"
100000007511780100,peripheral,0.494,20,0.147,4-е колено (обход оборван): 2 поступл. на 155 тыс ₸ от 1; P(передаёт дальше)=0.51 — порогов ролей не достигает
100000008680912100,peripheral,0.769,20,0.147,"Получил 45 тыс ₸ от 1, отдал 6 тыс ₸ 1 получ., пропуск 13%; пороги ролей не достигнуты"
100000001597505100,peripheral,0.815,8,0.1469,"Получил 26 тыс ₸ от 1, отдал 13 тыс ₸ 1 получ., пропуск 49%; пороги ролей не достигнуты"
100000003832231100,peripheral,0.791,5,0.1466,Получил 35 тыс ₸ от 1; пороги ролей не достигнуты
100000005105153100,peripheral,0.805,10,0.1462,Получил 30 тыс ₸ от 1; пороги ролей не достигнуты
100000003622955100,peripheral,0.69,1,0.1461,4-е колено (обход оборван): 1 поступл. на 15 тыс ₸ от 1; P(передаёт дальше)=0.40 — порогов ролей не достигает
100000008050986100,peripheral,0.545,4,0.1461,4-е колено (обход оборван): 2 поступл. на 95 тыс ₸ от 1; P(передаёт дальше)=0.45 — порогов ролей не достигает
100000004697956100,peripheral,0.9,8,0.1457,"Получил 10 тыс ₸ от 1, отдал 10 тыс ₸ 1 получ., пропуск 100%; пороги ролей не достигнуты"
100000003102157100,peripheral,0.703,1,0.1456,Получил 97 тыс ₸ от 1; пороги ролей не достигнуты
100000005497148100,peripheral,0.625,4,0.1454,4-е колено (обход оборван): 2 поступл. на 24 тыс ₸ от 1; P(передаёт дальше)=0.48 — порогов ролей не достигает
100000002214301100,peripheral,0.834,1,0.1453,"Получил 21 тыс ₸ от 1, отдал 8 тыс ₸ 1 получ., пропуск 37%; пороги ролей не достигнуты"
100000003632533100,peripheral,0.717,4,0.1451,4-е колено (обход оборван): 1 поступл. на 10 тыс ₸ от 1; P(передаёт дальше)=0.41 — порогов ролей не достигает
100000006952718100,peripheral,0.729,3,0.1447,Получил 71 тыс ₸ от 1; пороги ролей не достигнуты
100000003188607100,peripheral,0.849,6,0.1443,"Получил 18 тыс ₸ от 1, отдал 5 тыс ₸ 1 получ., пропуск 28%; пороги ролей не достигнуты"
100000003896956100,peripheral,0.814,3,0.1443,"Получил 10 тыс ₸ от 1, отдал 27 тыс ₸ 1 получ., пропуск 270%; пороги ролей не достигнуты"
100000003039473100,peripheral,0.828,3,0.1442,Получил 23 тыс ₸ от 1; пороги ролей не достигнуты
100000000860514100,peripheral,0.76,30,0.1441,"Получил 12 тыс ₸ от 1, отдал 50 тыс ₸ 1 получ., пропуск 417%; пороги ролей не достигнуты"
100000002727288100,peripheral,0.859,3,0.1438,Получил 16 тыс ₸ от 1; пороги ролей не достигнуты
100000004622227100,peripheral,0.709,1,0.1438,"Получил 25 тыс ₸ от 1, отдал 19 тыс ₸ 3 получ., пропуск 76%; пороги ролей не достигнуты"
100000008474308100,peripheral,0.871,17,0.1438,"Получил 14 тыс ₸ от 1, отдал 10 тыс ₸ 1 получ., пропуск 71%; пороги ролей не достигнуты"
100000002692044100,peripheral,0.703,17,0.1437,Получил 97 тыс ₸ от 1; пороги ролей не достигнуты
100000003792647100,peripheral,0.717,4,0.143,4-е колено (обход оборван): 1 поступл. на 8 тыс ₸ от 1; P(передаёт дальше)=0.41 — порогов ролей не достигает
100000006684930100,peripheral,0.9,13,0.1429,Получил 10 тыс ₸ от 1; пороги ролей не достигнуты
100000002487222100,peripheral,0.539,4,0.1425,4-е колено (обход оборван): 2 поступл. на 90 тыс ₸ от 1; P(передаёт дальше)=0.48 — порогов ролей не достигает
100000003086040100,peripheral,0.896,1,0.1422,Получил 10 тыс ₸ от 1; пороги ролей не достигнуты
100000002705460100,peripheral,0.704,3,0.1415,Получил 95 тыс ₸ от 1; пороги ролей не достигнуты
100000002938501100,peripheral,0.9,3,0.1407,"Получил 8 тыс ₸ от 1, отдал 5 тыс ₸ 1 получ., пропуск 60%; пороги ролей не достигнуты"
100000004798515100,peripheral,0.5,17,0.1403,4-е колено (обход оборван): 2 поступл. на 200 тыс ₸ от 1; P(передаёт дальше)=0.44 — порогов ролей не достигает
100000000560751100,peripheral,0.82,13,0.1402,Получил 25 тыс ₸ от 1; пороги ролей не достигнуты
100000008190411100,peripheral,0.337,13,0.1402,4-е колено (обход оборван): 12 поступл. на 198 тыс ₸ от 1; P(передаёт дальше)=0.95 — порогов ролей не достигает
100000002229615100,peripheral,0.658,28,0.1401,4-е колено (обход оборван): 1 поступл. на 25 тыс ₸ от 1; P(передаёт дальше)=0.40 — порогов ролей не достигает
100000003696422100,peripheral,0.513,25,0.14,4-е колено (обход оборван): 2 поступл. на 118 тыс ₸ от 1; P(передаёт дальше)=0.50 — порогов ролей не достигает
100000003239379100,peripheral,0.707,17,0.1398,Получил 92 тыс ₸ от 1; пороги ролей не достигнуты
100000005186131100,peripheral,0.9,1,0.1398,"Получил 10 тыс ₸ от 1, отдал 10 тыс ₸ 1 получ., пропуск 100%; пороги ролей не достигнуты"
100000005417257100,transit,0.655,7,0.1397,"Признаки передачи средств seed: вход неполон; переправил 106 тыс ₸ 2 получ., 75% — одному"
100000004779204100,peripheral,0.803,1,0.1394,"Получил 30 тыс ₸ от 1, отдал 20 тыс ₸ 1 получ., пропуск 66%; пороги ролей не достигнуты"
100000004463277100,peripheral,0.791,26,0.1393,Получил 35 тыс ₸ от 1; пороги ролей не достигнуты
100000000945428100,peripheral,0.71,1,0.1391,Получил 90 тыс ₸ от 1; пороги ролей не достигнуты
100000003582677100,peripheral,0.659,1,0.139,"Получил 30 тыс ₸ от 2, отдал 56 тыс ₸ 4 получ., пропуск 188%; пороги ролей не достигнуты"
100000003447411100,peripheral,0.479,9,0.1389,4-е колено (обход оборван): 3 поступл. на 302 тыс ₸ от 1; P(передаёт дальше)=0.41 — порогов ролей не достигает
100000002611334100,peripheral,0.763,1,0.1387,"Получил 48 тыс ₸ от 1, отдал 16 тыс ₸ 1 получ., пропуск 32%; пороги ролей не достигнуты"
100000002778085100,peripheral,0.736,3,0.1387,Получил 66 тыс ₸ от 1; пороги ролей не достигнуты
100000002968096100,peripheral,0.592,9,0.1387,4-е колено (обход оборван): 1 поступл. на 70 тыс ₸ от 1; P(передаёт дальше)=0.38 — порогов ролей не достигает
100000004386286100,peripheral,0.704,17,0.1386,4-е колено (обход оборван): 1 поступл. на 12 тыс ₸ от 1; P(передаёт дальше)=0.40 — порогов ролей не достигает
100000002662768100,peripheral,0.715,5,0.1384,Получил 84 тыс ₸ от 1; пороги ролей не достигнуты
100000008673001100,peripheral,0.719,7,0.1384,Получил 80 тыс ₸ от 1; пороги ролей не достигнуты; seed: вход занижен
100000000749118100,peripheral,0.857,1,0.1383,"Получил 10 тыс ₸ от 1, отдал 16 тыс ₸ 1 получ., пропуск 160%; пороги ролей не достигнуты"
100000001740277100,peripheral,0.9,6,0.1378,"Получил 9 тыс ₸ от 1, отдал 5 тыс ₸ 1 получ., пропуск 57%; пороги ролей не достигнуты"
100000000795033100,peripheral,0.848,1,0.1377,Получил 18 тыс ₸ от 1; пороги ролей не достигнуты
100000007042175100,peripheral,0.601,1,0.1375,4-е колено (обход оборван): 1 поступл. на 60 тыс ₸ от 1; P(передаёт дальше)=0.38 — порогов ролей не достигает
100000008634520100,peripheral,0.709,2,0.1375,Получил 90 тыс ₸ от 1; пороги ролей не достигнуты
100000004467157100,peripheral,0.84,22,0.1374,"Получил 20 тыс ₸ от 1, отдал 7 тыс ₸ 1 получ., пропуск 35%; пороги ролей не достигнуты"
100000001845505100,peripheral,0.673,1,0.1373,4-е колено (обход оборван): 1 поступл. на 20 тыс ₸ от 1; P(передаёт дальше)=0.40 — порогов ролей не достигает
100000006476758100,peripheral,0.9,7,0.1372,Получил 5 тыс ₸ от 1; пороги ролей не достигнуты
100000008349675100,peripheral,0.766,6,0.137,"Получил 47 тыс ₸ от 1, отдал 37 тыс ₸ 1 получ., пропуск 79%; пороги ролей не достигнуты"
100000003922499100,peripheral,0.76,17,0.1368,Получил 50 тыс ₸ от 1; пороги ролей не достигнуты
100000008314863100,peripheral,0.884,5,0.1367,Получил 12 тыс ₸ от 1; пороги ролей не достигнуты
100000005878334100,peripheral,0.556,9,0.1366,4-е колено (обход оборван): 2 поступл. на 76 тыс ₸ от 1; P(передаёт дальше)=0.46 — порогов ролей не достигает
100000005495211100,peripheral,0.692,1,0.1365,4-е колено (обход оборван): 1 поступл. на 14 тыс ₸ от 1; P(передаёт дальше)=0.40 — порогов ролей не достигает
100000000955529100,peripheral,0.739,5,0.1363,"Получил 27 тыс ₸ от 1, отдал 64 тыс ₸ 1 получ., пропуск 235%; пороги ролей не достигнуты"
100000008619857100,peripheral,0.78,1,0.1362,"Получил 29 тыс ₸ от 1, отдал 13 тыс ₸ 2 получ., пропуск 45%; пороги ролей не достигнуты"
100000005052998100,peripheral,0.809,1,0.1353,"Получил 10 тыс ₸ от 1, отдал 28 тыс ₸ 1 получ., пропуск 299%; пороги ролей не достигнуты"
100000000957746100,peripheral,0.712,14,0.1352,4-е колено (обход оборван): 1 поступл. на 5 тыс ₸ от 1; P(передаёт дальше)=0.42 — порогов ролей не достигает
100000005834479100,peripheral,0.78,1,0.1352,"Получил 8 тыс ₸ от 1, отдал 14 тыс ₸ 2 получ., пропуск 193%; пороги ролей не достигнуты"
100000001145749100,peripheral,0.9,5,0.135,Получил 10 тыс ₸ от 1; пороги ролей не достигнуты
100000002695812100,peripheral,0.622,15,0.135,4-е колено (обход оборван): 1 поступл. на 95 тыс ₸ от 1; P(передаёт дальше)=0.23 — порогов ролей не достигает
100000002831727100,peripheral,0.723,18,0.1349,"Получил 6 тыс ₸ от 1, отдал 77 тыс ₸ 1 получ., пропуск 1283%; пороги ролей не достигнуты"
100000008664469100,peripheral,0.82,5,0.1349,Получил 25 тыс ₸ от 1; пороги ролей не достигнуты
100000002599729100,peripheral,0.555,1,0.1348,4-е колено (обход оборван): 2 поступл. на 65 тыс ₸ от 1; P(передаёт дальше)=0.50 — порогов ролей не достигает
100000001276409100,peripheral,0.622,15,0.1347,4-е колено (обход оборван): 1 поступл. на 95 тыс ₸ от 1; P(передаёт дальше)=0.24 — порогов ролей не достигает
100000004971871100,peripheral,0.819,45,0.1342,"Получил 25 тыс ₸ от 1, отдал 6 тыс ₸ 1 получ.; пороги ролей не достигнуты; seed: вход занижен"
100000005567828100,peripheral,0.623,15,0.1341,4-е колено (обход оборван): 1 поступл. на 94 тыс ₸ от 1; P(передаёт дальше)=0.23 — порогов ролей не достигает
100000003123296100,peripheral,0.713,17,0.1337,Получил 86 тыс ₸ от 1; пороги ролей не достигнуты
100000004791226100,peripheral,0.672,1,0.1333,4-е колено (обход оборван): 1 поступл. на 20 тыс ₸ от 1; P(передаёт дальше)=0.40 — порогов ролей не достигает
100000005041147100,peripheral,0.718,1,0.1333,4-е колено (обход оборван): 1 поступл. на 10 тыс ₸ от 1; P(передаёт дальше)=0.41 — порогов ролей не достигает
100000002214207100,peripheral,0.57,38,0.1331,4-е колено (обход оборван): 1 поступл. на 97 тыс ₸ от 1; P(передаёт дальше)=0.38 — порогов ролей не достигает
100000005852946100,peripheral,0.825,5,0.1329,Получил 24 тыс ₸ от 1; пороги ролей не достигнуты
100000004192865100,peripheral,0.735,26,0.1328,Получил 67 тыс ₸ от 1; пороги ролей не достигнуты
100000003951827100,peripheral,0.78,1,0.1325,"Получил 9 тыс ₸ от 1, отдал 17 тыс ₸ 2 получ., пропуск 189%; пороги ролей не достигнуты"
100000003970394100,peripheral,0.714,17,0.1325,Получил 85 тыс ₸ от 1; пороги ролей не достигнуты
100000004472936100,peripheral,0.713,13,0.1324,4-е колено (обход оборван): 1 поступл. на 5 тыс ₸ от 1; P(передаёт дальше)=0.42 — порогов ролей не достигает
100000002863356100,peripheral,0.769,12,0.1323,"Получил 45 тыс ₸ от 1, отдал 20 тыс ₸ 1 получ., пропуск 44%; пороги ролей не достигнуты"
100000004765639100,peripheral,0.78,1,0.1321,"Получил 5 тыс ₸ от 1, отдал 11 тыс ₸ 2 получ., пропуск 220%; пороги ролей не достигнуты"
100000008762728100,peripheral,0.854,3,0.1321,Получил 17 тыс ₸ от 1; пороги ролей не достигнуты
100000005360814100,peripheral,0.485,9,0.1319,4-е колено (обход оборван): 3 поступл. на 144 тыс ₸ от 1; P(передаёт дальше)=0.55 — порогов ролей не достигает
100000000737152100,peripheral,0.636,1,0.1318,4-е колено (обход оборван): 1 поступл. на 35 тыс ₸ от 1; P(передаёт дальше)=0.39 — порогов ролей не достигает
100000008074304100,peripheral,0.712,4,0.1318,4-е колено (обход оборван): 1 поступл. на 6 тыс ₸ от 1; P(передаёт дальше)=0.42 — порогов ролей не достигает
100000004777215100,peripheral,0.602,28,0.1315,4-е колено (обход оборван): 1 поступл. на 60 тыс ₸ от 1; P(передаёт дальше)=0.38 — порогов ролей не достигает
100000007333038100,peripheral,0.78,11,0.1314,"Получил 18 тыс ₸ от 1, отдал 35 тыс ₸ 2 получ., пропуск 200%; пороги ролей не достигнуты"
100000001220124100,peripheral,0.628,1,0.1313,4-е колено (обход оборван): 1 поступл. на 40 тыс ₸ от 1; P(передаёт дальше)=0.39 — порогов ролей не достигает
100000004991593100,peripheral,0.574,1,0.1313,4-е колено (обход оборван): 2 поступл. на 45 тыс ₸ от 1; P(передаёт дальше)=0.51 — порогов ролей не достигает
100000004019056100,peripheral,0.614,13,0.1312,4-е колено (обход оборван): 1 поступл. на 50 тыс ₸ от 1; P(передаёт дальше)=0.38 — порогов ролей не достигает
100000006171671100,peripheral,0.716,1,0.1311,4-е колено (обход оборван): 1 поступл. на 10 тыс ₸ от 1; P(передаёт дальше)=0.41 — порогов ролей не достигает
100000004096559100,peripheral,0.767,6,0.1306,Получил 46 тыс ₸ от 1; пороги ролей не достигнуты
100000008254576100,peripheral,0.744,14,0.1305,"Получил 8 тыс ₸ от 1, отдал 60 тыс ₸ 1 получ., пропуск 750%; пороги ролей не достигнуты"
100000002340562100,peripheral,0.787,6,0.1304,Получил 37 тыс ₸ от 1; пороги ролей не достигнуты
100000000981693100,peripheral,0.686,1,0.1301,4-е колено (обход оборван): 1 поступл. на 16 тыс ₸ от 1; P(передаёт дальше)=0.40 — порогов ролей не достигает
100000005205745100,peripheral,0.9,8,0.1301,Получил 6 тыс ₸ от 1; пороги ролей не достигнуты
100000003061115100,peripheral,0.62,1,0.1298,4-е колено (обход оборван): 1 поступл. на 45 тыс ₸ от 1; P(передаёт дальше)=0.39 — порогов ролей не достигает
100000004988240100,peripheral,0.673,1,0.1298,4-е колено (обход оборван): 1 поступл. на 20 тыс ₸ от 1; P(передаёт дальше)=0.40 — порогов ролей не достигает
100000001952325100,peripheral,0.722,12,0.1297,Получил 78 тыс ₸ от 1; пороги ролей не достигнуты
100000002095257100,peripheral,0.9,17,0.1296,Получил 8 тыс ₸ от 1; пороги ролей не достигнуты
100000003192220100,peripheral,0.744,3,0.1292,Получил 60 тыс ₸ от 1; пороги ролей не достигнуты
100000004241142100,peripheral,0.653,1,0.1292,4-е колено (обход оборван): 1 поступл. на 27 тыс ₸ от 1; P(передаёт дальше)=0.40 — порогов ролей не достигает
100000008229700100,peripheral,0.826,17,0.1291,"Получил 24 тыс ₸ от 1, отдал 7 тыс ₸ 1 получ., пропуск 31%; пороги ролей не достигнуты"
100000001805543100,peripheral,0.746,3,0.129,Получил 59 тыс ₸ от 1; пороги ролей не достигнуты
100000002757240100,peripheral,0.758,1,0.1289,Получил 51 тыс ₸ от 1; пороги ролей не достигнуты
100000006512787100,peripheral,0.643,1,0.1288,4-е колено (обход оборван): 2 поступл. на 20 тыс ₸ от 1; P(передаёт дальше)=0.47 — порогов ролей не достигает
100000003568904100,peripheral,0.615,13,0.1287,4-е колено (обход оборван): 1 поступл. на 49 тыс ₸ от 1; P(передаёт дальше)=0.39 — порогов ролей не достигает
100000002791494100,peripheral,0.629,15,0.1286,4-е колено (обход оборван): 1 поступл. на 86 тыс ₸ от 1; P(передаёт дальше)=0.23 — порогов ролей не достигает
100000007153161100,peripheral,0.619,1,0.1286,4-е колено (обход оборван): 1 поступл. на 45 тыс ₸ от 1; P(передаёт дальше)=0.39 — порогов ролей не достигает
100000008737422100,peripheral,0.723,12,0.1286,Получил 77 тыс ₸ от 1; пороги ролей не достигнуты
100000008474391100,peripheral,0.84,23,0.1283,Получил 20 тыс ₸ от 1; пороги ролей не достигнуты
100000001202787100,peripheral,0.495,1,0.128,4-е колено (обход оборван): 2 поступл. на 15 тыс ₸ от 2; P(передаёт дальше)=0.59 — порогов ролей не достигает
100000002505277100,peripheral,0.601,1,0.128,4-е колено (обход оборван): 1 поступл. на 60 тыс ₸ от 1; P(передаёт дальше)=0.39 — порогов ролей не достигает
100000001733216100,peripheral,0.596,1,0.1278,4-е колено (обход оборван): 2 поступл. на 60 тыс ₸ от 1; P(передаёт дальше)=0.40 — порогов ролей не достигает
100000002736033100,peripheral,0.792,14,0.1278,"Получил 35 тыс ₸ от 1, отдал 11 тыс ₸ 1 получ., пропуск 32%; пороги ролей не достигнуты"
100000003132484100,peripheral,0.709,6,0.1278,Получил 90 тыс ₸ от 1; пороги ролей не достигнуты
100000007648946100,peripheral,0.82,1,0.1276,"Получил 20 тыс ₸ от 1, отдал 25 тыс ₸ 1 получ., пропуск 128%; пороги ролей не достигнуты"
100000002597003100,peripheral,0.85,1,0.1267,"Получил 18 тыс ₸ от 1, отдал 11 тыс ₸ 1 получ., пропуск 62%; пороги ролей не достигнуты"
100000008502995100,peripheral,0.82,1,0.1266,Получил 25 тыс ₸ от 1; пороги ролей не достигнуты
100000005061890100,peripheral,0.709,20,0.1263,Получил 90 тыс ₸ от 1; пороги ролей не достигнуты
100000001816678100,peripheral,0.602,1,0.1259,4-е колено (обход оборван): 1 поступл. на 60 тыс ₸ от 1; P(передаёт дальше)=0.38 — порогов ролей не достигает
100000004564736100,peripheral,0.865,23,0.1258,Получил 15 тыс ₸ от 1; пороги ролей не достигнуты
100000003980083100,peripheral,0.805,49,0.1255,Получил 30 тыс ₸ от 1; пороги ролей не достигнуты
100000000733373100,peripheral,0.894,3,0.1254,Получил 11 тыс ₸ от 1; пороги ролей не достигнуты
100000003186579100,peripheral,0.516,1,0.1254,4-е колено (обход оборван): 2 поступл. на 110 тыс ₸ от 1; P(передаёт дальше)=0.51 — порогов ролей не достигает
100000002904919100,peripheral,0.744,10,0.1251,"Получил 60 тыс ₸ от 1, отдал 6 тыс ₸ 1 получ., пропуск 9%; пороги ролей не достигнуты"
100000004792397100,peripheral,0.727,12,0.1249,Получил 74 тыс ₸ от 1; пороги ролей не достигнуты
100000006967370100,peripheral,0.796,4,0.1249,"Получил 33 тыс ₸ от 1, отдал 14 тыс ₸ 1 получ., пропуск 41%; пороги ролей не достигнуты"
100000005025629100,peripheral,0.714,4,0.1248,4-е колено (обход оборван): 1 поступл. на 5 тыс ₸ от 1; P(передаёт дальше)=0.41 — порогов ролей не достигает
100000006030946100,peripheral,0.727,12,0.1247,Получил 73 тыс ₸ от 1; пороги ролей не достигнуты
100000000600707100,peripheral,0.547,38,0.1244,4-е колено (обход оборван): 2 поступл. на 89 тыс ₸ от 1; P(передаёт дальше)=0.46 — порогов ролей не достигает
100000003214786100,peripheral,0.713,1,0.1244,4-е колено (обход оборван): 1 поступл. на 5 тыс ₸ от 1; P(передаёт дальше)=0.41 — порогов ролей не достигает
100000005209352100,peripheral,0.712,1,0.1243,4-е колено (обход оборван): 1 поступл. на 5 тыс ₸ от 1; P(передаёт дальше)=0.42 — порогов ролей не достигает
100000005730108100,peripheral,0.9,1,0.1243,Получил 8 тыс ₸ от 1; пороги ролей не достигнуты
100000003207060100,peripheral,0.609,1,0.1239,4-е колено (обход оборван): 1 поступл. на 53 тыс ₸ от 1; P(передаёт дальше)=0.39 — порогов ролей не достигает
100000000926766100,peripheral,0.845,30,0.1235,"Получил 19 тыс ₸ от 1, отдал 6 тыс ₸ 1 получ., пропуск 32%; пороги ролей не достигнуты"
100000002457464100,peripheral,0.735,5,0.1231,Получил 67 тыс ₸ от 1; пороги ролей не достигнуты
100000004975919100,peripheral,0.78,1,0.123,"Получил 22 тыс ₸ от 1, отдал 15 тыс ₸ 2 получ., пропуск 67%; пороги ролей не достигнуты"
100000003125997100,peripheral,0.577,2,0.1227,4-е колено (обход оборван): 1 поступл. на 88 тыс ₸ от 1; P(передаёт дальше)=0.38 — порогов ролей не достигает
100000005395727100,peripheral,0.854,3,0.1227,Получил 17 тыс ₸ от 1; пороги ролей не достигнуты; seed: вход занижен
100000008633099100,peripheral,0.842,18,0.1227,"Получил 19 тыс ₸ от 1, отдал 14 тыс ₸ 1 получ., пропуск 69%; пороги ролей не достигнуты"
100000004921657100,peripheral,0.831,5,0.1223,"Получил 8 тыс ₸ от 1, отдал 22 тыс ₸ 1 получ., пропуск 267%; пороги ролей не достигнуты"
100000004991812100,peripheral,0.9,23,0.1222,Получил 10 тыс ₸ от 1; пороги ролей не достигнуты
100000001270470100,peripheral,0.619,1,0.122,4-е колено (обход оборван): 2 поступл. на 28 тыс ₸ от 1; P(передаёт дальше)=0.47 — порогов ролей не достигает
100000008308418100,peripheral,0.612,1,0.1219,4-е колено (обход оборван): 1 поступл. на 50 тыс ₸ от 1; P(передаёт дальше)=0.39 — порогов ролей не достигает
100000004601193100,peripheral,0.508,1,0.1218,4-е колено (обход оборван): 3 поступл. на 84 тыс ₸ от 1; P(передаёт дальше)=0.58 — порогов ролей не достигает
100000006248077100,peripheral,0.76,5,0.1215,Получил 50 тыс ₸ от 1; пороги ролей не достигнуты
100000002729875100,peripheral,0.638,15,0.1213,4-е колено (обход оборван): 1 поступл. на 76 тыс ₸ от 1; P(передаёт дальше)=0.24 — порогов ролей не достигает
100000005233755100,peripheral,0.82,4,0.1213,"Получил 25 тыс ₸ от 1, отдал 5 тыс ₸ 1 получ., пропуск 20%; пороги ролей не достигнуты"
100000001339466100,peripheral,0.805,1,0.1211,Получил 30 тыс ₸ от 1; пороги ролей не достигнуты
100000002896506100,peripheral,0.62,9,0.1211,4-е колено (обход оборван): 1 поступл. на 45 тыс ₸ от 1; P(передаёт дальше)=0.39 — порогов ролей не достигает
100000003091142100,peripheral,0.629,1,0.1209,4-е колено (обход оборван): 1 поступл. на 40 тыс ₸ от 1; P(передаёт дальше)=0.39 — порогов ролей не достигает
100000004981068100,peripheral,0.716,1,0.1207,4-е колено (обход оборван): 1 поступл. на 10 тыс ₸ от 1; P(передаёт дальше)=0.41 — порогов ролей не достигает
100000005877725100,peripheral,0.731,12,0.1207,Получил 70 тыс ₸ от 1; пороги ролей не достигнуты
100000008686247100,peripheral,0.832,21,0.1207,"Получил 22 тыс ₸ от 1, отдал 5 тыс ₸ 1 получ., пропуск 23%; пороги ролей не достигнуты"
100000004167082100,peripheral,0.697,13,0.1205,4-е колено (обход оборван): 1 поступл. на 13 тыс ₸ от 1; P(передаёт дальше)=0.41 — порогов ролей не достигает
100000003232675100,peripheral,0.622,13,0.12,4-е колено (обход оборван): 2 поступл. на 44 тыс ₸ от 1; P(передаёт дальше)=0.39 — порогов ролей не достигает
100000000917179100,peripheral,0.705,16,0.1199,Получил 94 тыс ₸ от 1; пороги ролей не достигнуты
100000005226217100,peripheral,0.68,2,0.1197,4-е колено (обход оборван): 1 поступл. на 18 тыс ₸ от 1; P(передаёт дальше)=0.40 — порогов ролей не достигает
100000002478829100,peripheral,0.638,28,0.1186,4-е колено (обход оборван): 1 поступл. на 34 тыс ₸ от 1; P(передаёт дальше)=0.39 — порогов ролей не достигает
100000002214664100,peripheral,0.723,19,0.1185,"Получил 8 тыс ₸ от 1, отдал 77 тыс ₸ 1 получ., пропуск 968%; пороги ролей не достигнуты"
100000006679055100,peripheral,0.82,1,0.1184,Получил 25 тыс ₸ от 1; пороги ролей не достигнуты
100000002015633100,peripheral,0.704,4,0.118,Получил 95 тыс ₸ от 1; пороги ролей не достигнуты
100000003943483100,peripheral,0.9,17,0.1179,Получил 10 тыс ₸ от 1; пороги ролей не достигнуты
100000004500781100,peripheral,0.502,16,0.1179,4-е колено (обход оборван): 5 поступл. на 74 тыс ₸ от 1; P(передаёт дальше)=0.62 — порогов ролей не достигает
100000005782886100,peripheral,0.696,2,0.1178,4-е колено (обход оборван): 1 поступл. на 14 тыс ₸ от 1; P(передаёт дальше)=0.40 — порогов ролей не достигает
100000005093521100,peripheral,0.864,5,0.1177,Получил 15 тыс ₸ от 1; пороги ролей не достигнуты
100000003617552100,peripheral,0.82,26,0.1176,Получил 25 тыс ₸ от 1; пороги ролей не достигнуты
100000001737722100,peripheral,0.744,5,0.1174,Получил 60 тыс ₸ от 1; пороги ролей не достигнуты
100000003216073100,peripheral,0.731,9,0.1174,"Получил 37 тыс ₸ от 1, отдал 70 тыс ₸ 1 получ., пропуск 189%; пороги ролей не достигнуты"
100000007988344100,peripheral,0.599,1,0.1173,4-е колено (обход оборван): 3 поступл. на 20 тыс ₸ от 1; P(передаёт дальше)=0.57 — порогов ролей не достигает
100000002606567100,peripheral,0.755,1,0.1172,"Получил 14 тыс ₸ от 1, отдал 53 тыс ₸ 1 получ., пропуск 376%; пороги ролей не достигнуты"
100000004788983100,peripheral,0.653,1,0.1172,4-е колено (обход оборван): 1 поступл. на 27 тыс ₸ от 1; P(передаёт дальше)=0.39 — порогов ролей не достигает
100000006491963100,terminal,0.421,32,0.117,"4-е колено, исходящие не выгружены; модель: P(сток)=0.60; получил 16 тыс ₸ от 1"
100000007997939100,peripheral,0.7,2,0.1169,4-е колено (обход оборван): 1 поступл. на 13 тыс ₸ от 1; P(передаёт дальше)=0.40 — порогов ролей не достигает
100000006008169100,peripheral,0.731,17,0.1166,Получил 70 тыс ₸ от 1; пороги ролей не достигнуты
100000004064431100,peripheral,0.817,24,0.116,"Получил 26 тыс ₸ от 1, отдал 10 тыс ₸ 1 получ., пропуск 38%; пороги ролей не достигнуты"
100000006706519100,peripheral,0.554,1,0.116,4-е колено (обход оборван): 3 поступл. на 36 тыс ₸ от 1; P(передаёт дальше)=0.60 — порогов ролей не достигает
100000008406609100,peripheral,0.794,7,0.116,Получил 34 тыс ₸ от 1; пороги ролей не достигнуты
100000000790311100,peripheral,0.767,3,0.1157,Получил 46 тыс ₸ от 1; пороги ролей не достигнуты
100000002752565100,peripheral,0.606,1,0.1156,4-е колено (обход оборван): 1 поступл. на 57 тыс ₸ от 1; P(передаёт дальше)=0.38 — порогов ролей не достигает
100000004970752100,peripheral,0.9,1,0.1156,Получил 10 тыс ₸ от 1; пороги ролей не достигнуты
100000005619339100,peripheral,0.9,3,0.1155,"Получил 5 тыс ₸ от 1, отдал 5 тыс ₸ 1 получ., пропуск 109%; пороги ролей не достигнуты"
100000005561741100,peripheral,0.82,15,0.1152,Получил 25 тыс ₸ от 1; пороги ролей не достигнуты
100000003069463100,peripheral,0.849,27,0.1151,"Получил 12 тыс ₸ от 1, отдал 18 тыс ₸ 1 получ., пропуск 156%; пороги ролей не достигнуты"
100000007140834100,peripheral,0.898,8,0.115,Получил 10 тыс ₸ от 1; пороги ролей не достигнуты
100000002284426100,peripheral,0.709,4,0.1149,Получил 90 тыс ₸ от 1; пороги ролей не достигнуты
100000007267915100,peripheral,0.7,14,0.1146,"Получил 21 тыс ₸ от 2, отдал 10 тыс ₸ 1 получ., пропуск 48%; пороги ролей не достигнуты"
100000003904497100,peripheral,0.716,2,0.1145,4-е колено (обход оборван): 1 поступл. на 10 тыс ₸ от 1; P(передаёт дальше)=0.41 — порогов ролей не достигает
100000006490615100,peripheral,0.489,13,0.1145,4-е колено (обход оборван): 6 поступл. на 42 тыс ₸ от 1; P(передаёт дальше)=0.74 — порогов ролей не достигает
100000002952631100,peripheral,0.764,3,0.1144,Получил 48 тыс ₸ от 1; пороги ролей не достигнуты
100000008588665100,peripheral,0.657,1,0.1144,4-е колено (обход оборван): 1 поступл. на 25 тыс ₸ от 1; P(передаёт дальше)=0.40 — порогов ролей не достигает
100000002373144100,peripheral,0.767,10,0.1139,"Получил 46 тыс ₸ от 1, отдал 11 тыс ₸ 1 получ., пропуск 23%; пороги ролей не достигнуты"
100000002870937100,peripheral,0.715,6,0.1139,Получил 84 тыс ₸ от 1; пороги ролей не достигнуты
100000007960337100,peripheral,0.636,9,0.1138,4-е колено (обход оборван): 1 поступл. на 36 тыс ₸ от 1; P(передаёт дальше)=0.39 — порогов ролей не достигает
100000001251686100,peripheral,0.849,1,0.1137,Получил 18 тыс ₸ от 1; пороги ролей не достигнуты
100000001677389100,peripheral,0.892,14,0.1137,"Получил 11 тыс ₸ от 1, отдал 5 тыс ₸ 1 получ., пропуск 49%; пороги ролей не достигнуты"
100000001229743100,peripheral,0.9,1,0.1133,"Получил 7 тыс ₸ от 1, отдал 9 тыс ₸ 1 получ., пропуск 129%; пороги ролей не достигнуты"
100000001578517100,peripheral,0.805,5,0.1133,Получил 30 тыс ₸ от 1; пороги ролей не достигнуты
100000002173070100,peripheral,0.805,5,0.1133,Получил 30 тыс ₸ от 1; пороги ролей не достигнуты
100000005996909100,peripheral,0.9,3,0.113,Получил 6 тыс ₸ от 1; пороги ролей не достигнуты
100000001852140100,peripheral,0.805,45,0.1129,Получил 30 тыс ₸ от 1; пороги ролей не достигнуты
100000003247600100,peripheral,0.603,1,0.1129,4-е колено (обход оборван): 1 поступл. на 58 тыс ₸ от 1; P(передаёт дальше)=0.39 — порогов ролей не достигает
100000002613929100,peripheral,0.809,6,0.1128,Получил 29 тыс ₸ от 1; пороги ролей не достигнуты
100000008141170100,peripheral,0.892,3,0.1127,Получил 11 тыс ₸ от 1; пороги ролей не достигнуты
100000000655469100,peripheral,0.643,28,0.1126,4-е колено (обход оборван): 2 поступл. на 20 тыс ₸ от 1; P(передаёт дальше)=0.47 — порогов ролей не достигает
100000002511825100,peripheral,0.737,1,0.1125,Получил 65 тыс ₸ от 1; пороги ролей не достигнуты
100000004739664100,peripheral,0.884,12,0.1125,"Получил 12 тыс ₸ от 1, отдал 10 тыс ₸ 1 получ., пропуск 83%; пороги ролей не достигнуты"
100000000870121100,peripheral,0.884,13,0.1123,Получил 12 тыс ₸ от 1; пороги ролей не достигнуты
100000001848426100,peripheral,0.704,8,0.1123,Получил 96 тыс ₸ от 1; пороги ролей не достигнуты
100000002653948100,peripheral,0.714,4,0.1121,Получил 85 тыс ₸ от 1; пороги ролей не достигнуты
100000004673335100,peripheral,0.582,11,0.1121,4-е колено (обход оборван): 1 поступл. на 80 тыс ₸ от 1; P(передаёт дальше)=0.38 — порогов ролей не достигает
100000006161893100,peripheral,0.871,3,0.1121,Получил 14 тыс ₸ от 1; пороги ролей не достигнуты
100000008778010100,peripheral,0.57,19,0.112,4-е колено (обход оборван): 2 поступл. на 77 тыс ₸ от 1; P(передаёт дальше)=0.42 — порогов ролей не достигает
100000002028158100,peripheral,0.792,3,0.1118,Получил 35 тыс ₸ от 1; пороги ролей не достигнуты
100000003345947100,peripheral,0.575,9,0.1117,4-е колено (обход оборван): 6 поступл. на 80 тыс ₸ от 1; P(передаёт дальше)=0.40 — порогов ролей не достигает
100000001639766100,peripheral,0.84,8,0.1116,Получил 20 тыс ₸ от 1; пороги ролей не достигнуты
100000003561031100,peripheral,0.875,1,0.1116,"Получил 13 тыс ₸ от 1, отдал 5 тыс ₸ 1 получ., пропуск 38%; пороги ролей не достигнуты"
100000007731977100,peripheral,0.667,1,0.1113,4-е колено (обход оборван): 1 поступл. на 50 тыс ₸ от 1; P(передаёт дальше)=0.24 — порогов ролей не достигает
100000004066370100,peripheral,0.554,38,0.1112,4-е колено (обход оборван): 2 поступл. на 65 тыс ₸ от 1; P(передаёт дальше)=0.50 — порогов ролей не достигает
100000008524903100,peripheral,0.691,1,0.1111,4-е колено (обход оборван): 1 поступл. на 15 тыс ₸ от 1; P(передаёт дальше)=0.40 — порогов ролей не достигает
100000008629581100,peripheral,0.753,5,0.1111,Получил 54 тыс ₸ от 1; пороги ролей не достигнуты
100000008471634100,peripheral,0.672,30,0.1109,4-е колено (обход оборван): 1 поступл. на 20 тыс ₸ от 1; P(передаёт дальше)=0.40 — порогов ролей не достигает
100000004770073100,peripheral,0.9,1,0.1108,"Получил 5 тыс ₸ от 1, отдал 5 тыс ₸ 1 получ., пропуск 100%; пороги ролей не достигнуты"
100000003888197100,peripheral,0.716,4,0.1106,Получил 83 тыс ₸ от 1; пороги ролей не достигнуты
100000008349740100,peripheral,0.545,4,0.1105,4-е колено (обход оборван): 2 поступл. на 70 тыс ₸ от 1; P(передаёт дальше)=0.51 — порогов ролей не достигает
100000004260869100,peripheral,0.717,3,0.1104,4-е колено (обход оборван): 1 поступл. на 10 тыс ₸ от 1; P(передаёт дальше)=0.41 — порогов ролей не достигает
100000003567087100,peripheral,0.741,12,0.1103,Получил 62 тыс ₸ от 1; пороги ролей не достигнуты
100000003671721100,peripheral,0.9,15,0.1103,Получил 5 тыс ₸ от 1; пороги ролей не достигнуты
100000004691350100,peripheral,0.698,36,0.1103,4-е колено (обход оборван): 1 поступл. на 13 тыс ₸ от 1; P(передаёт дальше)=0.41 — порогов ролей не достигает
100000001241318100,peripheral,0.755,1,0.1102,Получил 53 тыс ₸ от 1; пороги ролей не достигнуты
100000004410489100,peripheral,0.754,1,0.1102,Получил 54 тыс ₸ от 1; пороги ролей не достигнуты
100000005326681100,peripheral,0.801,3,0.1102,Получил 31 тыс ₸ от 1; пороги ролей не достигнуты
100000002539625100,peripheral,0.705,2,0.1101,Получил 95 тыс ₸ от 1; пороги ролей не достигнуты
100000003073398100,peripheral,0.706,8,0.11,Получил 93 тыс ₸ от 1; пороги ролей не достигнуты
100000001530740100,peripheral,0.865,3,0.1099,Получил 15 тыс ₸ от 1; пороги ролей не достигнуты
100000001648936100,peripheral,0.707,8,0.1097,Получил 93 тыс ₸ от 1; пороги ролей не достигнуты
100000002842337100,peripheral,0.76,6,0.1097,Получил 50 тыс ₸ от 1; пороги ролей не достигнуты
100000004350094100,peripheral,0.672,18,0.1097,4-е колено (обход оборван): 1 поступл. на 20 тыс ₸ от 1; P(передаёт дальше)=0.40 — порогов ролей не достигает
100000005709551100,peripheral,0.822,13,0.1096,Получил 25 тыс ₸ от 1; пороги ролей не достигнуты
100000005367180100,peripheral,0.716,1,0.1095,4-е колено (обход оборван): 1 поступл. на 8 тыс ₸ от 1; P(передаёт дальше)=0.41 — порогов ролей не достигает
100000008547295100,peripheral,0.865,8,0.1093,Получил 15 тыс ₸ от 1; пороги ролей не достигнуты
100000004030553100,peripheral,0.591,9,0.109,4-е колено (обход оборван): 1 поступл. на 70 тыс ₸ от 1; P(передаёт дальше)=0.38 — порогов ролей не достигает
100000002832753100,peripheral,0.702,3,0.1087,4-е колено (обход оборван): 1 поступл. на 12 тыс ₸ от 1; P(передаёт дальше)=0.41 — порогов ролей не достигает
100000001415126100,peripheral,0.814,16,0.1084,Получил 27 тыс ₸ от 1; пороги ролей не достигнуты; seed: вход занижен
100000004261340100,peripheral,0.515,1,0.1084,4-е колено (обход оборван): 4 поступл. на 48 тыс ₸ от 1; P(передаёт дальше)=0.65 — порогов ролей не достигает
100000000611474100,peripheral,0.799,23,0.1083,Получил 32 тыс ₸ от 1; пороги ролей не достигнуты
100000002700161100,peripheral,0.63,44,0.1082,4-е колено (обход оборван): 1 поступл. на 39 тыс ₸ от 1; P(передаёт дальше)=0.39 — порогов ролей не достигает
100000005939154100,peripheral,0.832,3,0.1082,Получил 22 тыс ₸ от 1; пороги ролей не достигнуты
100000005940652100,peripheral,0.9,10,0.1073,Получил 8 тыс ₸ от 1; пороги ролей не достигнуты
100000002721825100,peripheral,0.892,1,0.1072,Получил 11 тыс ₸ от 1; пороги ролей не достигнуты
100000005203590100,peripheral,0.709,8,0.1072,Получил 90 тыс ₸ от 1; пороги ролей не достигнуты
100000003646145100,peripheral,0.711,8,0.1071,4-е колено (обход оборван): 1 поступл. на 5 тыс ₸ от 1; P(передаёт дальше)=0.42 — порогов ролей не достигает
100000008027922100,peripheral,0.591,23,0.1069,4-е колено (обход оборван): 1 поступл. на 70 тыс ₸ от 1; P(передаёт дальше)=0.38 — порогов ролей не достигает
100000004185681100,peripheral,0.9,20,0.1067,Получил 10 тыс ₸ от 1; пороги ролей не достигнуты
100000000971908100,peripheral,0.71,8,0.1063,Получил 89 тыс ₸ от 1; пороги ролей не достигнуты
100000007861311100,peripheral,0.769,6,0.1062,Получил 45 тыс ₸ от 1; пороги ролей не достигнуты
100000008701256100,peripheral,0.747,20,0.1062,Получил 58 тыс ₸ от 1; пороги ролей не достигнуты
100000005010159100,peripheral,0.715,9,0.1061,4-е колено (обход оборван): 1 поступл. на 7 тыс ₸ от 1; P(передаёт дальше)=0.41 — порогов ролей не достигает
100000006844004100,peripheral,0.837,1,0.1061,Получил 21 тыс ₸ от 1; пороги ролей не достигнуты
100000000912487100,peripheral,0.9,1,0.106,Получил 10 тыс ₸ от 1; пороги ролей не достигнуты
100000006656003100,peripheral,0.84,12,0.106,"Получил 20 тыс ₸ от 1, отдал 9 тыс ₸ 1 получ., пропуск 45%; пороги ролей не достигнуты"
100000002459164100,peripheral,0.84,14,0.1059,Получил 20 тыс ₸ от 1; пороги ролей не достигнуты
100000005756535100,peripheral,0.84,12,0.1059,Получил 20 тыс ₸ от 1; пороги ролей не достигнуты
100000002621915100,peripheral,0.9,3,0.1056,Получил 5 тыс ₸ от 1; пороги ролей не достигнуты
100000002974256100,peripheral,0.9,17,0.1056,Получил 7 тыс ₸ от 1; пороги ролей не достигнуты
100000002540033100,peripheral,0.718,2,0.1055,4-е колено (обход оборван): 1 поступл. на 10 тыс ₸ от 1; P(передаёт дальше)=0.40 — порогов ролей не достигает
100000005910895100,peripheral,0.714,7,0.1054,4-е колено (обход оборван): 1 поступл. на 5 тыс ₸ от 1; P(передаёт дальше)=0.41 — порогов ролей не достигает
100000001835625100,peripheral,0.725,4,0.1051,Получил 75 тыс ₸ от 1; пороги ролей не достигнуты
100000008677215100,peripheral,0.9,23,0.1051,Получил 9 тыс ₸ от 1; пороги ролей не достигнуты
100000003786516100,peripheral,0.782,1,0.105,4-е колено (обход оборван): 1 поступл. на 5 тыс ₸ от 1; P(передаёт дальше)=0.26 — порогов ролей не достигает
100000002459163100,peripheral,0.839,39,0.1049,Получил 20 тыс ₸ от 1; пороги ролей не достигнуты
100000002481735100,peripheral,0.83,3,0.1049,Получил 22 тыс ₸ от 1; пороги ролей не достигнуты
100000000979567100,peripheral,0.9,12,0.1048,Получил 10 тыс ₸ от 1; пороги ролей не достигнуты
100000004400361100,peripheral,0.9,5,0.1047,Получил 10 тыс ₸ от 1; пороги ролей не достигнуты
100000007347733100,peripheral,0.828,46,0.1047,Получил 23 тыс ₸ от 1; пороги ролей не достигнуты
100000005082652100,peripheral,0.805,6,0.1046,Получил 30 тыс ₸ от 1; пороги ролей не достигнуты
100000008583971100,peripheral,0.504,10,0.1046,4-е колено (обход оборван): 2 поступл. на 51 тыс ₸ от 2; P(передаёт дальше)=0.56 — порогов ролей не достигает
100000005142589100,peripheral,0.76,1,0.104,Получил 50 тыс ₸ от 1; пороги ролей не достигнуты
100000007737775100,peripheral,0.9,7,0.104,Получил 6 тыс ₸ от 1; пороги ролей не достигнуты
100000008028628100,peripheral,0.748,12,0.1039,Получил 57 тыс ₸ от 1; пороги ролей не достигнуты
100000000572276100,peripheral,0.792,19,0.1038,"Получил 13 тыс ₸ от 1, отдал 35 тыс ₸ 1 получ., пропуск 264%; пороги ролей не достигнуты"
100000002242066100,peripheral,0.6,14,0.1037,4-е колено (обход оборван): 1 поступл. на 60 тыс ₸ от 1; P(передаёт дальше)=0.39 — порогов ролей не достигает
100000005636951100,peripheral,0.627,8,0.1036,4-е колено (обход оборван): 1 поступл. на 40 тыс ₸ от 1; P(передаёт дальше)=0.39 — порогов ролей не достигает
100000003146511100,peripheral,0.716,13,0.1035,4-е колено (обход оборван): 1 поступл. на 10 тыс ₸ от 1; P(передаёт дальше)=0.41 — порогов ролей не достигает
100000002945031100,peripheral,0.865,13,0.1031,Получил 15 тыс ₸ от 1; пороги ролей не достигнуты
100000003838587100,peripheral,0.714,16,0.1031,4-е колено (обход оборван): 1 поступл. на 6 тыс ₸ от 1; P(передаёт дальше)=0.41 — порогов ролей не достигает
100000004291663100,peripheral,0.719,1,0.103,4-е колено (обход оборван): 1 поступл. на 25 тыс ₸ от 1; P(передаёт дальше)=0.25 — порогов ролей не достигает
100000005055454100,peripheral,0.9,26,0.103,Получил 6 тыс ₸ от 1; пороги ролей не достигнуты
100000002994441100,peripheral,0.712,1,0.1029,4-е колено (обход оборван): 1 поступл. на 5 тыс ₸ от 1; P(передаёт дальше)=0.42 — порогов ролей не достигает
100000004265639100,peripheral,0.718,1,0.1029,4-е колено (обход оборван): 1 поступл. на 10 тыс ₸ от 1; P(передаёт дальше)=0.40 — порогов ролей не достигает
100000004569637100,peripheral,0.714,1,0.1029,4-е колено (обход оборван): 1 поступл. на 6 тыс ₸ от 1; P(передаёт дальше)=0.41 — порогов ролей не достигает
100000006735545100,peripheral,0.712,1,0.1028,4-е колено (обход оборван): 1 поступл. на 5 тыс ₸ от 1; P(передаёт дальше)=0.42 — порогов ролей не достигает
100000002845605100,peripheral,0.748,1,0.1027,Получил 58 тыс ₸ от 1; пороги ролей не достигнуты
100000004596284100,peripheral,0.646,3,0.1027,4-е колено (обход оборван): 1 поступл. на 30 тыс ₸ от 1; P(передаёт дальше)=0.39 — порогов ролей не достигает
100000002748511100,peripheral,0.673,3,0.1026,4-е колено (обход оборван): 1 поступл. на 20 тыс ₸ от 1; P(передаёт дальше)=0.40 — порогов ролей не достигает
100000002597074100,peripheral,0.716,1,0.1025,4-е колено (обход оборван): 1 поступл. на 8 тыс ₸ от 1; P(передаёт дальше)=0.41 — порогов ролей не достигает
100000003219438100,peripheral,0.799,22,0.1024,Получил 32 тыс ₸ от 1; пороги ролей не достигнуты
100000000470237100,peripheral,0.642,22,0.1023,4-е колено (обход оборван): 1 поступл. на 32 тыс ₸ от 1; P(передаёт дальше)=0.39 — порогов ролей не достигает
100000001202637100,peripheral,0.716,15,0.1023,4-е колено (обход оборван): 1 поступл. на 10 тыс ₸ от 1; P(передаёт дальше)=0.41 — порогов ролей не достигает
100000003289281100,peripheral,0.629,10,0.1023,4-е колено (обход оборван): 1 поступл. на 40 тыс ₸ от 1; P(передаёт дальше)=0.39 — порогов ролей не достигает
100000000942301100,peripheral,0.748,1,0.1022,Получил 58 тыс ₸ от 1; пороги ролей не достигнуты
100000001256409100,peripheral,0.717,9,0.102,4-е колено (обход оборван): 1 поступл. на 8 тыс ₸ от 1; P(передаёт дальше)=0.41 — порогов ролей не достигает
100000001429930100,peripheral,0.817,13,0.1019,Получил 26 тыс ₸ от 1; пороги ролей не достигнуты; seed: вход занижен
100000003610172100,peripheral,0.731,4,0.1017,Получил 70 тыс ₸ от 1; пороги ролей не достигнуты
100000008745489100,peripheral,0.751,12,0.1017,Получил 56 тыс ₸ от 1; пороги ролей не достигнуты
100000007930878100,peripheral,0.9,33,0.1016,Получил 5 тыс ₸ от 1; пороги ролей не достигнуты
100000008422226100,peripheral,0.712,1,0.1016,Получил 87 тыс ₸ от 1; пороги ролей не достигнуты
100000000404740100,peripheral,0.659,30,0.1015,4-е колено (обход оборван): 1 поступл. на 25 тыс ₸ от 1; P(передаёт дальше)=0.39 — порогов ролей не достигает
100000003962994100,peripheral,0.9,41,0.1015,Получил 10 тыс ₸ от 1; пороги ролей не достигнуты
100000004655046100,peripheral,0.662,15,0.1015,4-е колено (обход оборван): 1 поступл. на 24 тыс ₸ от 1; P(передаёт дальше)=0.39 — порогов ролей не достигает
100000005370580100,peripheral,0.824,13,0.1014,Получил 24 тыс ₸ от 1; пороги ролей не достигнуты; seed: вход занижен
100000000850297100,peripheral,0.851,15,0.1013,"Получил 18 тыс ₸ от 1, отдал 18 тыс ₸ 1 получ., пропуск 100%; пороги ролей не достигнуты"
100000004848236100,peripheral,0.716,1,0.1013,4-е колено (обход оборван): 1 поступл. на 8 тыс ₸ от 1; P(передаёт дальше)=0.41 — порогов ролей не достигает
100000001138376100,peripheral,0.863,3,0.1012,Получил 15 тыс ₸ от 1; пороги ролей не достигнуты
100000006381453100,peripheral,0.619,2,0.1011,4-е колено (обход оборван): 1 поступл. на 45 тыс ₸ от 1; P(передаёт дальше)=0.39 — порогов ролей не достигает
100000002258492100,peripheral,0.715,7,0.101,4-е колено (обход оборван): 1 поступл. на 9 тыс ₸ от 1; P(передаёт дальше)=0.41 — порогов ролей не достигает
100000001696818100,peripheral,0.754,5,0.1009,Получил 54 тыс ₸ от 1; пороги ролей не достигнуты
100000004222274100,peripheral,0.69,1,0.1007,4-е колено (обход оборван): 1 поступл. на 16 тыс ₸ от 1; P(передаёт дальше)=0.40 — порогов ролей не достигает
100000008289539100,peripheral,0.865,3,0.1007,Получил 15 тыс ₸ от 1; пороги ролей не достигнуты
100000008736760100,peripheral,0.752,12,0.1006,Получил 55 тыс ₸ от 1; пороги ролей не достигнуты
100000002723439100,peripheral,0.645,7,0.1004,4-е колено (обход оборван): 2 поступл. на 18 тыс ₸ от 1; P(передаёт дальше)=0.48 — порогов ролей не достигает
100000005849862100,peripheral,0.666,18,0.1004,4-е колено (обход оборван): 2 поступл. на 13 тыс ₸ от 1; P(передаёт дальше)=0.48 — порогов ролей не достигает
100000008461217100,peripheral,0.68,44,0.1004,4-е колено (обход оборван): 1 поступл. на 18 тыс ₸ от 1; P(передаёт дальше)=0.40 — порогов ролей не достигает
100000000500040100,peripheral,0.735,1,0.1002,4-е колено (обход оборван): 1 поступл. на 20 тыс ₸ от 1; P(передаёт дальше)=0.25 — порогов ролей не достигает
100000001690439100,peripheral,0.87,1,0.1001,Получил 14 тыс ₸ от 1; пороги ролей не достигнуты
100000008116374100,peripheral,0.801,3,0.1001,Получил 31 тыс ₸ от 1; пороги ролей не достигнуты
100000008327791100,peripheral,0.712,14,0.1001,4-е колено (обход оборван): 1 поступл. на 11 тыс ₸ от 1; P(передаёт дальше)=0.40 — порогов ролей не достигает
100000002983426100,peripheral,0.71,15,0.1,Получил 89 тыс ₸ от 1; пороги ролей не достигнуты
100000004797167100,peripheral,0.644,9,0.1,4-е колено (обход оборван): 1 поступл. на 31 тыс ₸ от 1; P(передаёт дальше)=0.39 — порогов ролей не достигает
100000004433250100,peripheral,0.716,1,0.0999,4-е колено (обход оборван): 1 поступл. на 8 тыс ₸ от 1; P(передаёт дальше)=0.41 — порогов ролей не достигает
100000005363908100,peripheral,0.842,37,0.0998,"Получил 20 тыс ₸ от 1, отдал 20 тыс ₸ 1 получ., пропуск 100%; пороги ролей не достигнуты"
100000000634341100,peripheral,0.623,10,0.0997,4-е колено (обход оборван): 2 поступл. на 24 тыс ₸ от 1; P(передаёт дальше)=0.49 — порогов ролей не достигает
100000000704700100,peripheral,0.718,24,0.0995,4-е колено (обход оборван): 1 поступл. на 10 тыс ₸ от 1; P(передаёт дальше)=0.41 — порогов ролей не достигает
100000003650146100,peripheral,0.868,3,0.0995,Получил 14 тыс ₸ от 1; пороги ролей не достигнуты
100000003927792100,peripheral,0.877,3,0.0995,Получил 13 тыс ₸ от 1; пороги ролей не достигнуты
100000002320495100,peripheral,0.697,4,0.0994,4-е колено (обход оборван): 1 поступл. на 14 тыс ₸ от 1; P(передаёт дальше)=0.40 — порогов ролей не достигает
100000002818726100,peripheral,0.893,13,0.0994,Получил 11 тыс ₸ от 1; пороги ролей не достигнуты
100000008649416100,peripheral,0.712,4,0.0994,4-е колено (обход оборван): 1 поступл. на 5 тыс ₸ от 1; P(передаёт дальше)=0.42 — порогов ролей не достигает
100000001684867100,peripheral,0.803,3,0.0993,Получил 31 тыс ₸ от 1; пороги ролей не достигнуты
100000004013952100,peripheral,0.714,10,0.0993,4-е колено (обход оборван): 1 поступл. на 6 тыс ₸ от 1; P(передаёт дальше)=0.41 — порогов ролей не достигает
100000008717375100,peripheral,0.806,5,0.0993,Получил 30 тыс ₸ от 1; пороги ролей не достигнуты
100000008677368100,peripheral,0.698,18,0.0991,4-е колено (обход оборван): 1 поступл. на 14 тыс ₸ от 1; P(передаёт дальше)=0.40 — порогов ролей не достигает
100000002613776100,peripheral,0.805,1,0.099,Получил 30 тыс ₸ от 1; пороги ролей не достигнуты
100000002742067100,peripheral,0.879,3,0.099,Получил 13 тыс ₸ от 1; пороги ролей не достигнуты
100000006693788100,peripheral,0.712,10,0.0989,4-е колено (обход оборван): 1 поступл. на 11 тыс ₸ от 1; P(передаёт дальше)=0.41 — порогов ролей не достигает
100000004687282100,peripheral,0.84,3,0.0988,Получил 20 тыс ₸ от 1; пороги ролей не достигнуты
100000007539296100,peripheral,0.589,4,0.0988,4-е колено (обход оборван): 2 поступл. на 46 тыс ₸ от 1; P(передаёт дальше)=0.46 — порогов ролей не достигает
100000007510567100,peripheral,0.665,15,0.0987,4-е колено (обход оборван): 1 поступл. на 52 тыс ₸ от 1; P(передаёт дальше)=0.24 — порогов ролей не достигает
100000008757301100,peripheral,0.534,10,0.0986,4-е колено (обход оборван): 3 поступл. на 58 тыс ₸ от 1; P(передаёт дальше)=0.57 — порогов ролей не достигает
100000003481025100,peripheral,0.715,1,0.0985,4-е колено (обход оборван): 1 поступл. на 9 тыс ₸ от 1; P(передаёт дальше)=0.41 — порогов ролей не достигает
100000008255655100,peripheral,0.712,14,0.0985,4-е колено (обход оборван): 1 поступл. на 5 тыс ₸ от 1; P(передаёт дальше)=0.42 — порогов ролей не достигает
100000002864680100,peripheral,0.75,17,0.0984,Получил 56 тыс ₸ от 1; пороги ролей не достигнуты
100000002566204100,peripheral,0.719,15,0.0983,Получил 81 тыс ₸ от 1; пороги ролей не достигнуты
100000003626268100,peripheral,0.712,1,0.0983,4-е колено (обход оборван): 1 поступл. на 5 тыс ₸ от 1; P(передаёт дальше)=0.42 — порогов ролей не достигает
100000000608031100,peripheral,0.647,14,0.0981,4-е колено (обход оборван): 1 поступл. на 30 тыс ₸ от 1; P(передаёт дальше)=0.39 — порогов ролей не достигает
100000004379306100,peripheral,0.691,1,0.0981,4-е колено (обход оборван): 1 поступл. на 15 тыс ₸ от 1; P(передаёт дальше)=0.40 — порогов ролей не достигает
100000006257675100,peripheral,0.591,28,0.0981,4-е колено (обход оборван): 2 поступл. на 70 тыс ₸ от 1; P(передаёт дальше)=0.38 — порогов ролей не достигает
100000007811950100,peripheral,0.614,30,0.0981,4-е колено (обход оборван): 1 поступл. на 50 тыс ₸ от 1; P(передаёт дальше)=0.38 — порогов ролей не достигает
100000005293969100,peripheral,0.712,1,0.098,4-е колено (обход оборван): 1 поступл. на 5 тыс ₸ от 1; P(передаёт дальше)=0.42 — порогов ролей не достигает
100000008746673100,peripheral,0.755,12,0.098,Получил 53 тыс ₸ от 1; пороги ролей не достигнуты
100000008459449100,peripheral,0.754,1,0.0978,Получил 54 тыс ₸ от 1; пороги ролей не достигнуты
100000002861485100,peripheral,0.807,3,0.0977,Получил 29 тыс ₸ от 1; пороги ролей не достигнуты
100000005127767100,peripheral,0.9,41,0.0977,Получил 7 тыс ₸ от 1; пороги ролей не достигнуты
100000008321975100,peripheral,0.713,28,0.0974,4-е колено (обход оборван): 1 поступл. на 6 тыс ₸ от 1; P(передаёт дальше)=0.41 — порогов ролей не достигает
100000001046057100,peripheral,0.716,13,0.0972,Получил 83 тыс ₸ от 1; пороги ролей не достигнуты
100000002514975100,peripheral,0.68,27,0.0972,4-е колено (обход оборван): 1 поступл. на 18 тыс ₸ от 1; P(передаёт дальше)=0.40 — порогов ролей не достигает
100000002926970100,peripheral,0.714,15,0.0972,Получил 85 тыс ₸ от 1; пороги ролей не достигнуты
100000007289427100,peripheral,0.882,5,0.097,Получил 12 тыс ₸ от 1; пороги ролей не достигнуты
100000005685783100,peripheral,0.656,19,0.0969,4-е колено (обход оборван): 1 поступл. на 26 тыс ₸ от 1; P(передаёт дальше)=0.39 — порогов ролей не достигает
100000004841728100,peripheral,0.756,12,0.0966,Получил 52 тыс ₸ от 1; пороги ролей не достигнуты
100000002516862100,peripheral,0.487,47,0.0964,4-е колено (обход оборван): 5 поступл. на 82 тыс ₸ от 1; P(передаёт дальше)=0.64 — порогов ролей не достигает
100000004192107100,peripheral,0.82,5,0.0964,Получил 25 тыс ₸ от 1; пороги ролей не достигнуты
100000005030592100,peripheral,0.9,3,0.0963,Получил 10 тыс ₸ от 1; пороги ролей не достигнуты
100000008733049100,peripheral,0.9,3,0.0963,Получил 10 тыс ₸ от 1; пороги ролей не достигнуты
100000002689717100,peripheral,0.673,15,0.0962,4-е колено (обход оборван): 1 поступл. на 48 тыс ₸ от 1; P(передаёт дальше)=0.24 — порогов ролей не достигает
100000007641183100,peripheral,0.811,3,0.096,Получил 28 тыс ₸ от 1; пороги ролей не достигнуты
100000006903193100,peripheral,0.715,1,0.0959,4-е колено (обход оборван): 1 поступл. на 9 тыс ₸ от 1; P(передаёт дальше)=0.41 — порогов ролей не достигает
100000008628818100,peripheral,0.675,15,0.0956,4-е колено (обход оборван): 1 поступл. на 46 тыс ₸ от 1; P(передаёт дальше)=0.24 — порогов ролей не достигает
100000008745676100,peripheral,0.638,19,0.0952,4-е колено (обход оборван): 1 поступл. на 35 тыс ₸ от 1; P(передаёт дальше)=0.39 — порогов ролей не достигает
100000008251939100,peripheral,0.677,15,0.095,4-е колено (обход оборван): 1 поступл. на 44 тыс ₸ от 1; P(передаёт дальше)=0.24 — порогов ролей не достигает
100000003486846100,peripheral,0.612,3,0.0948,4-е колено (обход оборван): 2 поступл. на 27 тыс ₸ от 1; P(передаёт дальше)=0.50 — порогов ролей не достигает
100000008686214100,peripheral,0.82,1,0.0946,Получил 25 тыс ₸ от 1; пороги ролей не достигнуты
100000008672603100,peripheral,0.835,5,0.0945,Получил 21 тыс ₸ от 1; пороги ролей не достигнуты
100000008727982100,peripheral,0.641,2,0.094,4-е колено (обход оборван): 2 поступл. на 30 тыс ₸ от 1; P(передаёт дальше)=0.41 — порогов ролей не достигает
100000004890713100,peripheral,0.683,15,0.0937,4-е колено (обход оборван): 1 поступл. на 40 тыс ₸ от 1; P(передаёт дальше)=0.24 — порогов ролей не достигает
100000001860090100,peripheral,0.9,8,0.0936,Получил 5 тыс ₸ от 1; пороги ролей не достигнуты
100000000481716100,peripheral,0.9,16,0.0935,Получил 8 тыс ₸ от 1; пороги ролей не достигнуты
100000002653187100,peripheral,0.692,17,0.0935,4-е колено (обход оборван): 1 поступл. на 15 тыс ₸ от 1; P(передаёт дальше)=0.40 — порогов ролей не достигает
100000005669845100,peripheral,0.84,26,0.0935,Получил 20 тыс ₸ от 1; пороги ролей не достигнуты
100000007020162100,peripheral,0.713,16,0.0934,Получил 86 тыс ₸ от 1; пороги ролей не достигнуты
100000004741837100,peripheral,0.818,3,0.0933,Получил 26 тыс ₸ от 1; пороги ролей не достигнуты
100000000299820100,peripheral,0.716,1,0.0932,4-е колено (обход оборван): 1 поступл. на 10 тыс ₸ от 1; P(передаёт дальше)=0.41 — порогов ролей не достигает
100000004400480100,peripheral,0.667,11,0.0932,4-е колено (обход оборван): 1 поступл. на 22 тыс ₸ от 1; P(передаёт дальше)=0.40 — порогов ролей не достигает
100000004687099100,peripheral,0.805,6,0.0932,Получил 30 тыс ₸ от 1; пороги ролей не достигнуты
100000002534091100,peripheral,0.831,1,0.0931,Получил 22 тыс ₸ от 1; пороги ролей не достигнуты
100000008782421100,peripheral,0.761,12,0.0929,Получил 50 тыс ₸ от 1; пороги ролей не достигнуты
100000002188586100,peripheral,0.688,15,0.0927,4-е колено (обход оборван): 1 поступл. на 38 тыс ₸ от 1; P(передаёт дальше)=0.24 — порогов ролей не достигает
100000002217806100,peripheral,0.558,41,0.0923,4-е колено (обход оборван): 2 поступл. на 55 тыс ₸ от 1; P(передаёт дальше)=0.52 — порогов ролей не достигает
100000005754335100,peripheral,0.771,20,0.0921,Получил 44 тыс ₸ от 1; пороги ролей не достигнуты
100000005087923100,peripheral,0.673,8,0.092,4-е колено (обход оборван): 1 поступл. на 20 тыс ₸ от 1; P(передаёт дальше)=0.40 — порогов ролей не достигает
100000004674412100,peripheral,0.62,1,0.0919,4-е колено (обход оборван): 1 поступл. на 46 тыс ₸ от 1; P(передаёт дальше)=0.38 — порогов ролей не достигает
100000007381662100,peripheral,0.778,1,0.0919,4-е колено (обход оборван): 1 поступл. на 11 тыс ₸ от 1; P(передаёт дальше)=0.25 — порогов ролей не достигает
100000008297199100,peripheral,0.775,1,0.0914,Получил 42 тыс ₸ от 1; пороги ролей не достигнуты
100000001550388100,peripheral,0.76,1,0.0913,Получил 50 тыс ₸ от 1; пороги ролей не достигнуты
100000006687202100,peripheral,0.76,1,0.0913,Получил 50 тыс ₸ от 1; пороги ролей не достигнуты
100000008130868100,peripheral,0.663,11,0.0913,4-е колено (обход оборван): 1 поступл. на 23 тыс ₸ от 1; P(передаёт дальше)=0.40 — порогов ролей не достигает
100000006048193100,peripheral,0.776,1,0.0912,Получил 42 тыс ₸ от 1; пороги ролей не достигнуты
100000005961971100,peripheral,0.765,12,0.0911,Получил 47 тыс ₸ от 1; пороги ролей не достигнуты
100000008749618100,peripheral,0.765,12,0.0909,Получил 47 тыс ₸ от 1; пороги ролей не достигнуты
100000003900547100,peripheral,0.825,3,0.0908,Получил 24 тыс ₸ от 1; пороги ролей не достигнуты
100000008304115100,peripheral,0.758,17,0.0908,Получил 51 тыс ₸ от 1; пороги ролей не достигнуты
100000008745725100,peripheral,0.765,12,0.0908,Получил 47 тыс ₸ от 1; пороги ролей не достигнуты
100000008768896100,peripheral,0.765,12,0.0908,Получил 47 тыс ₸ от 1; пороги ролей не достигнуты
100000008383405100,peripheral,0.82,21,0.0905,Получил 25 тыс ₸ от 1; пороги ролей не достигнуты
100000008767065100,peripheral,0.9,2,0.0904,Получил 10 тыс ₸ от 1; пороги ролей не достигнуты
100000002737980100,peripheral,0.797,3,0.0903,Получил 33 тыс ₸ от 1; пороги ролей не достигнуты
100000008525136100,peripheral,0.759,1,0.0902,4-е колено (обход оборван): 1 поступл. на 14 тыс ₸ от 1; P(передаёт дальше)=0.26 — порогов ролей не достигает
100000003060187100,peripheral,0.706,18,0.0901,Получил 93 тыс ₸ от 1; пороги ролей не достигнуты
100000006126743100,peripheral,0.752,4,0.0901,Получил 55 тыс ₸ от 1; пороги ролей не достигнуты
100000007510875100,peripheral,0.9,6,0.09,Получил 5 тыс ₸ от 1; пороги ролей не достигнуты
100000002702968100,peripheral,0.701,15,0.0899,4-е колено (обход оборван): 1 поступл. на 32 тыс ₸ от 1; P(передаёт дальше)=0.25 — порогов ролей не достигает
100000005931985100,peripheral,0.724,11,0.0899,Получил 76 тыс ₸ от 1; пороги ролей не достигнуты
100000006416061100,peripheral,0.647,14,0.0899,4-е колено (обход оборван): 1 поступл. на 30 тыс ₸ от 1; P(передаёт дальше)=0.39 — порогов ролей не достигает
100000002807334100,peripheral,0.752,4,0.0898,Получил 55 тыс ₸ от 1; пороги ролей не достигнуты
100000007867364100,peripheral,0.624,18,0.0898,4-е колено (обход оборван): 1 поступл. на 42 тыс ₸ от 1; P(передаёт дальше)=0.39 — порогов ролей не достигает
100000001598625100,peripheral,0.658,1,0.0897,4-е колено (обход оборван): 1 поступл. на 25 тыс ₸ от 1; P(передаёт дальше)=0.40 — порогов ролей не достигает
100000002369454100,peripheral,0.658,1,0.0897,4-е колено (обход оборван): 1 поступл. на 25 тыс ₸ от 1; P(передаёт дальше)=0.40 — порогов ролей не достигает
100000002488629100,peripheral,0.727,8,0.0897,Получил 73 тыс ₸ от 1; пороги ролей не достигнуты
100000002660298100,peripheral,0.704,15,0.0897,4-е колено (обход оборван): 1 поступл. на 31 тыс ₸ от 1; P(передаёт дальше)=0.25 — порогов ролей не достигает
100000007173936100,peripheral,0.9,11,0.0897,Получил 10 тыс ₸ от 1; пороги ролей не достигнуты
100000000955444100,peripheral,0.9,33,0.0896,Получил 7 тыс ₸ от 1; пороги ролей не достигнуты
100000001065481100,peripheral,0.647,13,0.0896,4-е колено (обход оборван): 2 поступл. на 16 тыс ₸ от 1; P(передаёт дальше)=0.49 — порогов ролей не достигает
100000002750956100,peripheral,0.765,1,0.0893,Получил 47 тыс ₸ от 1; пороги ролей не достигнуты
100000002844652100,peripheral,0.742,6,0.0893,Получил 61 тыс ₸ от 1; пороги ролей не достигнуты
100000004549591100,peripheral,0.615,41,0.0893,4-е колено (обход оборван): 1 поступл. на 49 тыс ₸ от 1; P(передаёт дальше)=0.39 — порогов ролей не достигает
100000007749747100,peripheral,0.613,2,0.0892,4-е колено (обход оборван): 1 поступл. на 50 тыс ₸ от 1; P(передаёт дальше)=0.39 — порогов ролей не достигает
100000003040087100,peripheral,0.708,15,0.0889,4-е колено (обход оборван): 1 поступл. на 29 тыс ₸ от 1; P(передаёт дальше)=0.25 — порогов ролей не достигает
100000008071620100,peripheral,0.766,1,0.0889,Получил 47 тыс ₸ от 1; пороги ролей не достигнуты
100000000978041100,peripheral,0.77,12,0.0888,Получил 44 тыс ₸ от 1; пороги ролей не достигнуты
100000003888527100,peripheral,0.805,20,0.0888,Получил 30 тыс ₸ от 1; пороги ролей не достигнуты
100000004254434100,peripheral,0.77,12,0.0888,Получил 44 тыс ₸ от 1; пороги ролей не достигнуты
100000008744849100,peripheral,0.77,12,0.0888,Получил 44 тыс ₸ от 1; пороги ролей не достигнуты
100000002835874100,peripheral,0.657,2,0.0885,4-е колено (обход оборван): 1 поступл. на 59 тыс ₸ от 1; P(передаёт дальше)=0.24 — порогов ролей не достигает
100000003010908100,peripheral,0.683,15,0.0884,4-е колено (обход оборван): 1 поступл. на 17 тыс ₸ от 1; P(передаёт дальше)=0.40 — порогов ролей не достигает
100000006787636100,peripheral,0.84,3,0.0884,Получил 20 тыс ₸ от 1; пороги ролей не достигнуты
100000002506987100,peripheral,0.709,15,0.0883,4-е колено (обход оборван): 1 поступл. на 28 тыс ₸ от 1; P(передаёт дальше)=0.25 — порогов ролей не достигает
100000003133045100,peripheral,0.593,13,0.0883,4-е колено (обход оборван): 1 поступл. на 68 тыс ₸ от 1; P(передаёт дальше)=0.38 — порогов ролей не достигает
100000008767027100,peripheral,0.9,2,0.0883,Получил 5 тыс ₸ от 1; пороги ролей не достигнуты
100000002981489100,peripheral,0.716,4,0.088,4-е колено (обход оборван): 1 поступл. на 10 тыс ₸ от 1; P(передаёт дальше)=0.41 — порогов ролей не достигает
100000008782800100,peripheral,0.773,12,0.088,Получил 43 тыс ₸ от 1; пороги ролей не достигнуты
100000008661585100,peripheral,0.773,12,0.0877,Получил 43 тыс ₸ от 1; пороги ролей не достигнуты
100000002227989100,peripheral,0.673,28,0.0875,4-е колено (обход оборван): 1 поступл. на 20 тыс ₸ от 1; P(передаёт дальше)=0.40 — порогов ролей не достигает
100000002952756100,peripheral,0.766,11,0.0875,Получил 47 тыс ₸ от 1; пороги ролей не достигнуты
100000003950749100,peripheral,0.716,3,0.0875,4-е колено (обход оборван): 1 поступл. на 7 тыс ₸ от 1; P(передаёт дальше)=0.41 — порогов ролей не достигает
100000004747154100,peripheral,0.593,13,0.0875,4-е колено (обход оборван): 1 поступл. на 67 тыс ₸ от 1; P(передаёт дальше)=0.39 — порогов ролей не достигает
100000008776298100,peripheral,0.774,12,0.0875,Получил 43 тыс ₸ от 1; пороги ролей не достигнуты
100000004979264100,peripheral,0.629,2,0.0874,4-е колено (обход оборван): 1 поступл. на 40 тыс ₸ от 1; P(передаёт дальше)=0.39 — порогов ролей не достигает
100000002757791100,peripheral,0.727,2,0.0869,Получил 73 тыс ₸ от 1; пороги ролей не достигнуты
100000002744581100,peripheral,0.884,6,0.0868,Получил 12 тыс ₸ от 1; пороги ролей не достигнуты
100000008071749100,peripheral,0.719,15,0.0868,4-е колено (обход оборван): 1 поступл. на 25 тыс ₸ от 1; P(передаёт дальше)=0.25 — порогов ролей не достигает
100000002990675100,peripheral,0.758,4,0.0867,Получил 51 тыс ₸ от 1; пороги ролей не достигнуты
100000002567887100,peripheral,0.759,4,0.0864,Получил 51 тыс ₸ от 1; пороги ролей не достигнуты
100000004911971100,peripheral,0.586,4,0.0863,4-е колено (обход оборван): 3 поступл. на 35 тыс ₸ от 1; P(передаёт дальше)=0.52 — порогов ролей не достигает
100000008717340100,peripheral,0.776,12,0.0863,Получил 42 тыс ₸ от 1; пороги ролей не достигнуты
100000007597382100,peripheral,0.861,4,0.0862,Получил 16 тыс ₸ от 1; пороги ролей не достигнуты
100000008729597100,peripheral,0.716,1,0.0862,Получил 83 тыс ₸ от 1; пороги ролей не достигнуты
100000003047800100,peripheral,0.703,11,0.086,4-е колено (обход оборван): 1 поступл. на 12 тыс ₸ от 1; P(передаёт дальше)=0.41 — порогов ролей не достигает
100000003814002100,peripheral,0.805,4,0.0857,Получил 30 тыс ₸ от 1; пороги ролей не достигнуты
100000004403548100,peripheral,0.711,1,0.0856,4-е колено (обход оборван): 1 поступл. на 5 тыс ₸ от 1; P(передаёт дальше)=0.42 — порогов ролей не достигает
100000004635886100,peripheral,0.828,3,0.0856,Получил 23 тыс ₸ от 1; пороги ролей не достигнуты
100000007863304100,peripheral,0.82,4,0.0856,Получил 25 тыс ₸ от 1; пороги ролей не достигнуты
100000008576528100,peripheral,0.811,4,0.0856,Получил 28 тыс ₸ от 1; пороги ролей не достигнуты
100000008745474100,peripheral,0.778,12,0.0856,Получил 41 тыс ₸ от 1; пороги ролей не достигнуты
100000000878006100,peripheral,0.766,4,0.0855,Получил 47 тыс ₸ от 1; пороги ролей не достигнуты
100000003293377100,peripheral,0.76,4,0.0855,Получил 50 тыс ₸ от 1; пороги ролей не достигнуты
100000002182176100,peripheral,0.774,1,0.0853,Получил 42 тыс ₸ от 1; пороги ролей не достигнуты
100000004158362100,peripheral,0.884,1,0.0852,Получил 12 тыс ₸ от 1; пороги ролей не достигнуты
100000006369769100,peripheral,0.78,12,0.0851,Получил 40 тыс ₸ от 1; пороги ролей не достигнуты
100000002231144100,peripheral,0.692,28,0.0848,4-е колено (обход оборван): 1 поступл. на 15 тыс ₸ от 1; P(передаёт дальше)=0.40 — порогов ролей не достигает
100000004377043100,peripheral,0.714,22,0.0848,4-е колено (обход оборван): 1 поступл. на 6 тыс ₸ от 1; P(передаёт дальше)=0.41 — порогов ролей не достигает
100000004571634100,peripheral,0.673,1,0.0848,4-е колено (обход оборван): 1 поступл. на 20 тыс ₸ от 1; P(передаёт дальше)=0.40 — порогов ролей не достигает
100000004950490100,peripheral,0.9,6,0.0847,Получил 10 тыс ₸ от 1; пороги ролей не достигнуты
100000007938486100,peripheral,0.781,12,0.0847,Получил 40 тыс ₸ от 1; пороги ролей не достигнуты
100000006866831100,peripheral,0.686,14,0.0846,4-е колено (обход оборван): 1 поступл. на 16 тыс ₸ от 1; P(передаёт дальше)=0.40 — порогов ролей не достигает
100000008735384100,peripheral,0.781,12,0.0845,Получил 39 тыс ₸ от 1; пороги ролей не достигнуты
100000001380107100,peripheral,0.9,5,0.0842,Получил 6 тыс ₸ от 1; пороги ролей не достигнуты
100000008771819100,peripheral,0.782,12,0.0842,Получил 39 тыс ₸ от 1; пороги ролей не достигнуты
100000002703376100,peripheral,0.767,14,0.0841,Получил 47 тыс ₸ от 1; пороги ролей не достигнуты
100000003996562100,peripheral,0.9,20,0.0841,Получил 8 тыс ₸ от 1; пороги ролей не достигнуты
100000004491749100,peripheral,0.76,8,0.0841,Получил 50 тыс ₸ от 1; пороги ролей не достигнуты
100000005056870100,peripheral,0.84,42,0.0841,Получил 20 тыс ₸ от 1; пороги ролей не достигнуты
100000007175718100,peripheral,0.84,42,0.0841,Получил 20 тыс ₸ от 1; пороги ролей не достигнуты
100000002691858100,peripheral,0.758,8,0.0839,Получил 52 тыс ₸ от 1; пороги ролей не достигнуты
100000004047887100,peripheral,0.648,4,0.0838,4-е колено (обход оборван): 1 поступл. на 30 тыс ₸ от 1; P(передаёт дальше)=0.39 — порогов ролей не достигает
100000000673915100,peripheral,0.672,4,0.0837,4-е колено (обход оборван): 1 поступл. на 20 тыс ₸ от 1; P(передаёт дальше)=0.40 — порогов ролей не достигает
100000001307612100,peripheral,0.783,12,0.0837,Получил 38 тыс ₸ от 1; пороги ролей не достигнуты
100000002852402100,peripheral,0.752,3,0.0835,Получил 55 тыс ₸ от 1; пороги ролей не достигнуты
100000008686234100,peripheral,0.78,1,0.0828,Получил 40 тыс ₸ от 1; пороги ролей не достигнуты
100000008687671100,peripheral,0.785,12,0.0826,Получил 38 тыс ₸ от 1; пороги ролей не достигнуты
100000001286703100,peripheral,0.671,4,0.0825,4-е колено (обход оборван): 1 поступл. на 20 тыс ₸ от 1; P(передаёт дальше)=0.40 — порогов ролей не достигает
100000004070530100,peripheral,0.673,4,0.0824,4-е колено (обход оборван): 1 поступл. на 20 тыс ₸ от 1; P(передаёт дальше)=0.40 — порогов ролей не достигает
100000002211413100,peripheral,0.786,12,0.0822,Получил 37 тыс ₸ от 1; пороги ролей не достигнуты
100000002748040100,peripheral,0.742,15,0.0822,4-е колено (обход оборван): 1 поступл. на 18 тыс ₸ от 1; P(передаёт дальше)=0.25 — порогов ролей не достигает
100000002404112100,peripheral,0.602,27,0.0821,4-е колено (обход оборван): 1 поступл. на 60 тыс ₸ от 1; P(передаёт дальше)=0.38 — порогов ролей не достигает
100000005100475100,peripheral,0.78,8,0.0821,Получил 40 тыс ₸ от 1; пороги ролей не достигнуты
100000000542087100,peripheral,0.716,4,0.082,4-е колено (обход оборван): 1 поступл. на 9 тыс ₸ от 1; P(передаёт дальше)=0.41 — порогов ролей не достигает
100000004674389100,peripheral,0.691,1,0.0819,4-е колено (обход оборван): 1 поступл. на 15 тыс ₸ от 1; P(передаёт дальше)=0.40 — порогов ролей не достигает
100000001249054100,peripheral,0.745,15,0.0816,4-е колено (обход оборван): 1 поступл. на 17 тыс ₸ от 1; P(передаёт дальше)=0.25 — порогов ролей не достигает
100000003084870100,peripheral,0.714,11,0.0815,4-е колено (обход оборван): 1 поступл. на 6 тыс ₸ от 1; P(передаёт дальше)=0.41 — порогов ролей не достигает
100000000782285100,peripheral,0.9,20,0.0814,Получил 6 тыс ₸ от 1; пороги ролей не достигнуты
100000001290243100,peripheral,0.9,3,0.0814,Получил 10 тыс ₸ от 1; пороги ролей не достигнуты
100000002708624100,peripheral,0.82,30,0.0813,Получил 25 тыс ₸ от 1; пороги ролей не достигнуты
100000003635660100,peripheral,0.844,1,0.0811,Получил 19 тыс ₸ от 1; пороги ролей не достигнуты
100000004664515100,peripheral,0.785,1,0.081,Получил 38 тыс ₸ от 1; пороги ролей не достигнуты
100000005979037100,peripheral,0.602,1,0.081,4-е колено (обход оборван): 1 поступл. на 60 тыс ₸ от 1; P(передаёт дальше)=0.38 — порогов ролей не достигает
100000008741372100,peripheral,0.789,12,0.081,Получил 36 тыс ₸ от 1; пороги ролей не достигнуты
100000000627521100,peripheral,0.714,4,0.0809,4-е колено (обход оборван): 1 поступл. на 6 тыс ₸ от 1; P(передаёт дальше)=0.41 — порогов ролей не достигает
100000003096787100,peripheral,0.748,15,0.0809,4-е колено (обход оборван): 1 поступл. на 16 тыс ₸ от 1; P(передаёт дальше)=0.25 — порогов ролей не достигает
100000005901606100,peripheral,0.79,12,0.0808,Получил 36 тыс ₸ от 1; пороги ролей не достигнуты
100000006444163100,peripheral,0.9,20,0.0808,Получил 6 тыс ₸ от 1; пороги ролей не достигнуты
100000001275557100,peripheral,0.672,23,0.0806,4-е колено (обход оборван): 1 поступл. на 20 тыс ₸ от 1; P(передаёт дальше)=0.40 — порогов ролей не достигает
100000002528978100,peripheral,0.752,15,0.0806,4-е колено (обход оборван): 1 поступл. на 16 тыс ₸ от 1; P(передаёт дальше)=0.25 — порогов ролей не достигает
100000002726055100,peripheral,0.718,28,0.0806,4-е колено (обход оборван): 1 поступл. на 10 тыс ₸ от 1; P(передаёт дальше)=0.40 — порогов ролей не достигает
100000003713616100,peripheral,0.86,3,0.0804,Получил 16 тыс ₸ от 1; пороги ролей не достигнуты
100000008753193100,peripheral,0.791,12,0.0803,Получил 35 тыс ₸ от 1; пороги ролей не достигнуты
100000002236528100,peripheral,0.736,18,0.0801,Получил 66 тыс ₸ от 1; пороги ролей не достигнуты
100000002733083100,peripheral,0.754,15,0.0801,4-е колено (обход оборван): 1 поступл. на 15 тыс ₸ от 1; P(передаёт дальше)=0.25 — порогов ролей не достигает
100000004494983100,peripheral,0.791,12,0.08,Получил 35 тыс ₸ от 1; пороги ролей не достигнуты
100000008669310100,peripheral,0.745,1,0.08,Получил 60 тыс ₸ от 1; пороги ролей не достигнуты
100000002199091100,peripheral,0.737,12,0.0797,Получил 65 тыс ₸ от 1; пороги ролей не достигнуты
100000003083865100,peripheral,0.755,15,0.0797,4-е колено (обход оборван): 1 поступл. на 15 тыс ₸ от 1; P(передаёт дальше)=0.25 — порогов ролей не достигает
100000003166017100,peripheral,0.755,15,0.0797,4-е колено (обход оборван): 1 поступл. на 15 тыс ₸ от 1; P(передаёт дальше)=0.25 — порогов ролей не достигает
100000004502048100,peripheral,0.695,18,0.0797,4-е колено (обход оборван): 1 поступл. на 14 тыс ₸ от 1; P(передаёт дальше)=0.40 — порогов ролей не достигает
100000004177936100,peripheral,0.716,1,0.0796,4-е колено (обход оборван): 1 поступл. на 10 тыс ₸ от 1; P(передаёт дальше)=0.41 — порогов ролей не достигает
100000000765628100,peripheral,0.9,3,0.0792,Получил 5 тыс ₸ от 1; пороги ролей не достигнуты
100000004445291100,peripheral,0.842,30,0.0789,Получил 20 тыс ₸ от 1; пороги ролей не достигнуты
100000001114385100,peripheral,0.806,20,0.0788,Получил 30 тыс ₸ от 1; пороги ролей не достигнуты
100000002810870100,peripheral,0.795,12,0.0788,Получил 34 тыс ₸ от 1; пороги ролей не достигнуты
100000008470470100,peripheral,0.795,12,0.0786,Получил 34 тыс ₸ от 1; пороги ролей не достигнуты
100000003173783100,peripheral,0.622,11,0.0785,4-е колено (обход оборван): 2 поступл. на 24 тыс ₸ от 1; P(передаёт дальше)=0.49 — порогов ролей не достигает
100000004225615100,peripheral,0.709,6,0.0785,Получил 90 тыс ₸ от 1; пороги ролей не достигнуты
100000005723580100,peripheral,0.636,2,0.0784,4-е колено (обход оборван): 1 поступл. на 35 тыс ₸ от 1; P(передаёт дальше)=0.39 — порогов ролей не достигает
100000003177533100,peripheral,0.661,9,0.078,4-е колено (обход оборван): 3 поступл. на 20 тыс ₸ от 1; P(передаёт дальше)=0.43 — порогов ролей не достигает
100000008219168100,peripheral,0.755,6,0.0779,Получил 53 тыс ₸ от 1; пороги ролей не достигнуты
100000002628146100,peripheral,0.803,8,0.0775,Получил 30 тыс ₸ от 1; пороги ролей не достигнуты
100000001089055100,peripheral,0.7,14,0.0771,4-е колено (обход оборван): 1 поступл. на 13 тыс ₸ от 1; P(передаёт дальше)=0.40 — порогов ролей не достигает
100000008696919100,peripheral,0.799,12,0.077,Получил 32 тыс ₸ от 1; пороги ролей не достигнуты
100000002158488100,peripheral,0.8,12,0.0767,Получил 32 тыс ₸ от 1; пороги ролей не достигнуты
100000003166755100,peripheral,0.824,20,0.0766,Получил 24 тыс ₸ от 1; пороги ролей не достигнуты
100000004049912100,peripheral,0.716,18,0.0765,4-е колено (обход оборван): 1 поступл. на 10 тыс ₸ от 1; P(передаёт дальше)=0.41 — порогов ролей не достигает
100000008129393100,peripheral,0.9,46,0.0764,Получил 10 тыс ₸ от 1; пороги ролей не достигнуты
100000008779584100,peripheral,0.801,12,0.0764,Получил 31 тыс ₸ от 1; пороги ролей не достигнуты
100000002589019100,peripheral,0.792,17,0.0763,Получил 35 тыс ₸ от 1; пороги ролей не достигнуты
100000008712827100,peripheral,0.724,19,0.0762,Получил 76 тыс ₸ от 1; пороги ролей не достигнуты
100000008736173100,peripheral,0.802,12,0.0759,Получил 31 тыс ₸ от 1; пороги ролей не достигнуты
100000001853812100,peripheral,0.731,1,0.0758,Получил 70 тыс ₸ от 1; пороги ролей не достигнуты
100000005187208100,peripheral,0.87,4,0.0755,Получил 14 тыс ₸ от 1; пороги ролей не достигнуты
100000002380341100,peripheral,0.748,1,0.0754,Получил 58 тыс ₸ от 1; пороги ролей не достигнуты
100000000018102100,peripheral,0.715,14,0.0751,4-е колено (обход оборван): 1 поступл. на 7 тыс ₸ от 1; P(передаёт дальше)=0.41 — порогов ролей не достигает
100000006351075100,peripheral,0.634,35,0.075,4-е колено (обход оборван): 2 поступл. на 40 тыс ₸ от 1; P(передаёт дальше)=0.37 — порогов ролей не достигает
100000006965162100,peripheral,0.9,22,0.0747,Получил 10 тыс ₸ от 1; пороги ролей не достигнуты
100000008708025100,peripheral,0.9,22,0.0747,Получил 10 тыс ₸ от 1; пороги ролей не достигнуты
100000002723674100,peripheral,0.646,28,0.0746,4-е колено (обход оборван): 1 поступл. на 30 тыс ₸ от 1; P(передаёт дальше)=0.39 — порогов ролей не достигает
100000004058740100,peripheral,0.805,12,0.0745,Получил 30 тыс ₸ от 1; пороги ролей не достигнуты
100000002713974100,peripheral,0.613,9,0.0742,4-е колено (обход оборван): 1 поступл. на 50 тыс ₸ от 1; P(передаёт дальше)=0.39 — порогов ролей не достигает
100000003087877100,peripheral,0.708,9,0.0742,Получил 91 тыс ₸ от 1; пороги ролей не достигнуты
100000008718811100,peripheral,0.727,19,0.0741,Получил 73 тыс ₸ от 1; пороги ролей не достигнуты
100000001530709100,peripheral,0.754,1,0.074,Получил 54 тыс ₸ от 1; пороги ролей не достигнуты
100000003016773100,peripheral,0.766,2,0.074,Получил 47 тыс ₸ от 1; пороги ролей не достигнуты
100000002578653100,peripheral,0.84,1,0.0739,Получил 20 тыс ₸ от 1; пороги ролей не достигнуты
100000004526651100,peripheral,0.698,2,0.0739,4-е колено (обход оборван): 1 поступл. на 33 тыс ₸ от 1; P(передаёт дальше)=0.25 — порогов ролей не достигает
100000004573782100,peripheral,0.865,6,0.0739,Получил 15 тыс ₸ от 1; пороги ролей не достигнуты
100000008765627100,peripheral,0.744,8,0.0737,Получил 60 тыс ₸ от 1; пороги ролей не достигнуты
100000001052789100,peripheral,0.73,18,0.0736,Получил 71 тыс ₸ от 1; пороги ролей не достигнуты
100000003097947100,peripheral,0.61,1,0.0736,4-е колено (обход оборван): 1 поступл. на 53 тыс ₸ от 1; P(передаёт дальше)=0.38 — порогов ролей не достигает
100000004908173100,peripheral,0.67,2,0.0736,4-е колено (обход оборван): 1 поступл. на 21 тыс ₸ от 1; P(передаёт дальше)=0.40 — порогов ролей не достигает
100000005079473100,peripheral,0.629,9,0.0736,4-е колено (обход оборван): 1 поступл. на 39 тыс ₸ от 1; P(передаёт дальше)=0.39 — порогов ролей не достигает
100000008782056100,peripheral,0.807,12,0.0736,Получил 29 тыс ₸ от 1; пороги ролей не достигнуты
100000002130400100,peripheral,0.718,38,0.0735,4-е колено (обход оборван): 1 поступл. на 10 тыс ₸ от 1; P(передаёт дальше)=0.40 — порогов ролей не достигает
100000008724279100,peripheral,0.886,3,0.0732,Получил 12 тыс ₸ от 1; пороги ролей не достигнуты
100000000954884100,peripheral,0.794,14,0.0725,Получил 34 тыс ₸ от 1; пороги ролей не достигнуты
100000001379511100,peripheral,0.752,13,0.0725,Получил 55 тыс ₸ от 1; пороги ролей не достигнуты
100000004206046100,peripheral,0.891,3,0.0718,Получил 11 тыс ₸ от 1; пороги ролей не достигнуты
100000002793851100,peripheral,0.891,3,0.0717,Получил 11 тыс ₸ от 1; пороги ролей не достигнуты
100000003036198100,peripheral,0.865,20,0.0717,Получил 15 тыс ₸ от 1; пороги ролей не достигнуты
100000007754369100,peripheral,0.717,10,0.0716,Получил 82 тыс ₸ от 1; пороги ролей не достигнуты
100000008691495100,peripheral,0.814,12,0.0711,Получил 27 тыс ₸ от 1; пороги ролей не достигнуты
100000008776420100,peripheral,0.732,19,0.0711,Получил 70 тыс ₸ от 1; пороги ролей не достигнуты
100000005189258100,peripheral,0.668,1,0.071,4-е колено (обход оборван): 1 поступл. на 50 тыс ₸ от 1; P(передаёт дальше)=0.24 — порогов ролей не достигает
100000008770483100,peripheral,0.714,2,0.0709,4-е колено (обход оборван): 1 поступл. на 5 тыс ₸ от 1; P(передаёт дальше)=0.41 — порогов ролей не достигает
100000004850609100,peripheral,0.718,1,0.0708,4-е колено (обход оборван): 1 поступл. на 10 тыс ₸ от 1; P(передаёт дальше)=0.41 — порогов ролей не достигает
100000006522972100,peripheral,0.9,4,0.0708,Получил 10 тыс ₸ от 1; пороги ролей не достигнуты
100000003001138100,peripheral,0.646,22,0.0707,4-е колено (обход оборван): 1 поступл. на 30 тыс ₸ от 1; P(передаёт дальше)=0.39 — порогов ролей не достигает
100000008774237100,peripheral,0.76,24,0.0704,"Получил 50 тыс ₸ от 1, отдал 10 тыс ₸ 1 получ., пропуск 20%; пороги ролей не достигнуты"
100000007005380100,peripheral,0.9,4,0.0703,Получил 9 тыс ₸ от 1; пороги ролей не достигнуты
100000002214570100,peripheral,0.815,12,0.0702,Получил 26 тыс ₸ от 1; пороги ролей не достигнуты
100000003134937100,peripheral,0.898,3,0.0702,Получил 10 тыс ₸ от 1; пороги ролей не достигнуты
100000003078839100,peripheral,0.659,1,0.0701,4-е колено (обход оборван): 2 поступл. на 14 тыс ₸ от 1; P(передаёт дальше)=0.49 — порогов ролей не достигает
100000008666075100,peripheral,0.816,12,0.0699,Получил 26 тыс ₸ от 1; пороги ролей не достигнуты
100000004783447100,peripheral,0.816,12,0.0698,Получил 26 тыс ₸ от 1; пороги ролей не достигнуты
100000000425407100,peripheral,0.84,1,0.0697,Получил 20 тыс ₸ от 1; пороги ролей не достигнуты
100000004107228100,peripheral,0.711,1,0.0697,4-е колено (обход оборван): 1 поступл. на 5 тыс ₸ от 1; P(передаёт дальше)=0.42 — порогов ролей не достигает
100000004218576100,peripheral,0.817,12,0.0697,Получил 26 тыс ₸ от 1; пороги ролей не достигнуты
100000005092518100,peripheral,0.817,12,0.0697,Получил 26 тыс ₸ от 1; пороги ролей не достигнуты
100000008703533100,peripheral,0.639,2,0.0697,4-е колено (обход оборван): 1 поступл. на 75 тыс ₸ от 1; P(передаёт дальше)=0.24 — порогов ролей не достигает
100000008773876100,peripheral,0.817,12,0.0696,Получил 26 тыс ₸ от 1; пороги ролей не достигнуты
100000005228059100,peripheral,0.817,12,0.0695,Получил 26 тыс ₸ от 1; пороги ролей не достигнуты
100000002305477100,peripheral,0.673,28,0.0694,4-е колено (обход оборван): 1 поступл. на 20 тыс ₸ от 1; P(передаёт дальше)=0.40 — порогов ролей не достигает
100000006177176100,peripheral,0.9,3,0.0694,Получил 9 тыс ₸ от 1; пороги ролей не достигнуты
100000006658598100,peripheral,0.9,3,0.0694,Получил 9 тыс ₸ от 1; пороги ролей не достигнуты
100000007382152100,peripheral,0.9,14,0.0693,Получил 6 тыс ₸ от 1; пороги ролей не достигнуты
100000004291560100,peripheral,0.765,1,0.0692,Получил 47 тыс ₸ от 1; пороги ролей не достигнуты
100000008748795100,peripheral,0.765,1,0.0692,Получил 47 тыс ₸ от 1; пороги ролей не достигнуты
100000000703902100,peripheral,0.819,12,0.0689,Получил 25 тыс ₸ от 1; пороги ролей не достигнуты
100000008331280100,peripheral,0.583,27,0.0689,4-е колено (обход оборван): 2 поступл. на 41 тыс ₸ от 1; P(передаёт дальше)=0.50 — порогов ролей не достигает
100000008432942100,peripheral,0.77,1,0.0689,Получил 45 тыс ₸ от 1; пороги ролей не достигнуты
100000004213658100,peripheral,0.819,12,0.0687,Получил 25 тыс ₸ от 1; пороги ролей не достигнуты
100000008710913100,peripheral,0.76,2,0.0687,4-е колено (обход оборван): 1 поступл. на 14 тыс ₸ от 1; P(передаёт дальше)=0.25 — порогов ролей не достигает
100000005589319100,peripheral,0.716,1,0.0686,4-е колено (обход оборван): 1 поступл. на 26 тыс ₸ от 1; P(передаёт дальше)=0.25 — порогов ролей не достигает
100000003581109100,peripheral,0.774,1,0.0685,Получил 43 тыс ₸ от 1; пороги ролей не достигнуты
100000003943247100,peripheral,0.78,1,0.0685,Получил 40 тыс ₸ от 1; пороги ролей не достигнуты
100000006326645100,peripheral,0.819,12,0.0685,Получил 25 тыс ₸ от 1; пороги ролей не достигнуты
100000004713684100,peripheral,0.785,1,0.0684,Получил 38 тыс ₸ от 1; пороги ролей не достигнуты
100000008173359100,peripheral,0.9,3,0.0684,Получил 6 тыс ₸ от 1; пороги ролей не достигнуты
100000008491390100,peripheral,0.789,1,0.0683,Получил 36 тыс ₸ от 1; пороги ролей не достигнуты
100000001262647100,peripheral,0.825,3,0.0681,Получил 24 тыс ₸ от 1; пороги ролей не достигнуты
100000005357034100,peripheral,0.9,1,0.0681,Получил 10 тыс ₸ от 1; пороги ролей не достигнуты
100000008652094100,peripheral,0.791,1,0.0681,Получил 35 тыс ₸ от 1; пороги ролей не достигнуты
100000002891765100,peripheral,0.751,16,0.068,Получил 56 тыс ₸ от 1; пороги ролей не достигнуты
100000003218308100,peripheral,0.89,1,0.068,Получил 11 тыс ₸ от 1; пороги ролей не достигнуты
100000008712991100,peripheral,0.736,19,0.068,Получил 66 тыс ₸ от 1; пороги ролей не достигнуты
100000001420847100,peripheral,0.84,18,0.0679,Получил 20 тыс ₸ от 1; пороги ролей не достигнуты
100000002597623100,peripheral,0.857,1,0.0678,Получил 16 тыс ₸ от 1; пороги ролей не достигнуты
100000002194329100,peripheral,0.82,1,0.0677,Получил 25 тыс ₸ от 1; пороги ролей не достигнуты
100000003093299100,peripheral,0.865,1,0.0677,Получил 15 тыс ₸ от 1; пороги ролей не достигнуты
100000006919124100,peripheral,0.82,1,0.0677,Получил 25 тыс ₸ от 1; пороги ролей не достигнуты
100000004611571100,peripheral,0.829,1,0.0675,Получил 23 тыс ₸ от 1; пороги ролей не достигнуты
100000002858835100,peripheral,0.823,12,0.0674,Получил 24 тыс ₸ от 1; пороги ролей не достигнуты
100000008259451100,peripheral,0.752,16,0.0674,Получил 55 тыс ₸ от 1; пороги ролей не достигнуты
100000001870116100,peripheral,0.824,12,0.067,Получил 24 тыс ₸ от 1; пороги ролей не достигнуты
100000002706810100,peripheral,0.677,32,0.067,4-е колено (обход оборван): 1 поступл. на 45 тыс ₸ от 1; P(передаёт дальше)=0.24 — порогов ролей не достигает
100000001160401100,peripheral,0.765,1,0.0669,Получил 47 тыс ₸ от 1; пороги ролей не достигнуты
100000004553349100,peripheral,0.9,4,0.0669,Получил 8 тыс ₸ от 1; пороги ролей не достигнуты
100000008680061100,peripheral,0.651,1,0.0668,4-е колено (обход оборван): 2 поступл. на 41 тыс ₸ от 1; P(передаёт дальше)=0.32 — порогов ролей не достигает
100000008708368100,peripheral,0.825,12,0.0665,Получил 24 тыс ₸ от 1; пороги ролей не достигнуты
100000008722328100,peripheral,0.825,12,0.0665,Получил 24 тыс ₸ от 1; пороги ролей не достигнуты
100000008671026100,peripheral,0.826,12,0.0662,Получил 24 тыс ₸ от 1; пороги ролей не достигнуты
100000008680451100,peripheral,0.826,12,0.0662,Получил 24 тыс ₸ от 1; пороги ролей не достигнуты
100000008758106100,peripheral,0.785,2,0.0661,4-е колено (обход оборван): 1 поступл. на 10 тыс ₸ от 1; P(передаёт дальше)=0.26 — порогов ролей не достигает
100000008761132100,peripheral,0.785,2,0.0661,4-е колено (обход оборван): 1 поступл. на 10 тыс ₸ от 1; P(передаёт дальше)=0.26 — порогов ролей не достигает
100000008761220100,peripheral,0.785,2,0.0661,4-е колено (обход оборван): 1 поступл. на 10 тыс ₸ от 1; P(передаёт дальше)=0.26 — порогов ролей не достигает
100000006111442100,peripheral,0.739,2,0.066,Получил 64 тыс ₸ от 1; пороги ролей не достигнуты
100000001279875100,peripheral,0.762,11,0.0657,Получил 49 тыс ₸ от 1; пороги ролей не достигнуты
100000005008589100,peripheral,0.774,1,0.0657,Получил 43 тыс ₸ от 1; пороги ролей не достигнуты
100000008151098100,peripheral,0.647,27,0.0656,4-е колено (обход оборван): 1 поступл. на 30 тыс ₸ от 1; P(передаёт дальше)=0.39 — порогов ролей не достигает
100000008008463100,peripheral,0.753,8,0.0655,Получил 54 тыс ₸ от 1; пороги ролей не достигнуты
100000008769636100,peripheral,0.827,12,0.0654,Получил 23 тыс ₸ от 1; пороги ролей не достигнуты
100000006573438100,peripheral,0.9,20,0.0653,Получил 5 тыс ₸ от 1; пороги ролей не достигнуты
100000008690932100,peripheral,0.828,12,0.0653,Получил 23 тыс ₸ от 1; пороги ролей не достигнуты
100000002304943100,peripheral,0.69,28,0.0652,4-е колено (обход оборван): 1 поступл. на 15 тыс ₸ от 1; P(передаёт дальше)=0.40 — порогов ролей не достигает
100000002324543100,peripheral,0.804,6,0.065,Получил 30 тыс ₸ от 1; пороги ролей не достигнуты
100000002489253100,peripheral,0.758,3,0.065,Получил 51 тыс ₸ от 1; пороги ролей не достигнуты
100000008766031100,peripheral,0.782,2,0.065,4-е колено (обход оборван): 1 поступл. на 5 тыс ₸ от 1; P(передаёт дальше)=0.26 — порогов ролей не достигает
100000005621418100,peripheral,0.646,27,0.0648,4-е колено (обход оборван): 1 поступл. на 30 тыс ₸ от 1; P(передаёт дальше)=0.39 — порогов ролей не достигает
100000008772058100,peripheral,0.76,12,0.0648,Получил 50 тыс ₸ от 1; пороги ролей не достигнуты
100000006918814100,peripheral,0.711,1,0.0646,4-е колено (обход оборван): 2 поступл. на 20 тыс ₸ от 1; P(передаёт дальше)=0.31 — порогов ролей не достигает
100000008557672100,peripheral,0.762,12,0.0646,Получил 49 тыс ₸ от 1; пороги ролей не достигнуты
100000008758607100,peripheral,0.782,2,0.0642,4-е колено (обход оборван): 1 поступл. на 5 тыс ₸ от 1; P(передаёт дальше)=0.26 — порогов ролей не достигает
100000008766764100,peripheral,0.782,2,0.0642,4-е колено (обход оборван): 1 поступл. на 5 тыс ₸ от 1; P(передаёт дальше)=0.26 — порогов ролей не достигает
100000008775747100,peripheral,0.782,2,0.0642,4-е колено (обход оборван): 1 поступл. на 5 тыс ₸ от 1; P(передаёт дальше)=0.26 — порогов ролей не достигает
100000001818442100,peripheral,0.775,15,0.0641,Получил 42 тыс ₸ от 1; пороги ролей не достигнуты
100000008746025100,peripheral,0.832,12,0.0639,Получил 22 тыс ₸ от 1; пороги ролей не достигнуты
100000001380986100,peripheral,0.731,6,0.0633,Получил 70 тыс ₸ от 1; пороги ролей не достигнуты
100000004979283100,peripheral,0.779,15,0.0632,Получил 40 тыс ₸ от 1; пороги ролей не достигнуты
100000008691330100,peripheral,0.834,12,0.0631,Получил 21 тыс ₸ от 1; пороги ролей не достигнуты
100000008688881100,peripheral,0.771,12,0.063,Получил 44 тыс ₸ от 1; пороги ролей не достигнуты
100000008715513100,peripheral,0.7,32,0.063,4-е колено (обход оборван): 1 поступл. на 32 тыс ₸ от 1; P(передаёт дальше)=0.24 — порогов ролей не достигает
100000002371892100,peripheral,0.622,3,0.0629,4-е колено (обход оборван): 1 поступл. на 44 тыс ₸ от 1; P(передаёт дальше)=0.39 — порогов ролей не достигает
100000002603478100,peripheral,0.826,17,0.0628,Получил 24 тыс ₸ от 1; пороги ролей не достигнуты
100000003044518100,peripheral,0.793,6,0.0627,Получил 34 тыс ₸ от 1; пороги ролей не достигнуты
100000002621434100,peripheral,0.718,2,0.0625,Получил 81 тыс ₸ от 1; пороги ролей не достигнуты
100000002670463100,peripheral,0.702,32,0.0625,4-е колено (обход оборван): 1 поступл. на 32 тыс ₸ от 1; P(передаёт дальше)=0.25 — порогов ролей не достигает
100000002809896100,peripheral,0.784,15,0.0624,Получил 38 тыс ₸ от 1; пороги ролей не достигнуты
100000003119550100,peripheral,0.836,12,0.0623,Получил 21 тыс ₸ от 1; пороги ролей не достигнуты
100000008695495100,peripheral,0.836,12,0.0623,Получил 21 тыс ₸ от 1; пороги ролей не достигнуты
100000000307908100,peripheral,0.9,31,0.0622,Получил 5 тыс ₸ от 1; пороги ролей не достигнуты
100000002243354100,peripheral,0.836,12,0.0621,Получил 21 тыс ₸ от 1; пороги ролей не достигнуты
100000000581662100,peripheral,0.669,11,0.0618,4-е колено (обход оборван): 1 поступл. на 21 тыс ₸ от 1; P(передаёт дальше)=0.40 — порогов ролей не достигает
100000004674178100,peripheral,0.672,30,0.0618,4-е колено (обход оборван): 1 поступл. на 20 тыс ₸ от 1; P(передаёт дальше)=0.40 — порогов ролей не достигает
100000002982252100,peripheral,0.838,12,0.0614,Получил 20 тыс ₸ от 1; пороги ролей не достигнуты
100000001954903100,peripheral,0.813,15,0.0613,Получил 27 тыс ₸ от 1; пороги ролей не достигнуты
100000005328215100,peripheral,0.814,15,0.0613,Получил 27 тыс ₸ от 1; пороги ролей не достигнуты
100000008745643100,peripheral,0.838,12,0.0613,Получил 20 тыс ₸ от 1; пороги ролей не достигнуты
100000008755754100,peripheral,0.9,11,0.0613,Получил 7 тыс ₸ от 1; пороги ролей не достигнуты
100000000424935100,peripheral,0.69,22,0.0612,4-е колено (обход оборван): 1 поступл. на 15 тыс ₸ от 1; P(передаёт дальше)=0.40 — порогов ролей не достигает
100000001418900100,peripheral,0.779,12,0.0612,Получил 40 тыс ₸ от 1; пороги ролей не достигнуты
100000002558173100,peripheral,0.9,8,0.0612,Получил 9 тыс ₸ от 1; пороги ролей не достигнуты
100000008629504100,peripheral,0.673,10,0.0611,4-е колено (обход оборван): 1 поступл. на 20 тыс ₸ от 1; P(передаёт дальше)=0.40 — порогов ролей не достигает
100000004584730100,peripheral,0.618,34,0.061,4-е колено (обход оборван): 1 поступл. на 47 тыс ₸ от 1; P(передаёт дальше)=0.38 — порогов ролей не достигает
100000002289937100,peripheral,0.84,12,0.0608,Получил 20 тыс ₸ от 1; пороги ролей не достигнуты
100000008693069100,peripheral,0.84,12,0.0608,Получил 20 тыс ₸ от 1; пороги ролей не достигнуты
100000001597424100,peripheral,0.764,16,0.0606,Получил 48 тыс ₸ от 1; пороги ролей не достигнуты
100000002862113100,peripheral,0.765,16,0.0603,Получил 47 тыс ₸ от 1; пороги ролей не достигнуты
100000004041294100,peripheral,0.677,30,0.0601,4-е колено (обход оборван): 2 поступл. на 18 тыс ₸ от 1; P(передаёт дальше)=0.41 — порогов ролей не достигает
100000005237935150,peripheral,0.792,11,0.0601,Получил 35 тыс ₸ от 1; пороги ролей не достигнуты
100000001549194100,peripheral,0.767,16,0.06,Получил 46 тыс ₸ от 1; пороги ролей не достигнуты
100000002838519100,peripheral,0.766,16,0.06,Получил 47 тыс ₸ от 1; пороги ролей не достигнуты
100000001273783100,peripheral,0.827,15,0.0598,Получил 23 тыс ₸ от 1; пороги ролей не достигнуты
100000005059998100,peripheral,0.849,1,0.0595,Получил 18 тыс ₸ от 1; пороги ролей не достигнуты
100000002227960100,peripheral,0.716,28,0.0594,4-е колено (обход оборван): 1 поступл. на 10 тыс ₸ от 1; P(передаёт дальше)=0.41 — порогов ролей не достигает
100000002794197100,peripheral,0.804,6,0.0594,Получил 30 тыс ₸ от 1; пороги ролей не достигнуты
100000003105089100,peripheral,0.718,28,0.0594,4-е колено (обход оборван): 1 поступл. на 10 тыс ₸ от 1; P(передаёт дальше)=0.41 — порогов ролей не достигает
100000008734279100,peripheral,0.644,9,0.0594,4-е колено (обход оборван): 1 поступл. на 32 тыс ₸ от 1; P(передаёт дальше)=0.39 — порогов ролей не достигает
100000004984689100,peripheral,0.755,1,0.0593,Получил 53 тыс ₸ от 1; пороги ролей не достигнуты
100000003187359100,peripheral,0.844,12,0.059,Получил 19 тыс ₸ от 1; пороги ролей не достигнуты
100000001250022100,peripheral,0.76,8,0.0589,Получил 50 тыс ₸ от 1; пороги ролей не достигнуты
100000002748581100,peripheral,0.777,16,0.0588,Получил 41 тыс ₸ от 1; пороги ролей не достигнуты
100000004856746100,peripheral,0.674,22,0.0588,4-е колено (обход оборван): 1 поступл. на 20 тыс ₸ от 1; P(передаёт дальше)=0.40 — порогов ролей не достигает
100000005370558100,peripheral,0.712,1,0.0588,4-е колено (обход оборван): 1 поступл. на 5 тыс ₸ от 1; P(передаёт дальше)=0.42 — порогов ролей не достигает
100000008679986100,peripheral,0.844,12,0.0588,Получил 19 тыс ₸ от 1; пороги ролей не достигнуты
100000008749063100,peripheral,0.844,12,0.0588,Получил 19 тыс ₸ от 1; пороги ролей не достигнуты
100000005362848100,peripheral,0.808,15,0.0587,Получил 29 тыс ₸ от 1; пороги ролей не достигнуты
100000002951898100,peripheral,0.78,16,0.0584,Получил 40 тыс ₸ от 1; пороги ролей не достигнуты
100000002305007100,peripheral,0.75,19,0.0583,Получил 56 тыс ₸ от 1; пороги ролей не достигнуты
100000004099450100,peripheral,0.802,14,0.0582,Получил 31 тыс ₸ от 1; пороги ролей не достигнуты
100000007982908100,peripheral,0.802,12,0.058,Получил 31 тыс ₸ от 1; пороги ролей не достигнуты
100000001297206100,peripheral,0.715,10,0.0579,4-е колено (обход оборван): 1 поступл. на 7 тыс ₸ от 1; P(передаёт дальше)=0.41 — порогов ролей не достигает
100000008066326100,peripheral,0.843,1,0.0579,Получил 19 тыс ₸ от 1; пороги ролей не достигнуты
100000004336228100,peripheral,0.758,1,0.0576,Получил 51 тыс ₸ от 1; пороги ролей не достигнуты
100000003899325100,peripheral,0.76,9,0.0575,Получил 50 тыс ₸ от 1; пороги ролей не достигнуты
100000002646887100,peripheral,0.823,13,0.0573,Получил 24 тыс ₸ от 1; пороги ролей не достигнуты
100000001103905100,peripheral,0.849,12,0.0572,Получил 18 тыс ₸ от 1; пороги ролей не достигнуты
100000008716222100,peripheral,0.849,12,0.0572,Получил 18 тыс ₸ от 1; пороги ролей не достигнуты
100000008777088100,peripheral,0.849,12,0.0572,Получил 18 тыс ₸ от 1; пороги ролей не достигнуты
100000008283183100,peripheral,0.808,12,0.057,Получил 29 тыс ₸ от 1; пороги ролей не достигнуты
100000008405209100,peripheral,0.753,14,0.0568,Получил 54 тыс ₸ от 1; пороги ролей не достигнуты
100000000408846100,peripheral,0.779,27,0.0566,Получил 40 тыс ₸ от 1; пороги ролей не достигнуты
100000002554175100,peripheral,0.822,15,0.0566,Получил 25 тыс ₸ от 1; пороги ролей не достигнуты
100000003594472100,peripheral,0.84,25,0.0566,Получил 20 тыс ₸ от 1; пороги ролей не достигнуты
100000001991973100,peripheral,0.732,32,0.0565,4-е колено (обход оборван): 1 поступл. на 21 тыс ₸ от 1; P(передаёт дальше)=0.25 — порогов ролей не достигает
100000001308856100,peripheral,0.814,12,0.0562,Получил 27 тыс ₸ от 1; пороги ролей не достигнуты
100000003006633100,peripheral,0.9,14,0.0562,Получил 10 тыс ₸ от 1; пороги ролей не достигнуты
100000002680477100,peripheral,0.82,11,0.0561,Получил 25 тыс ₸ от 1; пороги ролей не достигнуты
100000000907277100,peripheral,0.851,12,0.056,Получил 18 тыс ₸ от 1; пороги ролей не достигнуты
100000001280798100,peripheral,0.825,15,0.056,Получил 24 тыс ₸ от 1; пороги ролей не достигнуты
100000008667058100,peripheral,0.851,12,0.056,Получил 18 тыс ₸ от 1; пороги ролей не достигнуты
100000008691027100,peripheral,0.851,12,0.056,Получил 18 тыс ₸ от 1; пороги ролей не достигнуты
100000008729801100,peripheral,0.851,12,0.056,Получил 18 тыс ₸ от 1; пороги ролей не достигнуты
100000000795374100,peripheral,0.76,1,0.0559,Получил 50 тыс ₸ от 1; пороги ролей не достигнуты
100000003095610100,peripheral,0.825,15,0.0559,Получил 24 тыс ₸ от 1; пороги ролей не достигнуты
100000003711830100,peripheral,0.76,1,0.0559,Получил 50 тыс ₸ от 1; пороги ролей не достигнуты
100000004435304100,peripheral,0.816,12,0.0558,Получил 26 тыс ₸ от 1; пороги ролей не достигнуты
100000008656043100,peripheral,0.816,12,0.0558,Получил 26 тыс ₸ от 1; пороги ролей не достигнуты
100000008734364100,peripheral,0.816,12,0.0558,Получил 26 тыс ₸ от 1; пороги ролей не достигнуты
100000002299948100,peripheral,0.9,8,0.0557,Получил 7 тыс ₸ от 1; пороги ролей не достигнуты
100000007618425100,peripheral,0.781,4,0.0556,Получил 39 тыс ₸ от 1; пороги ролей не достигнуты
100000005807278100,peripheral,0.9,42,0.0555,Получил 8 тыс ₸ от 1; пороги ролей не достигнуты
100000007487729100,peripheral,0.82,14,0.0553,Получил 25 тыс ₸ от 1; пороги ролей не достигнуты
100000001111763100,peripheral,0.853,12,0.0552,Получил 17 тыс ₸ от 1; пороги ролей не достигнуты
100000004491881100,peripheral,0.853,12,0.0552,Получил 17 тыс ₸ от 1; пороги ролей не достигнуты
100000008749406100,peripheral,0.853,12,0.0552,Получил 17 тыс ₸ от 1; пороги ролей не достигнуты
100000008767925100,peripheral,0.853,12,0.0552,Получил 17 тыс ₸ от 1; пороги ролей не достигнуты
100000002881669100,peripheral,0.846,17,0.0548,Получил 19 тыс ₸ от 1; пороги ролей не достигнуты
100000003239859100,peripheral,0.846,17,0.0548,Получил 19 тыс ₸ от 1; пороги ролей не достигнуты
100000005532138100,peripheral,0.82,18,0.0548,Получил 25 тыс ₸ от 1; пороги ролей не достигнуты
100000008688476100,peripheral,0.824,12,0.0547,Получил 24 тыс ₸ от 1; пороги ролей не достигнуты
100000008691168100,peripheral,0.824,12,0.0547,Получил 24 тыс ₸ от 1; пороги ролей не достигнуты
100000008765494100,peripheral,0.824,12,0.0547,Получил 24 тыс ₸ от 1; пороги ролей не достигнуты
100000002232266100,peripheral,0.769,1,0.0546,Получил 45 тыс ₸ от 1; пороги ролей не достигнуты
100000008771814100,peripheral,0.825,12,0.0545,Получил 24 тыс ₸ от 1; пороги ролей не достигнуты
100000007303047100,peripheral,0.756,19,0.0544,Получил 52 тыс ₸ от 1; пороги ролей не достигнуты
100000004066647100,peripheral,0.758,18,0.0543,Получил 51 тыс ₸ от 1; пороги ролей не достигнуты
100000004257714100,peripheral,0.756,19,0.0542,Получил 52 тыс ₸ от 1; пороги ролей не достигнуты
100000008684452100,peripheral,0.757,19,0.0537,Получил 52 тыс ₸ от 1; пороги ролей не достигнуты
100000008759795100,peripheral,0.747,32,0.0537,4-е колено (обход оборван): 1 поступл. на 17 тыс ₸ от 1; P(передаёт дальше)=0.25 — порогов ролей не достигает
100000001389255100,peripheral,0.858,12,0.0536,Получил 16 тыс ₸ от 1; пороги ролей не достигнуты
100000001298099100,peripheral,0.844,15,0.0531,Получил 19 тыс ₸ от 1; пороги ролей не достигнуты
100000008042075100,peripheral,0.9,21,0.0531,Получил 5 тыс ₸ от 1; пороги ролей не достигнуты
100000008742266100,peripheral,0.836,12,0.053,Получил 21 тыс ₸ от 1; пороги ролей не достигнуты
100000008716773100,peripheral,0.861,12,0.0527,Получил 16 тыс ₸ от 1; пороги ролей не достигнуты
100000008732098100,peripheral,0.861,12,0.0527,Получил 16 тыс ₸ от 1; пороги ролей не достигнуты
100000002893020100,peripheral,0.847,15,0.0526,Получил 18 тыс ₸ от 1; пороги ролей не достигнуты
100000003072676100,peripheral,0.8,4,0.0525,Получил 32 тыс ₸ от 1; пороги ролей не достигнуты
100000004488265100,peripheral,0.782,1,0.0525,Получил 39 тыс ₸ от 1; пороги ролей не достигнуты
100000001953577100,peripheral,0.861,12,0.0524,Получил 16 тыс ₸ от 1; пороги ролей не достигнуты
100000008043184100,peripheral,0.759,14,0.0523,Получил 51 тыс ₸ от 1; пороги ролей не достигнуты
100000008672162100,peripheral,0.862,12,0.0523,Получил 16 тыс ₸ от 1; пороги ролей не достигнуты
100000007337374100,peripheral,0.84,12,0.0522,Получил 20 тыс ₸ от 1; пороги ролей не достигнуты
100000004497606100,peripheral,0.862,12,0.0521,Получил 16 тыс ₸ от 1; пороги ролей не достигнуты
100000008670667100,peripheral,0.862,12,0.0521,Получил 16 тыс ₸ от 1; пороги ролей не достигнуты
100000008718089100,peripheral,0.862,12,0.0521,Получил 16 тыс ₸ от 1; пороги ролей не достигнуты
100000008720798100,peripheral,0.862,12,0.0521,Получил 16 тыс ₸ от 1; пороги ролей не достигнуты
100000006288612100,peripheral,0.57,17,0.0518,4-е колено (обход оборван): 3 поступл. на 31 тыс ₸ от 1; P(передаёт дальше)=0.58 — порогов ролей не достигает
100000008778753100,peripheral,0.718,30,0.0518,4-е колено (обход оборван): 1 поступл. на 10 тыс ₸ от 1; P(передаёт дальше)=0.40 — порогов ролей не достигает
100000006412162100,peripheral,0.75,32,0.0517,4-е колено (обход оборван): 2 поступл. на 15 тыс ₸ от 1; P(передаёт дальше)=0.26 — порогов ролей не достигает
100000008454065100,peripheral,0.824,16,0.0517,Получил 24 тыс ₸ от 1; пороги ролей не достигнуты
100000005172860100,peripheral,0.864,1,0.0516,Получил 15 тыс ₸ от 1; пороги ролей не достигнуты
100000007631637100,peripheral,0.863,12,0.0516,Получил 15 тыс ₸ от 1; пороги ролей не достигнуты
100000002369443100,peripheral,0.76,19,0.0515,Получил 50 тыс ₸ от 1; пороги ролей не достигнуты
100000008713685100,peripheral,0.761,19,0.0515,Получил 50 тыс ₸ от 1; пороги ролей не достигнуты
100000002948492100,peripheral,0.825,16,0.0514,Получил 24 тыс ₸ от 1; пороги ролей не достигнуты
100000008696692100,peripheral,0.844,12,0.0514,Получил 19 тыс ₸ от 1; пороги ролей не достигнуты
100000002871199100,peripheral,0.827,16,0.0512,Получил 23 тыс ₸ от 1; пороги ролей не достигнуты
100000004286573100,peripheral,0.856,17,0.0512,Получил 17 тыс ₸ от 1; пороги ролей не достигнуты
100000006527156100,peripheral,0.615,1,0.0512,4-е колено (обход оборван): 1 поступл. на 48 тыс ₸ от 1; P(передаёт дальше)=0.39 — порогов ролей не достигает
100000007999728100,peripheral,0.827,16,0.0512,Получил 23 тыс ₸ от 1; пороги ролей не достигнуты
100000008677518100,peripheral,0.762,19,0.0511,Получил 49 тыс ₸ от 1; пороги ролей не достигнуты
100000001550419100,peripheral,0.828,16,0.051,Получил 23 тыс ₸ от 1; пороги ролей не достигнуты
100000003009900100,peripheral,0.859,15,0.051,Получил 16 тыс ₸ от 1; пороги ролей не достигнуты
100000000968253100,peripheral,0.865,12,0.0509,Получил 15 тыс ₸ от 1; пороги ролей не достигнуты
100000001969496100,peripheral,0.829,16,0.0509,Получил 23 тыс ₸ от 1; пороги ролей не достигнуты
100000002301828100,peripheral,0.766,14,0.0508,Получил 47 тыс ₸ от 1; пороги ролей не достигнуты
100000008503177100,peripheral,0.794,1,0.0508,Получил 34 тыс ₸ от 1; пороги ролей не достигнуты
100000008554390100,peripheral,0.76,32,0.0508,4-е колено (обход оборван): 1 поступл. на 14 тыс ₸ от 1; P(передаёт дальше)=0.25 — порогов ролей не достигает
100000008683818100,peripheral,0.852,12,0.0506,Получил 17 тыс ₸ от 1; пороги ролей не достигнуты
100000005553088100,peripheral,0.681,9,0.0505,4-е колено (обход оборван): 1 поступл. на 18 тыс ₸ от 1; P(передаёт дальше)=0.40 — порогов ролей не достигает
100000008754747100,peripheral,0.768,19,0.0504,Получил 46 тыс ₸ от 1; пороги ролей не достигнуты
100000008776576100,peripheral,0.866,12,0.0504,Получил 15 тыс ₸ от 1; пороги ролей не достигнуты
100000004780083100,peripheral,0.718,47,0.0501,4-е колено (обход оборван): 1 поступл. на 10 тыс ₸ от 1; P(передаёт дальше)=0.41 — порогов ролей не достигает
100000002908521100,peripheral,0.77,19,0.05,Получил 44 тыс ₸ от 1; пороги ролей не достигнуты
100000003241965100,peripheral,0.865,15,0.05,Получил 15 тыс ₸ от 1; пороги ролей не достигнуты
100000008772246100,peripheral,0.77,19,0.05,Получил 44 тыс ₸ от 1; пороги ролей не достигнуты
100000001557930100,peripheral,0.792,8,0.0499,Получил 35 тыс ₸ от 1; пороги ролей не достигнуты
100000002992171100,peripheral,0.867,12,0.0499,Получил 15 тыс ₸ от 1; пороги ролей не достигнуты
100000008717341100,peripheral,0.867,12,0.0499,Получил 15 тыс ₸ от 1; пороги ролей не достигнуты
100000008755361100,peripheral,0.867,12,0.0499,Получил 15 тыс ₸ от 1; пороги ролей не достигнуты
100000003336565100,peripheral,0.856,12,0.0498,Получил 17 тыс ₸ от 1; пороги ролей не достигнуты
100000008631800100,peripheral,0.767,32,0.0498,4-е колено (обход оборван): 1 поступл. на 13 тыс ₸ от 1; P(передаёт дальше)=0.25 — порогов ролей не достигает
100000008687617100,peripheral,0.773,19,0.0498,Получил 43 тыс ₸ от 1; пороги ролей не достигнуты
100000008771627100,peripheral,0.857,12,0.0497,Получил 16 тыс ₸ от 1; пороги ролей не достигнуты
100000002546921100,peripheral,0.84,16,0.0493,Получил 20 тыс ₸ от 1; пороги ролей не достигнуты
100000006471232100,peripheral,0.776,19,0.0493,Получил 42 тыс ₸ от 1; пороги ролей не достигнуты
100000008416433100,peripheral,0.84,16,0.0493,Получил 20 тыс ₸ от 1; пороги ролей не достигнуты
100000008682426100,peripheral,0.84,16,0.0493,Получил 20 тыс ₸ от 1; пороги ролей не достигнуты
100000008473765100,peripheral,0.805,1,0.0492,Получил 30 тыс ₸ от 1; пороги ролей не достигнуты
100000008736394100,peripheral,0.859,12,0.0492,Получил 16 тыс ₸ от 1; пороги ролей не достигнуты
100000008749989100,peripheral,0.859,12,0.0492,Получил 16 тыс ₸ от 1; пороги ролей не достигнуты
100000006746688100,peripheral,0.777,19,0.0488,Получил 41 тыс ₸ от 1; пороги ролей не достигнуты
100000002645046100,peripheral,0.772,32,0.0486,4-е колено (обход оборван): 1 поступл. на 12 тыс ₸ от 1; P(передаёт дальше)=0.25 — порогов ролей не достигает
100000002876914100,peripheral,0.772,32,0.0486,4-е колено (обход оборван): 1 поступл. на 12 тыс ₸ от 1; P(передаёт дальше)=0.25 — порогов ролей не достигает
100000004780327100,peripheral,0.771,32,0.0486,4-е колено (обход оборван): 1 поступл. на 12 тыс ₸ от 1; P(передаёт дальше)=0.25 — порогов ролей не достигает
100000008687492100,peripheral,0.865,12,0.0486,Получил 15 тыс ₸ от 1; пороги ролей не достигнуты
100000000783406100,peripheral,0.9,14,0.0485,Получил 6 тыс ₸ от 1; пороги ролей не достигнуты
100000002184107100,peripheral,0.9,14,0.0485,Получил 6 тыс ₸ от 1; пороги ролей не достигнуты
100000002830055100,peripheral,0.871,12,0.0485,Получил 14 тыс ₸ от 1; пороги ролей не достигнуты
100000008663007100,peripheral,0.871,12,0.0485,Получил 14 тыс ₸ от 1; пороги ролей не достигнуты
100000001716579100,peripheral,0.871,12,0.0484,Получил 14 тыс ₸ от 1; пороги ролей не достигнуты
100000002820010100,peripheral,0.805,8,0.0482,Получил 30 тыс ₸ от 1; пороги ролей не достигнуты
100000003157333100,peripheral,0.805,8,0.0482,Получил 30 тыс ₸ от 1; пороги ролей не достигнуты
100000005661528100,peripheral,0.82,9,0.0482,Получил 25 тыс ₸ от 1; пороги ролей не достигнуты
100000003109805100,peripheral,0.787,14,0.048,Получил 37 тыс ₸ от 1; пороги ролей не достигнуты
100000002369510100,peripheral,0.786,19,0.0479,Получил 37 тыс ₸ от 1; пороги ролей не достигнуты
100000008671081100,peripheral,0.786,19,0.0479,Получил 37 тыс ₸ от 1; пороги ролей не достигнуты
100000008749405100,peripheral,0.786,19,0.0479,Получил 37 тыс ₸ от 1; пороги ролей не достигнуты
100000008695133100,peripheral,0.787,19,0.0478,Получил 37 тыс ₸ от 1; пороги ролей не достигнуты
100000008764436100,peripheral,0.877,12,0.0473,Получил 13 тыс ₸ от 1; пороги ролей не достигнуты
100000008672480100,peripheral,0.877,12,0.047,Получил 13 тыс ₸ от 1; пороги ролей не достигнуты
100000008672762100,peripheral,0.877,12,0.047,Получил 13 тыс ₸ от 1; пороги ролей не достигнуты
100000004723755100,peripheral,0.704,5,0.0465,Отдал 95 тыс ₸ 1 получ.; пороги ролей не достигнуты; seed: вход занижен
100000008667795100,peripheral,0.794,19,0.0465,Получил 34 тыс ₸ от 1; пороги ролей не достигнуты
100000008667799100,peripheral,0.794,19,0.0465,Получил 34 тыс ₸ от 1; пороги ролей не достигнуты
100000008695566100,peripheral,0.794,19,0.0464,Получил 34 тыс ₸ от 1; пороги ролей не достигнуты
100000003338583100,peripheral,0.832,24,0.0459,Получил 22 тыс ₸ от 1; пороги ролей не достигнуты
100000006894637100,peripheral,0.755,10,0.0459,Получил 53 тыс ₸ от 1; пороги ролей не достигнуты
100000002603371100,peripheral,0.9,1,0.0458,Получил 9 тыс ₸ от 1; пороги ролей не достигнуты
100000006249740100,peripheral,0.706,46,0.0457,Отдал 93 тыс ₸ 3 получ.; пороги ролей не достигнуты; seed: вход занижен
100000001325618100,peripheral,0.784,32,0.0455,4-е колено (обход оборван): 1 поступл. на 9 тыс ₸ от 1; P(передаёт дальше)=0.26 — порогов ролей не достигает
100000008684767100,peripheral,0.801,19,0.0455,Получил 31 тыс ₸ от 1; пороги ролей не достигнуты
100000008769097100,peripheral,0.801,19,0.0455,Получил 31 тыс ₸ от 1; пороги ролей не достигнуты
100000008738658100,peripheral,0.805,19,0.0452,Получил 30 тыс ₸ от 1; пороги ролей не достигнуты
100000005198498100,peripheral,0.808,19,0.0448,Получил 29 тыс ₸ от 1; пороги ролей не достигнуты
100000008507703100,peripheral,0.809,19,0.0448,Получил 28 тыс ₸ от 1; пороги ролей не достигнуты
100000004263867100,peripheral,0.784,32,0.0447,4-е колено (обход оборван): 1 поступл. на 9 тыс ₸ от 1; P(передаёт дальше)=0.26 — порогов ролей не достигает
100000004449824100,peripheral,0.784,32,0.0447,4-е колено (обход оборван): 1 поступл. на 9 тыс ₸ от 1; P(передаёт дальше)=0.26 — порогов ролей не достигает
100000008055972100,peripheral,0.81,19,0.0447,Получил 28 тыс ₸ от 1; пороги ролей не достигнуты
100000008753061100,peripheral,0.809,19,0.0447,Получил 28 тыс ₸ от 1; пороги ролей не достигнуты
100000008653041100,peripheral,0.811,19,0.0444,Получил 28 тыс ₸ от 1; пороги ролей не достигнуты
100000000625169100,peripheral,0.9,12,0.0443,Получил 10 тыс ₸ от 1; пороги ролей не достигнуты
100000008478414100,peripheral,0.9,12,0.0443,Получил 10 тыс ₸ от 1; пороги ролей не достигнуты
100000008575624100,peripheral,0.709,37,0.0443,Отдал 90 тыс ₸ 3 получ.; пороги ролей не достигнуты; seed: вход занижен
100000008716439100,peripheral,0.882,12,0.0443,Получил 12 тыс ₸ от 1; пороги ролей не достигнуты
100000002103448100,peripheral,0.814,19,0.0442,Получил 27 тыс ₸ от 1; пороги ролей не достигнуты
100000006701983100,peripheral,0.814,19,0.0442,Получил 27 тыс ₸ от 1; пороги ролей не достигнуты
100000005496254100,peripheral,0.879,1,0.0441,Получил 13 тыс ₸ от 1; пороги ролей не достигнуты
100000008690762100,peripheral,0.815,19,0.0441,Получил 27 тыс ₸ от 1; пороги ролей не достигнуты
100000005674387100,peripheral,0.816,19,0.0438,Получил 26 тыс ₸ от 1; пороги ролей не достигнуты
100000006491272100,peripheral,0.816,19,0.0438,Получил 26 тыс ₸ от 1; пороги ролей не достигнуты
100000008662216100,peripheral,0.816,19,0.0438,Получил 26 тыс ₸ от 1; пороги ролей не достигнуты
100000008671129100,peripheral,0.816,19,0.0438,Получил 26 тыс ₸ от 1; пороги ролей не достигнуты
100000008695689100,peripheral,0.816,19,0.0438,Получил 26 тыс ₸ от 1; пороги ролей не достигнуты
100000008707810100,peripheral,0.816,19,0.0438,Получил 26 тыс ₸ от 1; пороги ролей не достигнуты
100000002975287100,peripheral,0.865,4,0.0436,Получил 15 тыс ₸ от 1; пороги ролей не достигнуты
100000004634420100,peripheral,0.817,19,0.0436,Получил 26 тыс ₸ от 1; пороги ролей не достигнуты
100000008011573100,peripheral,0.865,4,0.0436,Получил 15 тыс ₸ от 1; пороги ролей не достигнуты
100000008717802100,peripheral,0.817,19,0.0436,Получил 26 тыс ₸ от 1; пороги ролей не достигнуты
100000008764654100,peripheral,0.817,19,0.0436,Получил 26 тыс ₸ от 1; пороги ролей не достигнуты
100000008776720100,peripheral,0.817,19,0.0436,Получил 26 тыс ₸ от 1; пороги ролей не достигнуты
100000000581682100,peripheral,0.712,22,0.0435,4-е колено (обход оборван): 1 поступл. на 5 тыс ₸ от 1; P(передаёт дальше)=0.42 — порогов ролей не достигает
100000003194831100,peripheral,0.715,11,0.0435,4-е колено (обход оборван): 1 поступл. на 6 тыс ₸ от 1; P(передаёт дальше)=0.41 — порогов ролей не достигает
100000001299443100,peripheral,0.783,32,0.0433,4-е колено (обход оборван): 1 поступл. на 8 тыс ₸ от 1; P(передаёт дальше)=0.26 — порогов ролей не достигает
100000008697670100,peripheral,0.819,19,0.0433,Получил 25 тыс ₸ от 1; пороги ролей не достигнуты
100000002671806100,peripheral,0.881,17,0.0431,Получил 12 тыс ₸ от 1; пороги ролей не достигнуты
100000004388209100,peripheral,0.886,12,0.0431,Получил 12 тыс ₸ от 1; пороги ролей не достигнуты
100000001745217100,peripheral,0.76,10,0.0429,Получил 50 тыс ₸ от 1; пороги ролей не достигнуты
100000008753897100,peripheral,0.824,19,0.0428,Получил 24 тыс ₸ от 1; пороги ролей не достигнуты
100000002216999100,peripheral,0.825,19,0.0427,Получил 24 тыс ₸ от 1; пороги ролей не достигнуты
100000002373386100,peripheral,0.824,19,0.0427,Получил 24 тыс ₸ от 1; пороги ролей не достигнуты
100000008029279100,peripheral,0.854,1,0.0427,Получил 17 тыс ₸ от 1; пороги ролей не достигнуты
100000008744364100,peripheral,0.825,19,0.0427,Получил 24 тыс ₸ от 1; пороги ролей не достигнуты
100000001248999100,peripheral,0.826,14,0.0426,Получил 23 тыс ₸ от 1; пороги ролей не достигнуты
100000002913340100,peripheral,0.825,19,0.0425,Получил 24 тыс ₸ от 1; пороги ролей не достигнуты
100000004493586100,peripheral,0.9,1,0.0425,Получил 8 тыс ₸ от 1; пороги ролей не достигнуты
100000008688155100,peripheral,0.825,19,0.0425,Получил 24 тыс ₸ от 1; пороги ролей не достигнуты
100000008586731100,peripheral,0.884,17,0.0421,Получил 12 тыс ₸ от 1; пороги ролей не достигнуты
100000008745863100,peripheral,0.828,19,0.042,Получил 23 тыс ₸ от 1; пороги ролей не достигнуты
100000008661550100,peripheral,0.828,19,0.0419,Получил 23 тыс ₸ от 1; пороги ролей не достигнуты
100000001155773100,peripheral,0.834,19,0.0417,Получил 22 тыс ₸ от 1; пороги ролей не достигнуты
100000008712036100,peripheral,0.836,19,0.0414,Получил 21 тыс ₸ от 1; пороги ролей не достигнуты
100000008740793100,peripheral,0.836,19,0.0414,Получил 21 тыс ₸ от 1; пороги ролей не достигнуты
100000008763688100,peripheral,0.836,19,0.0414,Получил 21 тыс ₸ от 1; пороги ролей не достигнуты
100000003005167100,peripheral,0.783,32,0.0413,4-е колено (обход оборван): 1 поступл. на 7 тыс ₸ от 1; P(передаёт дальше)=0.26 — порогов ролей не достигает
100000008751349100,peripheral,0.887,27,0.0413,Получил 12 тыс ₸ от 1; пороги ролей не достигнуты
100000001714883100,peripheral,0.783,32,0.0411,4-е колено (обход оборван): 1 поступл. на 7 тыс ₸ от 1; P(передаёт дальше)=0.26 — порогов ролей не достигает
100000005392290100,peripheral,0.718,48,0.041,Отдал 81 тыс ₸ 1 получ.; пороги ролей не достигнуты; seed: вход занижен
100000002474570100,peripheral,0.783,32,0.0406,4-е колено (обход оборван): 1 поступл. на 7 тыс ₸ от 1; P(передаёт дальше)=0.26 — порогов ролей не достигает
100000006710485100,peripheral,0.84,19,0.0406,Получил 20 тыс ₸ от 1; пороги ролей не достигнуты
100000008745884100,peripheral,0.84,19,0.0406,Получил 20 тыс ₸ от 1; пороги ролей не достигнуты
100000008776310100,peripheral,0.843,19,0.0401,Получил 19 тыс ₸ от 1; пороги ролей не достигнуты
100000004140994100,peripheral,0.846,19,0.0398,Получил 19 тыс ₸ от 1; пороги ролей не достигнуты
100000008712184100,peripheral,0.849,19,0.0397,Получил 18 тыс ₸ от 1; пороги ролей не достигнуты
100000008715887100,peripheral,0.849,19,0.0397,Получил 18 тыс ₸ от 1; пороги ролей не достигнуты
100000008754997100,peripheral,0.849,19,0.0397,Получил 18 тыс ₸ от 1; пороги ролей не достигнуты
100000002116705100,peripheral,0.851,19,0.0393,Получил 18 тыс ₸ от 1; пороги ролей не достигнуты
100000002511581100,peripheral,0.851,19,0.0393,Получил 18 тыс ₸ от 1; пороги ролей не достигнуты
100000008612257100,peripheral,0.9,4,0.0393,Получил 10 тыс ₸ от 1; пороги ролей не достигнуты
100000008687990100,peripheral,0.851,19,0.0393,Получил 18 тыс ₸ от 1; пороги ролей не достигнуты
100000008735832100,peripheral,0.851,19,0.0393,Получил 18 тыс ₸ от 1; пороги ролей не достигнуты
100000008755168100,peripheral,0.851,19,0.0393,Получил 18 тыс ₸ от 1; пороги ролей не достигнуты
100000008767950100,peripheral,0.852,19,0.0393,Получил 17 тыс ₸ от 1; пороги ролей не достигнуты
100000001498732100,peripheral,0.714,13,0.0391,4-е колено (обход оборван): 1 поступл. на 6 тыс ₸ от 1; P(передаёт дальше)=0.41 — порогов ролей не достигает
100000005588444100,peripheral,0.882,6,0.0391,Получил 12 тыс ₸ от 1; пороги ролей не достигнуты
100000001784279100,peripheral,0.79,10,0.039,Получил 36 тыс ₸ от 1; пороги ролей не достигнуты
100000004007197100,peripheral,0.9,24,0.039,Получил 10 тыс ₸ от 1; пороги ролей не достигнуты
100000002512742100,peripheral,0.782,32,0.0389,4-е колено (обход оборван): 1 поступл. на 6 тыс ₸ от 1; P(передаёт дальше)=0.26 — порогов ролей не достигает
100000002878483100,peripheral,0.782,32,0.0389,4-е колено (обход оборван): 1 поступл. на 6 тыс ₸ от 1; P(передаёт дальше)=0.26 — порогов ролей не достигает
100000005995391100,peripheral,0.853,19,0.0389,Получил 17 тыс ₸ от 1; пороги ролей не достигнуты
100000007022818100,peripheral,0.853,19,0.0389,Получил 17 тыс ₸ от 1; пороги ролей не достигнуты
100000008309514100,peripheral,0.853,19,0.0389,Получил 17 тыс ₸ от 1; пороги ролей не достигнуты
100000008684951100,peripheral,0.853,19,0.0389,Получил 17 тыс ₸ от 1; пороги ролей не достигнуты
100000008706947100,peripheral,0.853,19,0.0389,Получил 17 тыс ₸ от 1; пороги ролей не достигнуты
100000008708595100,peripheral,0.853,19,0.0389,Получил 17 тыс ₸ от 1; пороги ролей не достигнуты
100000008749900100,peripheral,0.853,19,0.0389,Получил 17 тыс ₸ от 1; пороги ролей не достигнуты
100000000287768100,peripheral,0.791,10,0.0388,Получил 35 тыс ₸ от 1; пороги ролей не достигнуты
100000000718427100,peripheral,0.9,12,0.0388,Получил 6 тыс ₸ от 1; пороги ролей не достигнуты
100000002750332100,peripheral,0.889,6,0.0388,Получил 11 тыс ₸ от 1; пороги ролей не достигнуты
100000008662805100,peripheral,0.857,19,0.0388,Получил 16 тыс ₸ от 1; пороги ролей не достигнуты
100000005847078100,peripheral,0.858,19,0.0386,Получил 16 тыс ₸ от 1; пороги ролей не достигнуты
100000008664774100,peripheral,0.858,19,0.0386,Получил 16 тыс ₸ от 1; пороги ролей не достигнуты
100000008720668100,peripheral,0.859,19,0.0384,Получил 16 тыс ₸ от 1; пороги ролей не достигнуты
100000008755580100,peripheral,0.859,19,0.0384,Получил 16 тыс ₸ от 1; пороги ролей не достигнуты
100000002986245100,peripheral,0.782,32,0.0383,4-е колено (обход оборван): 1 поступл. на 6 тыс ₸ от 1; P(передаёт дальше)=0.26 — порогов ролей не достигает
100000002999140100,peripheral,0.684,17,0.0383,4-е колено (обход оборван): 2 поступл. на 10 тыс ₸ от 1; P(передаёт дальше)=0.48 — порогов ролей не достигает
100000008668099100,peripheral,0.861,19,0.0383,Получил 16 тыс ₸ от 1; пороги ролей не достигнуты
100000008686494100,peripheral,0.861,19,0.0383,Получил 16 тыс ₸ от 1; пороги ролей не достигнуты
100000000661131100,peripheral,0.861,19,0.0382,Получил 16 тыс ₸ от 1; пороги ролей не достигнуты
100000008663723100,peripheral,0.861,19,0.0382,Получил 16 тыс ₸ от 1; пороги ролей не достигнуты
100000008687733100,peripheral,0.867,19,0.0381,Получил 15 тыс ₸ от 1; пороги ролей не достигнуты
100000008708743100,peripheral,0.862,19,0.0381,Получил 16 тыс ₸ от 1; пороги ролей не достигнуты
100000002809568100,peripheral,0.9,1,0.038,Получил 10 тыс ₸ от 1; пороги ролей не достигнуты
100000003449074100,peripheral,0.9,1,0.038,Получил 10 тыс ₸ от 1; пороги ролей не достигнуты
100000008548853100,peripheral,0.871,19,0.038,Получил 14 тыс ₸ от 1; пороги ролей не достигнуты
100000008672493100,peripheral,0.871,19,0.038,Получил 14 тыс ₸ от 1; пороги ролей не достигнуты
100000008706846100,peripheral,0.87,19,0.038,Получил 14 тыс ₸ от 1; пороги ролей не достигнуты
100000008190442100,peripheral,0.877,19,0.0379,Получил 13 тыс ₸ от 1; пороги ролей не достигнуты
100000008672200100,peripheral,0.9,12,0.0379,Получил 9 тыс ₸ от 1; пороги ролей не достигнуты
100000008688109100,peripheral,0.879,19,0.0378,Получил 13 тыс ₸ от 1; пороги ролей не достигнуты
100000004268036100,peripheral,0.782,32,0.0377,4-е колено (обход оборван): 1 поступл. на 6 тыс ₸ от 1; P(передаёт дальше)=0.26 — порогов ролей не достигает
100000002646745100,peripheral,0.882,19,0.0376,Получил 12 тыс ₸ от 1; пороги ролей не достигнуты
100000002844897100,peripheral,0.893,6,0.0376,Получил 11 тыс ₸ от 1; пороги ролей не достигнуты
100000005089460100,peripheral,0.882,19,0.0376,Получил 12 тыс ₸ от 1; пороги ролей не достигнуты
100000008716072100,peripheral,0.883,19,0.0376,Получил 12 тыс ₸ от 1; пороги ролей не достигнуты
100000008744799100,peripheral,0.88,19,0.0376,Получил 13 тыс ₸ от 1; пороги ролей не достигнуты
100000008754608100,peripheral,0.882,19,0.0376,Получил 12 тыс ₸ от 1; пороги ролей не достигнуты
100000008489604100,peripheral,0.892,19,0.0375,Получил 11 тыс ₸ от 1; пороги ролей не достигнуты
100000001149815100,peripheral,0.884,19,0.0374,Получил 12 тыс ₸ от 1; пороги ролей не достигнуты
100000002635746100,peripheral,0.782,32,0.0374,4-е колено (обход оборван): 1 поступл. на 5 тыс ₸ от 1; P(передаёт дальше)=0.26 — порогов ролей не достигает
100000008463968100,peripheral,0.9,19,0.0372,Получил 10 тыс ₸ от 1; пороги ролей не достигнуты
100000008648783100,peripheral,0.782,32,0.0372,4-е колено (обход оборван): 1 поступл. на 5 тыс ₸ от 1; P(передаёт дальше)=0.26 — порогов ролей не достигает
100000008708061100,peripheral,0.9,19,0.0369,Получил 9 тыс ₸ от 1; пороги ролей не достигнуты
100000008750464100,peripheral,0.9,19,0.0368,Получил 8 тыс ₸ от 1; пороги ролей не достигнуты
100000001590795100,peripheral,0.781,32,0.0367,4-е колено (обход оборван): 1 поступл. на 5 тыс ₸ от 1; P(передаёт дальше)=0.26 — порогов ролей не достигает
100000003986141100,peripheral,0.9,4,0.0365,Получил 5 тыс ₸ от 1; пороги ролей не достигнуты
100000008537380100,peripheral,0.9,19,0.0364,Получил 8 тыс ₸ от 1; пороги ролей не достигнуты
100000004592467100,peripheral,0.9,5,0.0359,Получил 7 тыс ₸ от 1; пороги ролей не достигнуты
100000006989232100,peripheral,0.831,10,0.0359,Получил 22 тыс ₸ от 1; пороги ролей не достигнуты
100000002346166100,peripheral,0.9,19,0.0357,Получил 6 тыс ₸ от 1; пороги ролей не достигнуты
100000008488166100,peripheral,0.9,19,0.0355,Получил 6 тыс ₸ от 1; пороги ролей не достигнуты
100000002614095100,peripheral,0.9,19,0.0353,Получил 5 тыс ₸ от 1; пороги ролей не достигнуты
100000006490557100,peripheral,0.9,6,0.0347,Получил 5 тыс ₸ от 1; пороги ролей не достигнуты
100000003377795100,peripheral,0.9,6,0.0343,Получил 7 тыс ₸ от 1; пороги ролей не достигнуты
100000004616845100,peripheral,0.629,16,0.0336,4-е колено (обход оборван): 2 поступл. на 20 тыс ₸ от 1; P(передаёт дальше)=0.50 — порогов ролей не достигает
100000008762843100,peripheral,0.783,2,0.0334,4-е колено (обход оборван): 1 поступл. на 7 тыс ₸ от 1; P(передаёт дальше)=0.26 — порогов ролей не достигает
100000008762885100,peripheral,0.783,2,0.0334,4-е колено (обход оборван): 1 поступл. на 7 тыс ₸ от 1; P(передаёт дальше)=0.26 — порогов ролей не достигает
100000004272302100,peripheral,0.717,1,0.0324,4-е колено (обход оборван): 1 поступл. на 10 тыс ₸ от 1; P(передаёт дальше)=0.41 — порогов ролей не достигает
100000008762005100,peripheral,0.781,2,0.032,4-е колено (обход оборван): 1 поступл. на 5 тыс ₸ от 1; P(передаёт дальше)=0.26 — порогов ролей не достигает
100000005146665100,peripheral,0.714,16,0.0288,4-е колено (обход оборван): 1 поступл. на 6 тыс ₸ от 1; P(передаёт дальше)=0.41 — порогов ролей не достигает
100000005543136100,peripheral,0.9,5,0.0277,Отдал 10 тыс ₸ 1 получ.; пороги ролей не достигнуты; seed: вход занижен
100000002707106100,peripheral,0.647,16,0.0268,4-е колено (обход оборван): 2 поступл. на 15 тыс ₸ от 1; P(передаёт дальше)=0.50 — порогов ролей не достигает
100000006831291100,peripheral,0.865,46,0.0266,Отдал 15 тыс ₸ 1 получ.; пороги ролей не достигнуты; seed: вход занижен
100000008654653100,peripheral,0.754,3,0.0262,Отдал 54 тыс ₸ 1 получ.; пороги ролей не достигнуты; seed: вход занижен
100000003200071100,peripheral,0.805,49,0.0248,Отдал 30 тыс ₸ 1 получ.; пороги ролей не достигнуты; seed: вход занижен
100000002916006100,peripheral,0.799,7,0.0246,Отдал 32 тыс ₸ 1 получ.; пороги ролей не достигнуты; seed: вход занижен
100000004714705100,peripheral,0.787,16,0.0242,Отдал 37 тыс ₸ 1 получ.; пороги ролей не достигнуты; seed: вход занижен
100000005744674100,peripheral,0.76,7,0.0234,Отдал 50 тыс ₸ 1 получ.; пороги ролей не достигнуты; seed: вход занижен
100000000456947100,peripheral,0.3,0,0.0093,Узел без переводов ≥5 тыс ₸ внутри банка за период: данных для роли нет; нужен запрос входящих и межбанка
100000003265658100,peripheral,0.3,0,0.0093,Узел без переводов ≥5 тыс ₸ внутри банка за период: данных для роли нет; нужен запрос входящих и межбанка
100000003349739100,peripheral,0.3,0,0.0093,Узел без переводов ≥5 тыс ₸ внутри банка за период: данных для роли нет; нужен запрос входящих и межбанка
100000003770083100,peripheral,0.3,0,0.0093,Узел без переводов ≥5 тыс ₸ внутри банка за период: данных для роли нет; нужен запрос входящих и межбанка
100000004021459100,peripheral,0.3,0,0.0093,Узел без переводов ≥5 тыс ₸ внутри банка за период: данных для роли нет; нужен запрос входящих и межбанка
100000004174835100,peripheral,0.3,0,0.0093,Узел без переводов ≥5 тыс ₸ внутри банка за период: данных для роли нет; нужен запрос входящих и межбанка
100000005017150100,peripheral,0.3,0,0.0093,Узел без переводов ≥5 тыс ₸ внутри банка за период: данных для роли нет; нужен запрос входящих и межбанка
100000005087431100,peripheral,0.3,0,0.0093,Узел без переводов ≥5 тыс ₸ внутри банка за период: данных для роли нет; нужен запрос входящих и межбанка
100000005235389100,peripheral,0.3,0,0.0093,Узел без переводов ≥5 тыс ₸ внутри банка за период: данных для роли нет; нужен запрос входящих и межбанка
100000005480435100,peripheral,0.3,0,0.0093,Узел без переводов ≥5 тыс ₸ внутри банка за период: данных для роли нет; нужен запрос входящих и межбанка
100000005495722100,peripheral,0.3,0,0.0093,Узел без переводов ≥5 тыс ₸ внутри банка за период: данных для роли нет; нужен запрос входящих и межбанка
100000005550592100,peripheral,0.3,0,0.0093,Узел без переводов ≥5 тыс ₸ внутри банка за период: данных для роли нет; нужен запрос входящих и межбанка
100000005560900100,peripheral,0.3,0,0.0093,Узел без переводов ≥5 тыс ₸ внутри банка за период: данных для роли нет; нужен запрос входящих и межбанка
100000005568407100,peripheral,0.3,0,0.0093,Узел без переводов ≥5 тыс ₸ внутри банка за период: данных для роли нет; нужен запрос входящих и межбанка
100000008117324100,peripheral,0.3,0,0.0093,Узел без переводов ≥5 тыс ₸ внутри банка за период: данных для роли нет; нужен запрос входящих и межбанка
100000008205000100,peripheral,0.3,0,0.0093,Узел без переводов ≥5 тыс ₸ внутри банка за период: данных для роли нет; нужен запрос входящих и межбанка
100000008513251100,peripheral,0.3,0,0.0093,Узел без переводов ≥5 тыс ₸ внутри банка за период: данных для роли нет; нужен запрос входящих и межбанка
100000008669037100,peripheral,0.3,0,0.0093,Узел без переводов ≥5 тыс ₸ внутри банка за период: данных для роли нет; нужен запрос входящих и межбанка
100000008701222100,peripheral,0.3,0,0.0093,Узел без переводов ≥5 тыс ₸ внутри банка за период: данных для роли нет; нужен запрос входящих и межбанка
